transaction_id,date_time,risk_score,rules_triggered,ai_reasoning,data_used,action_taken,investigator_decision,final_outcome
TXN_645395,2026-09-18 12:10:39 UTC,0.0716,No high-risk rules triggered,Model finds this transaction low risk with no strong anomaly indicators (score 0.072),"{""source"": ""transactions_a.csv"", ""channel"": ""Branch"", ""tx_type"": ""purchase"", ""currency"": ""USD"", ""amount"": 343.21, ""amount_in_usd"": 343.21}",No action (low risk cleared),Pending review,Awaiting investigator
TXN_180127,2026-09-18 12:10:39 UTC,0.9740,"Unusual hour (night, outside 06:00-22:00); Late-night online purchase",Model strongly flags this transaction due to occurred at night (score 0.974),"{""source"": ""transactions_a.csv"", ""channel"": ""POS"", ""tx_type"": ""payment"", ""currency"": ""USD"", ""amount"": 1579.26, ""amount_in_usd"": 1579.26}",Flagged for review,Pending review,Awaiting investigator
TXN_646098,2026-09-18 12:10:39 UTC,0.0108,No high-risk rules triggered,Model finds this transaction low risk with no strong anomaly indicators (score 0.011),"{""source"": ""transactions_a.csv"", ""channel"": ""POS"", ""tx_type"": ""purchase"", ""currency"": ""USD"", ""amount"": 43.65, ""amount_in_usd"": 43.65}",No action (low risk cleared),Pending review,Awaiting investigator
TXN_620511,2026-09-18 12:10:39 UTC,0.0119,No high-risk rules triggered,Model finds this transaction low risk with no strong anomaly indicators (score 0.012),"{""source"": ""transactions_a.csv"", ""channel"": ""Mobile"", ""tx_type"": ""purchase"", ""currency"": ""USD"", ""amount"": 22.6, ""amount_in_usd"": 22.6}",No action (low risk cleared),Pending review,Awaiting investigator
TXN_448726,2026-09-18 12:10:39 UTC,0.0495,No high-risk rules triggered,Model finds this transaction low risk with no strong anomaly indicators (score 0.050),"{""source"": ""transactions_a.csv"", ""channel"": ""Mobile"", ""tx_type"": ""withdrawal"", ""currency"": ""USD"", ""amount"": 111.98, ""amount_in_usd"": 111.98}",No action (low risk cleared),Pending review,Awaiting investigator
TXN_845420,2026-09-18 12:10:39 UTC,0.0612,No high-risk rules triggered,Model finds this transaction low risk with no strong anomaly indicators (score 0.061),"{""source"": ""transactions_a.csv"", ""channel"": ""Mobile"", ""tx_type"": ""withdrawal"", ""currency"": ""USD"", ""amount"": 3.96, ""amount_in_usd"": 3.96}",No action (low risk cleared),Pending review,Awaiting investigator
TXN_694425,2026-09-18 12:10:39 UTC,0.1463,No high-risk rules triggered,Model finds this transaction low risk with no strong anomaly indicators (score 0.146),"{""source"": ""transactions_a.csv"", ""channel"": ""Branch"", ""tx_type"": ""purchase"", ""currency"": ""USD"", ""amount"": 347.66, ""amount_in_usd"": 347.66}",No action (low risk cleared),Pending review,Awaiting investigator
TXN_762514,2026-09-18 12:10:39 UTC,0.1104,"Unusual hour (night, outside 06:00-22:00)",Model finds this transaction low risk due to occurred at night (score 0.110),"{""source"": ""transactions_a.csv"", ""channel"": ""ATM"", ""tx_type"": ""purchase"", ""currency"": ""USD"", ""amount"": 7.83, ""amount_in_usd"": 7.83}",No action (low risk cleared),Pending review,Awaiting investigator
TXN_250020,2026-09-18 12:10:39 UTC,0.0451,No high-risk rules triggered,Model finds this transaction low risk with no strong anomaly indicators (score 0.045),"{""source"": ""transactions_a.csv"", ""channel"": ""POS"", ""tx_type"": ""purchase"", ""currency"": ""USD"", ""amount"": 148.22, ""amount_in_usd"": 148.22}",No action (low risk cleared),Pending review,Awaiting investigator
TXN_655563,2026-09-18 12:10:39 UTC,0.0474,No high-risk rules triggered,Model finds this transaction low risk with no strong anomaly indicators (score 0.047),"{""source"": ""transactions_a.csv"", ""channel"": ""Mobile"", ""tx_type"": ""withdrawal"", ""currency"": ""USD"", ""amount"": 148.6, ""amount_in_usd"": 148.6}",No action (low risk cleared),Pending review,Awaiting investigator
TXN_195109,2026-09-18 12:10:39 UTC,0.0462,Weekend transaction,Model finds this transaction low risk due to weekend timing (score 0.046),"{""source"": ""transactions_a.csv"", ""channel"": ""POS"", ""tx_type"": ""withdrawal"", ""currency"": ""USD"", ""amount"": 9.11, ""amount_in_usd"": 9.11}",No action (low risk cleared),Pending review,Awaiting investigator
TXN_526723,2026-09-18 12:10:39 UTC,0.0216,No high-risk rules triggered,Model finds this transaction low risk with no strong anomaly indicators (score 0.022),"{""source"": ""transactions_a.csv"", ""channel"": ""POS"", ""tx_type"": ""purchase"", ""currency"": ""USD"", ""amount"": 15.52, ""amount_in_usd"": 15.52}",No action (low risk cleared),Pending review,Awaiting investigator
TXN_617694,2026-09-18 12:10:39 UTC,0.0857,"Unusual hour (night, outside 06:00-22:00)",Model finds this transaction low risk due to occurred at night (score 0.086),"{""source"": ""transactions_a.csv"", ""channel"": ""Online"", ""tx_type"": ""transfer"", ""currency"": ""USD"", ""amount"": 10.88, ""amount_in_usd"": 10.88}",No action (low risk cleared),Pending review,Awaiting investigator
TXN_144873,2026-09-18 12:10:39 UTC,0.0380,No high-risk rules triggered,Model finds this transaction low risk with no strong anomaly indicators (score 0.038),"{""source"": ""transactions_a.csv"", ""channel"": ""POS"", ""tx_type"": ""transfer"", ""currency"": ""USD"", ""amount"": 76.33, ""amount_in_usd"": 76.33}",No action (low risk cleared),Pending review,Awaiting investigator
TXN_626781,2026-09-18 12:10:39 UTC,0.0440,No high-risk rules triggered,Model finds this transaction low risk with no strong anomaly indicators (score 0.044),"{""source"": ""transactions_a.csv"", ""channel"": ""ATM"", ""tx_type"": ""purchase"", ""currency"": ""USD"", ""amount"": 11.41, ""amount_in_usd"": 11.41}",No action (low risk cleared),Pending review,Awaiting investigator
TXN_849687,2026-09-18 12:10:39 UTC,0.0483,No high-risk rules triggered,Model finds this transaction low risk with no strong anomaly indicators (score 0.048),"{""source"": ""transactions_a.csv"", ""channel"": ""Branch"", ""tx_type"": ""payment"", ""currency"": ""USD"", ""amount"": 9.43, ""amount_in_usd"": 9.43}",No action (low risk cleared),Pending review,Awaiting investigator
TXN_349607,2026-09-18 12:10:39 UTC,0.0316,No high-risk rules triggered,Model finds this transaction low risk with no strong anomaly indicators (score 0.032),"{""source"": ""transactions_a.csv"", ""channel"": ""Online"", ""tx_type"": ""transfer"", ""currency"": ""USD"", ""amount"": 32.07, ""amount_in_usd"": 32.07}",No action (low risk cleared),Pending review,Awaiting investigator
TXN_996027,2026-09-18 12:10:39 UTC,0.0569,No high-risk rules triggered,Model finds this transaction low risk with no strong anomaly indicators (score 0.057),"{""source"": ""transactions_a.csv"", ""channel"": ""POS"", ""tx_type"": ""withdrawal"", ""currency"": ""USD"", ""amount"": 154.26, ""amount_in_usd"": 154.26}",No action (low risk cleared),Pending review,Awaiting investigator
TXN_311005,2026-09-18 12:10:39 UTC,0.0233,Weekend transaction,Model finds this transaction low risk due to weekend timing (score 0.023),"{""source"": ""transactions_a.csv"", ""channel"": ""Branch"", ""tx_type"": ""purchase"", ""currency"": ""USD"", ""amount"": 19.14, ""amount_in_usd"": 19.14}",No action (low risk cleared),Pending review,Awaiting investigator
TXN_979518,2026-09-18 12:10:39 UTC,0.0391,No high-risk rules triggered,Model finds this transaction low risk with no strong anomaly indicators (score 0.039),"{""source"": ""transactions_a.csv"", ""channel"": ""Online"", ""tx_type"": ""purchase"", ""currency"": ""USD"", ""amount"": 50.43, ""amount_in_usd"": 50.43}",No action (low risk cleared),Pending review,Awaiting investigator
TXN_915833,2026-09-18 12:10:39 UTC,0.0611,No high-risk rules triggered,Model finds this transaction low risk with no strong anomaly indicators (score 0.061),"{""source"": ""transactions_a.csv"", ""channel"": ""Branch"", ""tx_type"": ""withdrawal"", ""currency"": ""USD"", ""amount"": 94.84, ""amount_in_usd"": 94.84}",No action (low risk cleared),Pending review,Awaiting investigator
TXN_263348,2026-09-18 12:10:39 UTC,0.0469,Weekend transaction,Model finds this transaction low risk due to weekend timing (score 0.047),"{""source"": ""transactions_a.csv"", ""channel"": ""Online"", ""tx_type"": ""withdrawal"", ""currency"": ""USD"", ""amount"": 13.77, ""amount_in_usd"": 13.77}",No action (low risk cleared),Pending review,Awaiting investigator
TXN_428172,2026-09-18 12:10:39 UTC,0.0591,Weekend transaction,Model finds this transaction low risk due to weekend timing (score 0.059),"{""source"": ""transactions_a.csv"", ""channel"": ""POS"", ""tx_type"": ""purchase"", ""currency"": ""USD"", ""amount"": 8.13, ""amount_in_usd"": 8.13}",No action (low risk cleared),Pending review,Awaiting investigator
TXN_126273,2026-09-18 12:10:39 UTC,0.0829,No high-risk rules triggered,Model finds this transaction low risk with no strong anomaly indicators (score 0.083),"{""source"": ""transactions_a.csv"", ""channel"": ""POS"", ""tx_type"": ""purchase"", ""currency"": ""USD"", ""amount"": 8.95, ""amount_in_usd"": 8.95}",No action (low risk cleared),Pending review,Awaiting investigator
TXN_689491,2026-09-18 12:10:39 UTC,0.0268,No high-risk rules triggered,Model finds this transaction low risk with no strong anomaly indicators (score 0.027),"{""source"": ""transactions_a.csv"", ""channel"": ""ATM"", ""tx_type"": ""purchase"", ""currency"": ""USD"", ""amount"": 30.66, ""amount_in_usd"": 30.66}",No action (low risk cleared),Pending review,Awaiting investigator
TXN_798851,2026-09-18 12:10:39 UTC,0.1257,No high-risk rules triggered,Model finds this transaction low risk with no strong anomaly indicators (score 0.126),"{""source"": ""transactions_a.csv"", ""channel"": ""ATM"", ""tx_type"": ""payment"", ""currency"": ""USD"", ""amount"": 123.94, ""amount_in_usd"": 123.94}",No action (low risk cleared),Pending review,Awaiting investigator
TXN_787022,2026-09-18 12:10:39 UTC,0.0282,No high-risk rules triggered,Model finds this transaction low risk with no strong anomaly indicators (score 0.028),"{""source"": ""transactions_a.csv"", ""channel"": ""POS"", ""tx_type"": ""purchase"", ""currency"": ""USD"", ""amount"": 26.65, ""amount_in_usd"": 26.65}",No action (low risk cleared),Pending review,Awaiting investigator
TXN_352887,2026-09-18 12:10:39 UTC,0.0314,Weekend transaction,Model finds this transaction low risk due to weekend timing (score 0.031),"{""source"": ""transactions_a.csv"", ""channel"": ""Branch"", ""tx_type"": ""payment"", ""currency"": ""USD"", ""amount"": 70.77, ""amount_in_usd"": 70.77}",No action (low risk cleared),Pending review,Awaiting investigator
TXN_316575,2026-09-18 12:10:39 UTC,0.0402,No high-risk rules triggered,Model finds this transaction low risk with no strong anomaly indicators (score 0.040),"{""source"": ""transactions_a.csv"", ""channel"": ""POS"", ""tx_type"": ""purchase"", ""currency"": ""USD"", ""amount"": 165.52, ""amount_in_usd"": 165.52}",No action (low risk cleared),Pending review,Awaiting investigator
TXN_678010,2026-09-18 12:10:39 UTC,0.0220,No high-risk rules triggered,Model finds this transaction low risk with no strong anomaly indicators (score 0.022),"{""source"": ""transactions_a.csv"", ""channel"": ""ATM"", ""tx_type"": ""purchase"", ""currency"": ""USD"", ""amount"": 23.7, ""amount_in_usd"": 23.7}",No action (low risk cleared),Pending review,Awaiting investigator
TXN_417904,2026-09-18 12:10:39 UTC,0.0347,No high-risk rules triggered,Model finds this transaction low risk with no strong anomaly indicators (score 0.035),"{""source"": ""transactions_a.csv"", ""channel"": ""Mobile"", ""tx_type"": ""purchase"", ""currency"": ""USD"", ""amount"": 59.6, ""amount_in_usd"": 59.6}",No action (low risk cleared),Pending review,Awaiting investigator
TXN_724186,2026-09-18 12:10:39 UTC,0.1178,Weekend transaction; Online + international (typical fraud vector),"Model finds this transaction low risk due to online and international, weekend timing (score 0.118)","{""source"": ""transactions_a.csv"", ""channel"": ""Online"", ""tx_type"": ""payment"", ""currency"": ""USD"", ""amount"": 290.09, ""amount_in_usd"": 290.09}",No action (low risk cleared),Pending review,Awaiting investigator
TXN_204157,2026-09-18 12:10:39 UTC,0.0218,No high-risk rules triggered,Model finds this transaction low risk with no strong anomaly indicators (score 0.022),"{""source"": ""transactions_a.csv"", ""channel"": ""Online"", ""tx_type"": ""purchase"", ""currency"": ""USD"", ""amount"": 33.84, ""amount_in_usd"": 33.84}",No action (low risk cleared),Pending review,Awaiting investigator
TXN_931331,2026-09-18 12:10:39 UTC,0.0347,No high-risk rules triggered,Model finds this transaction low risk with no strong anomaly indicators (score 0.035),"{""source"": ""transactions_a.csv"", ""channel"": ""Mobile"", ""tx_type"": ""purchase"", ""currency"": ""USD"", ""amount"": 16.39, ""amount_in_usd"": 16.39}",No action (low risk cleared),Pending review,Awaiting investigator
TXN_291874,2026-09-18 12:10:39 UTC,0.0207,No high-risk rules triggered,Model finds this transaction low risk with no strong anomaly indicators (score 0.021),"{""source"": ""transactions_a.csv"", ""channel"": ""POS"", ""tx_type"": ""payment"", ""currency"": ""USD"", ""amount"": 20.86, ""amount_in_usd"": 20.86}",No action (low risk cleared),Pending review,Awaiting investigator
TXN_844722,2026-09-18 12:10:39 UTC,0.0466,No high-risk rules triggered,Model finds this transaction low risk with no strong anomaly indicators (score 0.047),"{""source"": ""transactions_a.csv"", ""channel"": ""Online"", ""tx_type"": ""withdrawal"", ""currency"": ""USD"", ""amount"": 104.02, ""amount_in_usd"": 104.02}",No action (low risk cleared),Pending review,Awaiting investigator
TXN_593056,2026-09-18 12:10:39 UTC,0.0149,Weekend transaction,Model finds this transaction low risk due to weekend timing (score 0.015),"{""source"": ""transactions_a.csv"", ""channel"": ""Mobile"", ""tx_type"": ""purchase"", ""currency"": ""USD"", ""amount"": 48.87, ""amount_in_usd"": 48.87}",No action (low risk cleared),Pending review,Awaiting investigator
TXN_569009,2026-09-18 12:10:39 UTC,0.0169,No high-risk rules triggered,Model finds this transaction low risk with no strong anomaly indicators (score 0.017),"{""source"": ""transactions_a.csv"", ""channel"": ""Branch"", ""tx_type"": ""transfer"", ""currency"": ""USD"", ""amount"": 40.13, ""amount_in_usd"": 40.13}",No action (low risk cleared),Pending review,Awaiting investigator
TXN_455848,2026-09-18 12:10:39 UTC,0.0662,No high-risk rules triggered,Model finds this transaction low risk with no strong anomaly indicators (score 0.066),"{""source"": ""transactions_a.csv"", ""channel"": ""ATM"", ""tx_type"": ""purchase"", ""currency"": ""USD"", ""amount"": 52.96, ""amount_in_usd"": 52.96}",No action (low risk cleared),Pending review,Awaiting investigator
TXN_582217,2026-09-18 12:10:39 UTC,0.0634,No high-risk rules triggered,Model finds this transaction low risk with no strong anomaly indicators (score 0.063),"{""source"": ""transactions_a.csv"", ""channel"": ""Branch"", ""tx_type"": ""transfer"", ""currency"": ""USD"", ""amount"": 5.05, ""amount_in_usd"": 5.05}",No action (low risk cleared),Pending review,Awaiting investigator
TXN_823781,2026-09-18 12:10:39 UTC,0.0180,No high-risk rules triggered,Model finds this transaction low risk with no strong anomaly indicators (score 0.018),"{""source"": ""transactions_a.csv"", ""channel"": ""POS"", ""tx_type"": ""purchase"", ""currency"": ""USD"", ""amount"": 11.41, ""amount_in_usd"": 11.41}",No action (low risk cleared),Pending review,Awaiting investigator
TXN_210063,2026-09-18 12:10:39 UTC,0.0252,No high-risk rules triggered,Model finds this transaction low risk with no strong anomaly indicators (score 0.025),"{""source"": ""transactions_a.csv"", ""channel"": ""Mobile"", ""tx_type"": ""purchase"", ""currency"": ""USD"", ""amount"": 24.38, ""amount_in_usd"": 24.38}",No action (low risk cleared),Pending review,Awaiting investigator
TXN_733249,2026-09-18 12:10:39 UTC,0.0691,No high-risk rules triggered,Model finds this transaction low risk with no strong anomaly indicators (score 0.069),"{""source"": ""transactions_a.csv"", ""channel"": ""Online"", ""tx_type"": ""withdrawal"", ""currency"": ""USD"", ""amount"": 213.28, ""amount_in_usd"": 213.28}",No action (low risk cleared),Pending review,Awaiting investigator
TXN_586063,2026-09-18 12:10:39 UTC,0.0279,Weekend transaction,Model finds this transaction low risk due to weekend timing (score 0.028),"{""source"": ""transactions_a.csv"", ""channel"": ""Online"", ""tx_type"": ""withdrawal"", ""currency"": ""USD"", ""amount"": 21.92, ""amount_in_usd"": 21.92}",No action (low risk cleared),Pending review,Awaiting investigator
TXN_889568,2026-09-18 12:10:39 UTC,0.0461,Online + international (typical fraud vector),Model finds this transaction low risk due to online and international (score 0.046),"{""source"": ""transactions_a.csv"", ""channel"": ""POS"", ""tx_type"": ""withdrawal"", ""currency"": ""USD"", ""amount"": 11.56, ""amount_in_usd"": 11.56}",No action (low risk cleared),Pending review,Awaiting investigator
TXN_617166,2026-09-18 12:10:39 UTC,0.1969,Online + international (typical fraud vector),Model finds this transaction low risk due to online and international (score 0.197),"{""source"": ""transactions_a.csv"", ""channel"": ""ATM"", ""tx_type"": ""purchase"", ""currency"": ""USD"", ""amount"": 106.52, ""amount_in_usd"": 106.52}",No action (low risk cleared),Pending review,Awaiting investigator
TXN_157462,2026-09-18 12:10:39 UTC,0.0633,Weekend transaction,Model finds this transaction low risk due to weekend timing (score 0.063),"{""source"": ""transactions_a.csv"", ""channel"": ""ATM"", ""tx_type"": ""transfer"", ""currency"": ""USD"", ""amount"": 99.97, ""amount_in_usd"": 99.97}",No action (low risk cleared),Pending review,Awaiting investigator
TXN_937874,2026-09-18 12:10:39 UTC,0.0383,No high-risk rules triggered,Model finds this transaction low risk with no strong anomaly indicators (score 0.038),"{""source"": ""transactions_a.csv"", ""channel"": ""ATM"", ""tx_type"": ""payment"", ""currency"": ""USD"", ""amount"": 11.48, ""amount_in_usd"": 11.48}",No action (low risk cleared),Pending review,Awaiting investigator
TXN_537540,2026-09-18 12:10:39 UTC,0.0127,No high-risk rules triggered,Model finds this transaction low risk with no strong anomaly indicators (score 0.013),"{""source"": ""transactions_a.csv"", ""channel"": ""Mobile"", ""tx_type"": ""purchase"", ""currency"": ""USD"", ""amount"": 83.51, ""amount_in_usd"": 83.51}",No action (low risk cleared),Pending review,Awaiting investigator
TXN_557300,2026-09-18 12:10:39 UTC,0.0368,No high-risk rules triggered,Model finds this transaction low risk with no strong anomaly indicators (score 0.037),"{""source"": ""transactions_a.csv"", ""channel"": ""ATM"", ""tx_type"": ""purchase"", ""currency"": ""USD"", ""amount"": 42.26, ""amount_in_usd"": 42.26}",No action (low risk cleared),Pending review,Awaiting investigator
TXN_376480,2026-09-18 12:10:39 UTC,0.0567,No high-risk rules triggered,Model finds this transaction low risk with no strong anomaly indicators (score 0.057),"{""source"": ""transactions_a.csv"", ""channel"": ""ATM"", ""tx_type"": ""transfer"", ""currency"": ""USD"", ""amount"": 11.34, ""amount_in_usd"": 11.34}",No action (low risk cleared),Pending review,Awaiting investigator
TXN_314112,2026-09-18 12:10:39 UTC,0.1283,Weekend transaction,Model finds this transaction low risk due to weekend timing (score 0.128),"{""source"": ""transactions_a.csv"", ""channel"": ""ATM"", ""tx_type"": ""purchase"", ""currency"": ""USD"", ""amount"": 333.72, ""amount_in_usd"": 333.72}",No action (low risk cleared),Pending review,Awaiting investigator
TXN_958161,2026-09-18 12:10:39 UTC,0.0498,No high-risk rules triggered,Model finds this transaction low risk with no strong anomaly indicators (score 0.050),"{""source"": ""transactions_a.csv"", ""channel"": ""Branch"", ""tx_type"": ""withdrawal"", ""currency"": ""USD"", ""amount"": 160.88, ""amount_in_usd"": 160.88}",No action (low risk cleared),Pending review,Awaiting investigator
TXN_543296,2026-09-18 12:10:39 UTC,0.0569,No high-risk rules triggered,Model finds this transaction low risk with no strong anomaly indicators (score 0.057),"{""source"": ""transactions_a.csv"", ""channel"": ""Mobile"", ""tx_type"": ""payment"", ""currency"": ""USD"", ""amount"": 62.94, ""amount_in_usd"": 62.94}",No action (low risk cleared),Pending review,Awaiting investigator
TXN_554004,2026-09-18 12:10:39 UTC,0.0930,No high-risk rules triggered,Model finds this transaction low risk with no strong anomaly indicators (score 0.093),"{""source"": ""transactions_a.csv"", ""channel"": ""ATM"", ""tx_type"": ""transfer"", ""currency"": ""USD"", ""amount"": 72.82, ""amount_in_usd"": 72.82}",No action (low risk cleared),Pending review,Awaiting investigator
TXN_373968,2026-09-18 12:10:39 UTC,0.0408,Weekend transaction,Model finds this transaction low risk due to weekend timing (score 0.041),"{""source"": ""transactions_a.csv"", ""channel"": ""Online"", ""tx_type"": ""transfer"", ""currency"": ""USD"", ""amount"": 98.68, ""amount_in_usd"": 98.68}",No action (low risk cleared),Pending review,Awaiting investigator
TXN_204369,2026-09-18 12:10:39 UTC,0.0292,No high-risk rules triggered,Model finds this transaction low risk with no strong anomaly indicators (score 0.029),"{""source"": ""transactions_a.csv"", ""channel"": ""Online"", ""tx_type"": ""payment"", ""currency"": ""USD"", ""amount"": 93.86, ""amount_in_usd"": 93.86}",No action (low risk cleared),Pending review,Awaiting investigator
TXN_880668,2026-09-18 12:10:39 UTC,0.0430,Weekend transaction,Model finds this transaction low risk due to weekend timing (score 0.043),"{""source"": ""transactions_a.csv"", ""channel"": ""POS"", ""tx_type"": ""purchase"", ""currency"": ""USD"", ""amount"": 37.29, ""amount_in_usd"": 37.29}",No action (low risk cleared),Pending review,Awaiting investigator
TXN_153035,2026-09-18 12:10:39 UTC,0.8969,Weekend transaction; Online + international (typical fraud vector),"Model strongly flags this transaction due to online and international, weekend timing (score 0.897)","{""source"": ""transactions_a.csv"", ""channel"": ""Online"", ""tx_type"": ""withdrawal"", ""currency"": ""USD"", ""amount"": 414.91, ""amount_in_usd"": 414.91}",Flagged for review,Pending review,Awaiting investigator
TXN_810015,2026-09-18 12:10:39 UTC,0.0226,Weekend transaction,Model finds this transaction low risk due to weekend timing (score 0.023),"{""source"": ""transactions_a.csv"", ""channel"": ""POS"", ""tx_type"": ""transfer"", ""currency"": ""USD"", ""amount"": 18.47, ""amount_in_usd"": 18.47}",No action (low risk cleared),Pending review,Awaiting investigator
TXN_916170,2026-09-18 12:10:39 UTC,0.0154,No high-risk rules triggered,Model finds this transaction low risk with no strong anomaly indicators (score 0.015),"{""source"": ""transactions_a.csv"", ""channel"": ""Mobile"", ""tx_type"": ""payment"", ""currency"": ""USD"", ""amount"": 43.16, ""amount_in_usd"": 43.16}",No action (low risk cleared),Pending review,Awaiting investigator
TXN_987713,2026-09-18 12:10:39 UTC,0.0526,Weekend transaction,Model finds this transaction low risk due to weekend timing (score 0.053),"{""source"": ""transactions_a.csv"", ""channel"": ""Online"", ""tx_type"": ""purchase"", ""currency"": ""USD"", ""amount"": 140.9, ""amount_in_usd"": 140.9}",No action (low risk cleared),Pending review,Awaiting investigator
TXN_228647,2026-09-18 12:10:39 UTC,0.0166,No high-risk rules triggered,Model finds this transaction low risk with no strong anomaly indicators (score 0.017),"{""source"": ""transactions_a.csv"", ""channel"": ""Online"", ""tx_type"": ""transfer"", ""currency"": ""USD"", ""amount"": 26.31, ""amount_in_usd"": 26.31}",No action (low risk cleared),Pending review,Awaiting investigator
TXN_847993,2026-09-18 12:10:39 UTC,0.0461,No high-risk rules triggered,Model finds this transaction low risk with no strong anomaly indicators (score 0.046),"{""source"": ""transactions_a.csv"", ""channel"": ""Online"", ""tx_type"": ""withdrawal"", ""currency"": ""USD"", ""amount"": 6.05, ""amount_in_usd"": 6.05}",No action (low risk cleared),Pending review,Awaiting investigator
TXN_470235,2026-09-18 12:10:39 UTC,0.0300,No high-risk rules triggered,Model finds this transaction low risk with no strong anomaly indicators (score 0.030),"{""source"": ""transactions_a.csv"", ""channel"": ""Online"", ""tx_type"": ""payment"", ""currency"": ""USD"", ""amount"": 13.33, ""amount_in_usd"": 13.33}",No action (low risk cleared),Pending review,Awaiting investigator
TXN_471253,2026-09-18 12:10:39 UTC,0.0331,No high-risk rules triggered,Model finds this transaction low risk with no strong anomaly indicators (score 0.033),"{""source"": ""transactions_a.csv"", ""channel"": ""Mobile"", ""tx_type"": ""purchase"", ""currency"": ""USD"", ""amount"": 8.03, ""amount_in_usd"": 8.03}",No action (low risk cleared),Pending review,Awaiting investigator
TXN_638283,2026-09-18 12:10:39 UTC,0.9128,"Unusual hour (night, outside 06:00-22:00); Online + international (typical fraud vector); Late-night online purchase","Model strongly flags this transaction due to occurred at night, online and international (score 0.913)","{""source"": ""transactions_a.csv"", ""channel"": ""Online"", ""tx_type"": ""purchase"", ""currency"": ""USD"", ""amount"": 142.66, ""amount_in_usd"": 142.66}",Flagged for review,Pending review,Awaiting investigator
TXN_898565,2026-09-18 12:10:39 UTC,0.0496,No high-risk rules triggered,Model finds this transaction low risk with no strong anomaly indicators (score 0.050),"{""source"": ""transactions_a.csv"", ""channel"": ""ATM"", ""tx_type"": ""purchase"", ""currency"": ""USD"", ""amount"": 50.93, ""amount_in_usd"": 50.93}",No action (low risk cleared),Pending review,Awaiting investigator
TXN_418287,2026-09-18 12:10:39 UTC,0.0105,No high-risk rules triggered,Model finds this transaction low risk with no strong anomaly indicators (score 0.011),"{""source"": ""transactions_a.csv"", ""channel"": ""Online"", ""tx_type"": ""payment"", ""currency"": ""USD"", ""amount"": 33.31, ""amount_in_usd"": 33.31}",No action (low risk cleared),Pending review,Awaiting investigator
TXN_212425,2026-09-18 12:10:39 UTC,0.0364,No high-risk rules triggered,Model finds this transaction low risk with no strong anomaly indicators (score 0.036),"{""source"": ""transactions_a.csv"", ""channel"": ""POS"", ""tx_type"": ""purchase"", ""currency"": ""USD"", ""amount"": 63.74, ""amount_in_usd"": 63.74}",No action (low risk cleared),Pending review,Awaiting investigator
TXN_391700,2026-09-18 12:10:39 UTC,0.0274,No high-risk rules triggered,Model finds this transaction low risk with no strong anomaly indicators (score 0.027),"{""source"": ""transactions_a.csv"", ""channel"": ""Branch"", ""tx_type"": ""withdrawal"", ""currency"": ""USD"", ""amount"": 38.13, ""amount_in_usd"": 38.13}",No action (low risk cleared),Pending review,Awaiting investigator
TXN_395667,2026-09-18 12:10:39 UTC,0.0406,No high-risk rules triggered,Model finds this transaction low risk with no strong anomaly indicators (score 0.041),"{""source"": ""transactions_a.csv"", ""channel"": ""Online"", ""tx_type"": ""purchase"", ""currency"": ""USD"", ""amount"": 200.67, ""amount_in_usd"": 200.67}",No action (low risk cleared),Pending review,Awaiting investigator
TXN_426121,2026-09-18 12:10:39 UTC,0.0740,Weekend transaction,Model finds this transaction low risk due to weekend timing (score 0.074),"{""source"": ""transactions_a.csv"", ""channel"": ""Mobile"", ""tx_type"": ""withdrawal"", ""currency"": ""USD"", ""amount"": 3.0, ""amount_in_usd"": 3.0}",No action (low risk cleared),Pending review,Awaiting investigator
TXN_863583,2026-09-18 12:10:39 UTC,0.0095,No high-risk rules triggered,Model finds this transaction low risk with no strong anomaly indicators (score 0.009),"{""source"": ""transactions_a.csv"", ""channel"": ""Online"", ""tx_type"": ""payment"", ""currency"": ""USD"", ""amount"": 29.85, ""amount_in_usd"": 29.85}",No action (low risk cleared),Pending review,Awaiting investigator
TXN_573394,2026-09-18 12:10:39 UTC,0.0383,No high-risk rules triggered,Model finds this transaction low risk with no strong anomaly indicators (score 0.038),"{""source"": ""transactions_a.csv"", ""channel"": ""Branch"", ""tx_type"": ""transfer"", ""currency"": ""USD"", ""amount"": 23.59, ""amount_in_usd"": 23.59}",No action (low risk cleared),Pending review,Awaiting investigator
TXN_946361,2026-09-18 12:10:39 UTC,0.0451,Weekend transaction,Model finds this transaction low risk due to weekend timing (score 0.045),"{""source"": ""transactions_a.csv"", ""channel"": ""POS"", ""tx_type"": ""purchase"", ""currency"": ""USD"", ""amount"": 24.36, ""amount_in_usd"": 24.36}",No action (low risk cleared),Pending review,Awaiting investigator
TXN_367320,2026-09-18 12:10:39 UTC,0.0626,Weekend transaction,Model finds this transaction low risk due to weekend timing (score 0.063),"{""source"": ""transactions_a.csv"", ""channel"": ""ATM"", ""tx_type"": ""purchase"", ""currency"": ""USD"", ""amount"": 36.92, ""amount_in_usd"": 36.92}",No action (low risk cleared),Pending review,Awaiting investigator
TXN_873496,2026-09-18 12:10:39 UTC,0.0230,Weekend transaction,Model finds this transaction low risk due to weekend timing (score 0.023),"{""source"": ""transactions_a.csv"", ""channel"": ""Online"", ""tx_type"": ""withdrawal"", ""currency"": ""USD"", ""amount"": 13.25, ""amount_in_usd"": 13.25}",No action (low risk cleared),Pending review,Awaiting investigator
TXN_697892,2026-09-18 12:10:39 UTC,0.0160,No high-risk rules triggered,Model finds this transaction low risk with no strong anomaly indicators (score 0.016),"{""source"": ""transactions_a.csv"", ""channel"": ""Branch"", ""tx_type"": ""purchase"", ""currency"": ""USD"", ""amount"": 57.3, ""amount_in_usd"": 57.3}",No action (low risk cleared),Pending review,Awaiting investigator
TXN_106119,2026-09-18 12:10:39 UTC,0.0344,No high-risk rules triggered,Model finds this transaction low risk with no strong anomaly indicators (score 0.034),"{""source"": ""transactions_a.csv"", ""channel"": ""POS"", ""tx_type"": ""transfer"", ""currency"": ""USD"", ""amount"": 34.06, ""amount_in_usd"": 34.06}",No action (low risk cleared),Pending review,Awaiting investigator
TXN_105646,2026-09-18 12:10:39 UTC,0.0893,No high-risk rules triggered,Model finds this transaction low risk with no strong anomaly indicators (score 0.089),"{""source"": ""transactions_a.csv"", ""channel"": ""Mobile"", ""tx_type"": ""payment"", ""currency"": ""USD"", ""amount"": 141.98, ""amount_in_usd"": 141.98}",No action (low risk cleared),Pending review,Awaiting investigator
TXN_306297,2026-09-18 12:10:39 UTC,0.0517,Weekend transaction,Model finds this transaction low risk due to weekend timing (score 0.052),"{""source"": ""transactions_a.csv"", ""channel"": ""Online"", ""tx_type"": ""purchase"", ""currency"": ""USD"", ""amount"": 2.3, ""amount_in_usd"": 2.3}",No action (low risk cleared),Pending review,Awaiting investigator
TXN_388794,2026-09-18 12:10:39 UTC,0.0506,No high-risk rules triggered,Model finds this transaction low risk with no strong anomaly indicators (score 0.051),"{""source"": ""transactions_a.csv"", ""channel"": ""Online"", ""tx_type"": ""purchase"", ""currency"": ""USD"", ""amount"": 55.62, ""amount_in_usd"": 55.62}",No action (low risk cleared),Pending review,Awaiting investigator
TXN_555244,2026-09-18 12:10:39 UTC,0.0294,No high-risk rules triggered,Model finds this transaction low risk with no strong anomaly indicators (score 0.029),"{""source"": ""transactions_a.csv"", ""channel"": ""Online"", ""tx_type"": ""payment"", ""currency"": ""USD"", ""amount"": 18.96, ""amount_in_usd"": 18.96}",No action (low risk cleared),Pending review,Awaiting investigator
TXN_183937,2026-09-18 12:10:39 UTC,0.0255,Weekend transaction,Model finds this transaction low risk due to weekend timing (score 0.025),"{""source"": ""transactions_a.csv"", ""channel"": ""Mobile"", ""tx_type"": ""purchase"", ""currency"": ""USD"", ""amount"": 9.1, ""amount_in_usd"": 9.1}",No action (low risk cleared),Pending review,Awaiting investigator
TXN_475732,2026-09-18 12:10:39 UTC,0.0289,No high-risk rules triggered,Model finds this transaction low risk with no strong anomaly indicators (score 0.029),"{""source"": ""transactions_a.csv"", ""channel"": ""Branch"", ""tx_type"": ""withdrawal"", ""currency"": ""USD"", ""amount"": 15.78, ""amount_in_usd"": 15.78}",No action (low risk cleared),Pending review,Awaiting investigator
TXN_495522,2026-09-18 12:10:39 UTC,0.0259,No high-risk rules triggered,Model finds this transaction low risk with no strong anomaly indicators (score 0.026),"{""source"": ""transactions_a.csv"", ""channel"": ""Online"", ""tx_type"": ""transfer"", ""currency"": ""USD"", ""amount"": 37.76, ""amount_in_usd"": 37.76}",No action (low risk cleared),Pending review,Awaiting investigator
TXN_435222,2026-09-18 12:10:39 UTC,0.0321,No high-risk rules triggered,Model finds this transaction low risk with no strong anomaly indicators (score 0.032),"{""source"": ""transactions_a.csv"", ""channel"": ""Mobile"", ""tx_type"": ""transfer"", ""currency"": ""USD"", ""amount"": 7.59, ""amount_in_usd"": 7.59}",No action (low risk cleared),Pending review,Awaiting investigator
TXN_127919,2026-09-18 12:10:39 UTC,0.0134,No high-risk rules triggered,Model finds this transaction low risk with no strong anomaly indicators (score 0.013),"{""source"": ""transactions_a.csv"", ""channel"": ""Online"", ""tx_type"": ""transfer"", ""currency"": ""USD"", ""amount"": 26.5, ""amount_in_usd"": 26.5}",No action (low risk cleared),Pending review,Awaiting investigator
TXN_471899,2026-09-18 12:10:39 UTC,0.0174,No high-risk rules triggered,Model finds this transaction low risk with no strong anomaly indicators (score 0.017),"{""source"": ""transactions_a.csv"", ""channel"": ""Online"", ""tx_type"": ""transfer"", ""currency"": ""USD"", ""amount"": 34.28, ""amount_in_usd"": 34.28}",No action (low risk cleared),Pending review,Awaiting investigator
TXN_992522,2026-09-18 12:10:39 UTC,0.0411,No high-risk rules triggered,Model finds this transaction low risk with no strong anomaly indicators (score 0.041),"{""source"": ""transactions_a.csv"", ""channel"": ""Online"", ""tx_type"": ""transfer"", ""currency"": ""USD"", ""amount"": 148.56, ""amount_in_usd"": 148.56}",No action (low risk cleared),Pending review,Awaiting investigator
TXN_927186,2026-09-18 12:10:39 UTC,0.0473,No high-risk rules triggered,Model finds this transaction low risk with no strong anomaly indicators (score 0.047),"{""source"": ""transactions_a.csv"", ""channel"": ""Mobile"", ""tx_type"": ""withdrawal"", ""currency"": ""USD"", ""amount"": 70.42, ""amount_in_usd"": 70.42}",No action (low risk cleared),Pending review,Awaiting investigator
TXN_830083,2026-09-18 12:10:39 UTC,0.0518,No high-risk rules triggered,Model finds this transaction low risk with no strong anomaly indicators (score 0.052),"{""source"": ""transactions_a.csv"", ""channel"": ""POS"", ""tx_type"": ""withdrawal"", ""currency"": ""USD"", ""amount"": 95.66, ""amount_in_usd"": 95.66}",No action (low risk cleared),Pending review,Awaiting investigator
TXN_202941,2026-09-18 12:10:39 UTC,0.0474,No high-risk rules triggered,Model finds this transaction low risk with no strong anomaly indicators (score 0.047),"{""source"": ""transactions_a.csv"", ""channel"": ""Online"", ""tx_type"": ""purchase"", ""currency"": ""USD"", ""amount"": 12.48, ""amount_in_usd"": 12.48}",No action (low risk cleared),Pending review,Awaiting investigator
TXN_378501,2026-09-18 12:10:39 UTC,0.0339,No high-risk rules triggered,Model finds this transaction low risk with no strong anomaly indicators (score 0.034),"{""source"": ""transactions_a.csv"", ""channel"": ""Online"", ""tx_type"": ""payment"", ""currency"": ""USD"", ""amount"": 4.79, ""amount_in_usd"": 4.79}",No action (low risk cleared),Pending review,Awaiting investigator
TXN_322700,2026-09-18 12:10:39 UTC,0.0755,No high-risk rules triggered,Model finds this transaction low risk with no strong anomaly indicators (score 0.075),"{""source"": ""transactions_a.csv"", ""channel"": ""POS"", ""tx_type"": ""transfer"", ""currency"": ""USD"", ""amount"": 192.93, ""amount_in_usd"": 192.93}",No action (low risk cleared),Pending review,Awaiting investigator
TXN_739817,2026-09-18 12:10:39 UTC,0.0420,No high-risk rules triggered,Model finds this transaction low risk with no strong anomaly indicators (score 0.042),"{""source"": ""transactions_a.csv"", ""channel"": ""POS"", ""tx_type"": ""payment"", ""currency"": ""USD"", ""amount"": 24.12, ""amount_in_usd"": 24.12}",No action (low risk cleared),Pending review,Awaiting investigator
TXN_118526,2026-09-18 12:10:39 UTC,0.0401,No high-risk rules triggered,Model finds this transaction low risk with no strong anomaly indicators (score 0.040),"{""source"": ""transactions_a.csv"", ""channel"": ""POS"", ""tx_type"": ""payment"", ""currency"": ""USD"", ""amount"": 64.72, ""amount_in_usd"": 64.72}",No action (low risk cleared),Pending review,Awaiting investigator
TXN_384905,2026-09-18 12:10:39 UTC,0.0118,No high-risk rules triggered,Model finds this transaction low risk with no strong anomaly indicators (score 0.012),"{""source"": ""transactions_a.csv"", ""channel"": ""Online"", ""tx_type"": ""purchase"", ""currency"": ""USD"", ""amount"": 19.4, ""amount_in_usd"": 19.4}",No action (low risk cleared),Pending review,Awaiting investigator
TXN_341118,2026-09-18 12:10:39 UTC,0.0327,Late-night online purchase,Model finds this transaction low risk with no strong anomaly indicators (score 0.033),"{""source"": ""transactions_a.csv"", ""channel"": ""Mobile"", ""tx_type"": ""purchase"", ""currency"": ""USD"", ""amount"": 15.0, ""amount_in_usd"": 15.0}",No action (low risk cleared),Pending review,Awaiting investigator
TXN_904757,2026-09-18 12:10:39 UTC,0.0527,No high-risk rules triggered,Model finds this transaction low risk with no strong anomaly indicators (score 0.053),"{""source"": ""transactions_a.csv"", ""channel"": ""ATM"", ""tx_type"": ""withdrawal"", ""currency"": ""USD"", ""amount"": 22.08, ""amount_in_usd"": 22.08}",No action (low risk cleared),Pending review,Awaiting investigator
TXN_122829,2026-09-18 12:10:39 UTC,0.0395,No high-risk rules triggered,Model finds this transaction low risk with no strong anomaly indicators (score 0.040),"{""source"": ""transactions_a.csv"", ""channel"": ""Mobile"", ""tx_type"": ""transfer"", ""currency"": ""USD"", ""amount"": 18.88, ""amount_in_usd"": 18.88}",No action (low risk cleared),Pending review,Awaiting investigator
TXN_961155,2026-09-18 12:10:39 UTC,0.0348,No high-risk rules triggered,Model finds this transaction low risk with no strong anomaly indicators (score 0.035),"{""source"": ""transactions_a.csv"", ""channel"": ""POS"", ""tx_type"": ""purchase"", ""currency"": ""USD"", ""amount"": 10.5, ""amount_in_usd"": 10.5}",No action (low risk cleared),Pending review,Awaiting investigator
TXN_551550,2026-09-18 12:10:39 UTC,0.0452,Weekend transaction,Model finds this transaction low risk due to weekend timing (score 0.045),"{""source"": ""transactions_a.csv"", ""channel"": ""ATM"", ""tx_type"": ""transfer"", ""currency"": ""USD"", ""amount"": 56.03, ""amount_in_usd"": 56.03}",No action (low risk cleared),Pending review,Awaiting investigator
TXN_827501,2026-09-18 12:10:39 UTC,0.0385,No high-risk rules triggered,Model finds this transaction low risk with no strong anomaly indicators (score 0.038),"{""source"": ""transactions_a.csv"", ""channel"": ""Online"", ""tx_type"": ""transfer"", ""currency"": ""USD"", ""amount"": 46.82, ""amount_in_usd"": 46.82}",No action (low risk cleared),Pending review,Awaiting investigator
TXN_856802,2026-09-18 12:10:39 UTC,0.0230,Weekend transaction,Model finds this transaction low risk due to weekend timing (score 0.023),"{""source"": ""transactions_a.csv"", ""channel"": ""Online"", ""tx_type"": ""payment"", ""currency"": ""USD"", ""amount"": 50.55, ""amount_in_usd"": 50.55}",No action (low risk cleared),Pending review,Awaiting investigator
TXN_130948,2026-09-18 12:10:39 UTC,0.0385,Weekend transaction,Model finds this transaction low risk due to weekend timing (score 0.038),"{""source"": ""transactions_a.csv"", ""channel"": ""Mobile"", ""tx_type"": ""payment"", ""currency"": ""USD"", ""amount"": 23.97, ""amount_in_usd"": 23.97}",No action (low risk cleared),Pending review,Awaiting investigator
TXN_764646,2026-09-18 12:10:39 UTC,0.0476,Weekend transaction,Model finds this transaction low risk due to weekend timing (score 0.048),"{""source"": ""transactions_a.csv"", ""channel"": ""Mobile"", ""tx_type"": ""purchase"", ""currency"": ""USD"", ""amount"": 80.51, ""amount_in_usd"": 80.51}",No action (low risk cleared),Pending review,Awaiting investigator
TXN_230411,2026-09-18 12:10:39 UTC,0.0252,No high-risk rules triggered,Model finds this transaction low risk with no strong anomaly indicators (score 0.025),"{""source"": ""transactions_a.csv"", ""channel"": ""Mobile"", ""tx_type"": ""purchase"", ""currency"": ""USD"", ""amount"": 61.79, ""amount_in_usd"": 61.79}",No action (low risk cleared),Pending review,Awaiting investigator
TXN_963040,2026-09-18 12:10:39 UTC,0.0186,No high-risk rules triggered,Model finds this transaction low risk with no strong anomaly indicators (score 0.019),"{""source"": ""transactions_a.csv"", ""channel"": ""POS"", ""tx_type"": ""transfer"", ""currency"": ""USD"", ""amount"": 19.42, ""amount_in_usd"": 19.42}",No action (low risk cleared),Pending review,Awaiting investigator
TXN_627735,2026-09-18 12:10:39 UTC,0.0218,No high-risk rules triggered,Model finds this transaction low risk with no strong anomaly indicators (score 0.022),"{""source"": ""transactions_a.csv"", ""channel"": ""Online"", ""tx_type"": ""transfer"", ""currency"": ""USD"", ""amount"": 17.34, ""amount_in_usd"": 17.34}",No action (low risk cleared),Pending review,Awaiting investigator
TXN_735201,2026-09-18 12:10:39 UTC,0.0294,No high-risk rules triggered,Model finds this transaction low risk with no strong anomaly indicators (score 0.029),"{""source"": ""transactions_a.csv"", ""channel"": ""Mobile"", ""tx_type"": ""transfer"", ""currency"": ""USD"", ""amount"": 6.2, ""amount_in_usd"": 6.2}",No action (low risk cleared),Pending review,Awaiting investigator
TXN_291892,2026-09-18 12:10:39 UTC,0.1430,No high-risk rules triggered,Model finds this transaction low risk with no strong anomaly indicators (score 0.143),"{""source"": ""transactions_a.csv"", ""channel"": ""Branch"", ""tx_type"": ""purchase"", ""currency"": ""USD"", ""amount"": 180.33, ""amount_in_usd"": 180.33}",No action (low risk cleared),Pending review,Awaiting investigator
TXN_871731,2026-09-18 12:10:39 UTC,0.0757,Weekend transaction,Model finds this transaction low risk due to weekend timing (score 0.076),"{""source"": ""transactions_a.csv"", ""channel"": ""ATM"", ""tx_type"": ""withdrawal"", ""currency"": ""USD"", ""amount"": 70.62, ""amount_in_usd"": 70.62}",No action (low risk cleared),Pending review,Awaiting investigator
TXN_677044,2026-09-18 12:10:39 UTC,0.0508,Online + international (typical fraud vector),Model finds this transaction low risk due to online and international (score 0.051),"{""source"": ""transactions_a.csv"", ""channel"": ""Online"", ""tx_type"": ""payment"", ""currency"": ""USD"", ""amount"": 42.49, ""amount_in_usd"": 42.49}",No action (low risk cleared),Pending review,Awaiting investigator
TXN_342885,2026-09-18 12:10:39 UTC,0.0593,Online + international (typical fraud vector),Model finds this transaction low risk due to online and international (score 0.059),"{""source"": ""transactions_a.csv"", ""channel"": ""Mobile"", ""tx_type"": ""transfer"", ""currency"": ""USD"", ""amount"": 13.48, ""amount_in_usd"": 13.48}",No action (low risk cleared),Pending review,Awaiting investigator
TXN_446695,2026-09-18 12:10:39 UTC,0.0421,No high-risk rules triggered,Model finds this transaction low risk with no strong anomaly indicators (score 0.042),"{""source"": ""transactions_a.csv"", ""channel"": ""Mobile"", ""tx_type"": ""purchase"", ""currency"": ""USD"", ""amount"": 10.62, ""amount_in_usd"": 10.62}",No action (low risk cleared),Pending review,Awaiting investigator
TXN_597593,2026-09-18 12:10:39 UTC,0.0290,No high-risk rules triggered,Model finds this transaction low risk with no strong anomaly indicators (score 0.029),"{""source"": ""transactions_a.csv"", ""channel"": ""Mobile"", ""tx_type"": ""purchase"", ""currency"": ""USD"", ""amount"": 108.9, ""amount_in_usd"": 108.9}",No action (low risk cleared),Pending review,Awaiting investigator
TXN_842792,2026-09-18 12:10:39 UTC,0.2373,"Unusual hour (night, outside 06:00-22:00); Online + international (typical fraud vector); Late-night online purchase","Model finds this transaction low risk due to occurred at night, online and international (score 0.237)","{""source"": ""transactions_a.csv"", ""channel"": ""Mobile"", ""tx_type"": ""transfer"", ""currency"": ""USD"", ""amount"": 499.25, ""amount_in_usd"": 499.25}",No action (low risk cleared),Pending review,Awaiting investigator
TXN_847789,2026-09-18 12:10:39 UTC,0.0085,No high-risk rules triggered,Model finds this transaction low risk with no strong anomaly indicators (score 0.009),"{""source"": ""transactions_a.csv"", ""channel"": ""Mobile"", ""tx_type"": ""transfer"", ""currency"": ""USD"", ""amount"": 13.63, ""amount_in_usd"": 13.63}",No action (low risk cleared),Pending review,Awaiting investigator
TXN_664899,2026-09-18 12:10:39 UTC,0.0265,Weekend transaction,Model finds this transaction low risk due to weekend timing (score 0.026),"{""source"": ""transactions_a.csv"", ""channel"": ""POS"", ""tx_type"": ""withdrawal"", ""currency"": ""USD"", ""amount"": 22.0, ""amount_in_usd"": 22.0}",No action (low risk cleared),Pending review,Awaiting investigator
TXN_415020,2026-09-18 12:10:39 UTC,0.0240,Weekend transaction,Model finds this transaction low risk due to weekend timing (score 0.024),"{""source"": ""transactions_a.csv"", ""channel"": ""Online"", ""tx_type"": ""transfer"", ""currency"": ""USD"", ""amount"": 23.83, ""amount_in_usd"": 23.83}",No action (low risk cleared),Pending review,Awaiting investigator
TXN_180171,2026-09-18 12:10:39 UTC,0.0450,No high-risk rules triggered,Model finds this transaction low risk with no strong anomaly indicators (score 0.045),"{""source"": ""transactions_a.csv"", ""channel"": ""POS"", ""tx_type"": ""withdrawal"", ""currency"": ""USD"", ""amount"": 119.78, ""amount_in_usd"": 119.78}",No action (low risk cleared),Pending review,Awaiting investigator
TXN_681989,2026-09-18 12:10:39 UTC,0.0199,No high-risk rules triggered,Model finds this transaction low risk with no strong anomaly indicators (score 0.020),"{""source"": ""transactions_a.csv"", ""channel"": ""Online"", ""tx_type"": ""purchase"", ""currency"": ""USD"", ""amount"": 54.66, ""amount_in_usd"": 54.66}",No action (low risk cleared),Pending review,Awaiting investigator
TXN_110509,2026-09-18 12:10:39 UTC,0.0194,No high-risk rules triggered,Model finds this transaction low risk with no strong anomaly indicators (score 0.019),"{""source"": ""transactions_a.csv"", ""channel"": ""Online"", ""tx_type"": ""purchase"", ""currency"": ""USD"", ""amount"": 21.03, ""amount_in_usd"": 21.03}",No action (low risk cleared),Pending review,Awaiting investigator
TXN_627241,2026-09-18 12:10:39 UTC,0.0524,Weekend transaction,Model finds this transaction low risk due to weekend timing (score 0.052),"{""source"": ""transactions_a.csv"", ""channel"": ""ATM"", ""tx_type"": ""purchase"", ""currency"": ""USD"", ""amount"": 85.76, ""amount_in_usd"": 85.76}",No action (low risk cleared),Pending review,Awaiting investigator
TXN_210123,2026-09-18 12:10:39 UTC,0.0332,No high-risk rules triggered,Model finds this transaction low risk with no strong anomaly indicators (score 0.033),"{""source"": ""transactions_a.csv"", ""channel"": ""Mobile"", ""tx_type"": ""payment"", ""currency"": ""USD"", ""amount"": 6.68, ""amount_in_usd"": 6.68}",No action (low risk cleared),Pending review,Awaiting investigator
TXN_831822,2026-09-18 12:10:39 UTC,0.0527,No high-risk rules triggered,Model finds this transaction low risk with no strong anomaly indicators (score 0.053),"{""source"": ""transactions_a.csv"", ""channel"": ""POS"", ""tx_type"": ""payment"", ""currency"": ""USD"", ""amount"": 119.98, ""amount_in_usd"": 119.98}",No action (low risk cleared),Pending review,Awaiting investigator
TXN_202162,2026-09-18 12:10:39 UTC,0.0263,No high-risk rules triggered,Model finds this transaction low risk with no strong anomaly indicators (score 0.026),"{""source"": ""transactions_a.csv"", ""channel"": ""Mobile"", ""tx_type"": ""withdrawal"", ""currency"": ""USD"", ""amount"": 37.55, ""amount_in_usd"": 37.55}",No action (low risk cleared),Pending review,Awaiting investigator
TXN_631666,2026-09-18 12:10:39 UTC,0.0248,No high-risk rules triggered,Model finds this transaction low risk with no strong anomaly indicators (score 0.025),"{""source"": ""transactions_a.csv"", ""channel"": ""Online"", ""tx_type"": ""withdrawal"", ""currency"": ""USD"", ""amount"": 54.03, ""amount_in_usd"": 54.03}",No action (low risk cleared),Pending review,Awaiting investigator
TXN_451068,2026-09-18 12:10:39 UTC,0.0242,Weekend transaction,Model finds this transaction low risk due to weekend timing (score 0.024),"{""source"": ""transactions_a.csv"", ""channel"": ""POS"", ""tx_type"": ""purchase"", ""currency"": ""USD"", ""amount"": 88.87, ""amount_in_usd"": 88.87}",No action (low risk cleared),Pending review,Awaiting investigator
TXN_303175,2026-09-18 12:10:39 UTC,0.0289,No high-risk rules triggered,Model finds this transaction low risk with no strong anomaly indicators (score 0.029),"{""source"": ""transactions_a.csv"", ""channel"": ""POS"", ""tx_type"": ""withdrawal"", ""currency"": ""USD"", ""amount"": 17.85, ""amount_in_usd"": 17.85}",No action (low risk cleared),Pending review,Awaiting investigator
TXN_897189,2026-09-18 12:10:39 UTC,0.0265,Weekend transaction,Model finds this transaction low risk due to weekend timing (score 0.026),"{""source"": ""transactions_a.csv"", ""channel"": ""Online"", ""tx_type"": ""transfer"", ""currency"": ""USD"", ""amount"": 113.19, ""amount_in_usd"": 113.19}",No action (low risk cleared),Pending review,Awaiting investigator
TXN_716476,2026-09-18 12:10:39 UTC,0.0505,No high-risk rules triggered,Model finds this transaction low risk with no strong anomaly indicators (score 0.051),"{""source"": ""transactions_a.csv"", ""channel"": ""ATM"", ""tx_type"": ""transfer"", ""currency"": ""USD"", ""amount"": 59.53, ""amount_in_usd"": 59.53}",No action (low risk cleared),Pending review,Awaiting investigator
TXN_100791,2026-09-18 12:10:40 UTC,0.0338,No high-risk rules triggered,Model finds this transaction low risk with no strong anomaly indicators (score 0.034),"{""source"": ""transactions_a.csv"", ""channel"": ""POS"", ""tx_type"": ""transfer"", ""currency"": ""USD"", ""amount"": 9.15, ""amount_in_usd"": 9.15}",No action (low risk cleared),Pending review,Awaiting investigator
TXN_837753,2026-09-18 12:10:40 UTC,0.0564,No high-risk rules triggered,Model finds this transaction low risk with no strong anomaly indicators (score 0.056),"{""source"": ""transactions_a.csv"", ""channel"": ""Branch"", ""tx_type"": ""purchase"", ""currency"": ""USD"", ""amount"": 42.96, ""amount_in_usd"": 42.96}",No action (low risk cleared),Pending review,Awaiting investigator
TXN_604573,2026-09-18 12:10:40 UTC,0.0881,Weekend transaction,Model finds this transaction low risk due to weekend timing (score 0.088),"{""source"": ""transactions_a.csv"", ""channel"": ""Branch"", ""tx_type"": ""transfer"", ""currency"": ""USD"", ""amount"": 1.26, ""amount_in_usd"": 1.26}",No action (low risk cleared),Pending review,Awaiting investigator
TXN_657902,2026-09-18 12:10:40 UTC,0.0260,No high-risk rules triggered,Model finds this transaction low risk with no strong anomaly indicators (score 0.026),"{""source"": ""transactions_a.csv"", ""channel"": ""POS"", ""tx_type"": ""purchase"", ""currency"": ""USD"", ""amount"": 127.76, ""amount_in_usd"": 127.76}",No action (low risk cleared),Pending review,Awaiting investigator
TXN_694302,2026-09-18 12:10:40 UTC,0.0172,No high-risk rules triggered,Model finds this transaction low risk with no strong anomaly indicators (score 0.017),"{""source"": ""transactions_a.csv"", ""channel"": ""POS"", ""tx_type"": ""purchase"", ""currency"": ""USD"", ""amount"": 32.24, ""amount_in_usd"": 32.24}",No action (low risk cleared),Pending review,Awaiting investigator
TXN_799547,2026-09-18 12:10:40 UTC,0.0292,No high-risk rules triggered,Model finds this transaction low risk with no strong anomaly indicators (score 0.029),"{""source"": ""transactions_a.csv"", ""channel"": ""ATM"", ""tx_type"": ""purchase"", ""currency"": ""USD"", ""amount"": 15.13, ""amount_in_usd"": 15.13}",No action (low risk cleared),Pending review,Awaiting investigator
TXN_376662,2026-09-18 12:10:40 UTC,0.0386,No high-risk rules triggered,Model finds this transaction low risk with no strong anomaly indicators (score 0.039),"{""source"": ""transactions_a.csv"", ""channel"": ""Online"", ""tx_type"": ""transfer"", ""currency"": ""USD"", ""amount"": 200.37, ""amount_in_usd"": 200.37}",No action (low risk cleared),Pending review,Awaiting investigator
TXN_513861,2026-09-18 12:10:40 UTC,0.0300,No high-risk rules triggered,Model finds this transaction low risk with no strong anomaly indicators (score 0.030),"{""source"": ""transactions_a.csv"", ""channel"": ""POS"", ""tx_type"": ""withdrawal"", ""currency"": ""USD"", ""amount"": 14.67, ""amount_in_usd"": 14.67}",No action (low risk cleared),Pending review,Awaiting investigator
TXN_519086,2026-09-18 12:10:40 UTC,0.0562,No high-risk rules triggered,Model finds this transaction low risk with no strong anomaly indicators (score 0.056),"{""source"": ""transactions_a.csv"", ""channel"": ""Mobile"", ""tx_type"": ""purchase"", ""currency"": ""USD"", ""amount"": 6.69, ""amount_in_usd"": 6.69}",No action (low risk cleared),Pending review,Awaiting investigator
TXN_106972,2026-09-18 12:10:40 UTC,0.0823,No high-risk rules triggered,Model finds this transaction low risk with no strong anomaly indicators (score 0.082),"{""source"": ""transactions_a.csv"", ""channel"": ""ATM"", ""tx_type"": ""purchase"", ""currency"": ""USD"", ""amount"": 306.74, ""amount_in_usd"": 306.74}",No action (low risk cleared),Pending review,Awaiting investigator
TXN_299876,2026-09-18 12:10:40 UTC,0.0925,"Unusual hour (night, outside 06:00-22:00)",Model finds this transaction low risk due to occurred at night (score 0.092),"{""source"": ""transactions_a.csv"", ""channel"": ""Mobile"", ""tx_type"": ""payment"", ""currency"": ""USD"", ""amount"": 27.09, ""amount_in_usd"": 27.09}",No action (low risk cleared),Pending review,Awaiting investigator
TXN_856363,2026-09-18 12:10:40 UTC,0.0184,No high-risk rules triggered,Model finds this transaction low risk with no strong anomaly indicators (score 0.018),"{""source"": ""transactions_a.csv"", ""channel"": ""ATM"", ""tx_type"": ""purchase"", ""currency"": ""USD"", ""amount"": 33.53, ""amount_in_usd"": 33.53}",No action (low risk cleared),Pending review,Awaiting investigator
TXN_426334,2026-09-18 12:10:40 UTC,0.0653,No high-risk rules triggered,Model finds this transaction low risk with no strong anomaly indicators (score 0.065),"{""source"": ""transactions_a.csv"", ""channel"": ""Mobile"", ""tx_type"": ""withdrawal"", ""currency"": ""USD"", ""amount"": 80.13, ""amount_in_usd"": 80.13}",No action (low risk cleared),Pending review,Awaiting investigator
TXN_166340,2026-09-18 12:10:40 UTC,0.0598,Weekend transaction,Model finds this transaction low risk due to weekend timing (score 0.060),"{""source"": ""transactions_a.csv"", ""channel"": ""Mobile"", ""tx_type"": ""purchase"", ""currency"": ""USD"", ""amount"": 75.37, ""amount_in_usd"": 75.37}",No action (low risk cleared),Pending review,Awaiting investigator
TXN_415113,2026-09-18 12:10:40 UTC,0.0235,Weekend transaction,Model finds this transaction low risk due to weekend timing (score 0.024),"{""source"": ""transactions_a.csv"", ""channel"": ""ATM"", ""tx_type"": ""purchase"", ""currency"": ""USD"", ""amount"": 42.89, ""amount_in_usd"": 42.89}",No action (low risk cleared),Pending review,Awaiting investigator
TXN_802578,2026-09-18 12:10:40 UTC,0.0395,Weekend transaction,Model finds this transaction low risk due to weekend timing (score 0.040),"{""source"": ""transactions_a.csv"", ""channel"": ""POS"", ""tx_type"": ""purchase"", ""currency"": ""USD"", ""amount"": 82.16, ""amount_in_usd"": 82.16}",No action (low risk cleared),Pending review,Awaiting investigator
TXN_260961,2026-09-18 12:10:40 UTC,0.0477,Online + international (typical fraud vector),Model finds this transaction low risk due to online and international (score 0.048),"{""source"": ""transactions_a.csv"", ""channel"": ""Online"", ""tx_type"": ""purchase"", ""currency"": ""USD"", ""amount"": 64.45, ""amount_in_usd"": 64.45}",No action (low risk cleared),Pending review,Awaiting investigator
TXN_647036,2026-09-18 12:10:40 UTC,0.0311,No high-risk rules triggered,Model finds this transaction low risk with no strong anomaly indicators (score 0.031),"{""source"": ""transactions_a.csv"", ""channel"": ""Online"", ""tx_type"": ""transfer"", ""currency"": ""USD"", ""amount"": 19.05, ""amount_in_usd"": 19.05}",No action (low risk cleared),Pending review,Awaiting investigator
TXN_539062,2026-09-18 12:10:40 UTC,0.9587,"Unusual hour (night, outside 06:00-22:00); Weekend transaction; Transaction drove balance negative","Model strongly flags this transaction due to occurred at night, left balance negative, weekend timing (score 0.959)","{""source"": ""transactions_a.csv"", ""channel"": ""Online"", ""tx_type"": ""purchase"", ""currency"": ""USD"", ""amount"": 2070.32, ""amount_in_usd"": 2070.32}",Flagged for review,Pending review,Awaiting investigator
TXN_400527,2026-09-18 12:10:40 UTC,0.0714,No high-risk rules triggered,Model finds this transaction low risk with no strong anomaly indicators (score 0.071),"{""source"": ""transactions_a.csv"", ""channel"": ""ATM"", ""tx_type"": ""withdrawal"", ""currency"": ""USD"", ""amount"": 290.48, ""amount_in_usd"": 290.48}",No action (low risk cleared),Pending review,Awaiting investigator
TXN_350018,2026-09-18 12:10:40 UTC,0.0565,Weekend transaction,Model finds this transaction low risk due to weekend timing (score 0.057),"{""source"": ""transactions_a.csv"", ""channel"": ""Mobile"", ""tx_type"": ""purchase"", ""currency"": ""USD"", ""amount"": 51.25, ""amount_in_usd"": 51.25}",No action (low risk cleared),Pending review,Awaiting investigator
TXN_339181,2026-09-18 12:10:40 UTC,0.0759,No high-risk rules triggered,Model finds this transaction low risk with no strong anomaly indicators (score 0.076),"{""source"": ""transactions_a.csv"", ""channel"": ""Online"", ""tx_type"": ""withdrawal"", ""currency"": ""USD"", ""amount"": 373.08, ""amount_in_usd"": 373.08}",No action (low risk cleared),Pending review,Awaiting investigator
TXN_222097,2026-09-18 12:10:40 UTC,0.0320,No high-risk rules triggered,Model finds this transaction low risk with no strong anomaly indicators (score 0.032),"{""source"": ""transactions_a.csv"", ""channel"": ""Mobile"", ""tx_type"": ""purchase"", ""currency"": ""USD"", ""amount"": 6.92, ""amount_in_usd"": 6.92}",No action (low risk cleared),Pending review,Awaiting investigator
TXN_797508,2026-09-18 12:10:40 UTC,0.0466,No high-risk rules triggered,Model finds this transaction low risk with no strong anomaly indicators (score 0.047),"{""source"": ""transactions_a.csv"", ""channel"": ""POS"", ""tx_type"": ""purchase"", ""currency"": ""USD"", ""amount"": 3.41, ""amount_in_usd"": 3.41}",No action (low risk cleared),Pending review,Awaiting investigator
TXN_252604,2026-09-18 12:10:40 UTC,0.0601,No high-risk rules triggered,Model finds this transaction low risk with no strong anomaly indicators (score 0.060),"{""source"": ""transactions_a.csv"", ""channel"": ""Online"", ""tx_type"": ""withdrawal"", ""currency"": ""USD"", ""amount"": 67.72, ""amount_in_usd"": 67.72}",No action (low risk cleared),Pending review,Awaiting investigator
TXN_475406,2026-09-18 12:10:40 UTC,0.0253,No high-risk rules triggered,Model finds this transaction low risk with no strong anomaly indicators (score 0.025),"{""source"": ""transactions_a.csv"", ""channel"": ""Online"", ""tx_type"": ""purchase"", ""currency"": ""USD"", ""amount"": 66.96, ""amount_in_usd"": 66.96}",No action (low risk cleared),Pending review,Awaiting investigator
TXN_580517,2026-09-18 12:10:40 UTC,0.0369,No high-risk rules triggered,Model finds this transaction low risk with no strong anomaly indicators (score 0.037),"{""source"": ""transactions_a.csv"", ""channel"": ""Branch"", ""tx_type"": ""purchase"", ""currency"": ""USD"", ""amount"": 28.9, ""amount_in_usd"": 28.9}",No action (low risk cleared),Pending review,Awaiting investigator
TXN_828039,2026-09-18 12:10:40 UTC,0.0279,Weekend transaction,Model finds this transaction low risk due to weekend timing (score 0.028),"{""source"": ""transactions_a.csv"", ""channel"": ""Online"", ""tx_type"": ""purchase"", ""currency"": ""USD"", ""amount"": 67.23, ""amount_in_usd"": 67.23}",No action (low risk cleared),Pending review,Awaiting investigator
TXN_726014,2026-09-18 12:10:40 UTC,0.0036,No high-risk rules triggered,Model finds this transaction low risk with no strong anomaly indicators (score 0.004),"{""source"": ""transactions_a.csv"", ""channel"": ""Mobile"", ""tx_type"": ""purchase"", ""currency"": ""USD"", ""amount"": 19.82, ""amount_in_usd"": 19.82}",No action (low risk cleared),Pending review,Awaiting investigator
TXN_339672,2026-09-18 12:10:40 UTC,0.0893,Late-night online purchase,Model finds this transaction low risk with no strong anomaly indicators (score 0.089),"{""source"": ""transactions_a.csv"", ""channel"": ""Branch"", ""tx_type"": ""withdrawal"", ""currency"": ""USD"", ""amount"": 210.89, ""amount_in_usd"": 210.89}",No action (low risk cleared),Pending review,Awaiting investigator
TXN_331435,2026-09-18 12:10:40 UTC,0.0272,Weekend transaction,Model finds this transaction low risk due to weekend timing (score 0.027),"{""source"": ""transactions_a.csv"", ""channel"": ""POS"", ""tx_type"": ""purchase"", ""currency"": ""USD"", ""amount"": 94.83, ""amount_in_usd"": 94.83}",No action (low risk cleared),Pending review,Awaiting investigator
TXN_290741,2026-09-18 12:10:40 UTC,0.0257,No high-risk rules triggered,Model finds this transaction low risk with no strong anomaly indicators (score 0.026),"{""source"": ""transactions_a.csv"", ""channel"": ""POS"", ""tx_type"": ""transfer"", ""currency"": ""USD"", ""amount"": 59.5, ""amount_in_usd"": 59.5}",No action (low risk cleared),Pending review,Awaiting investigator
TXN_301872,2026-09-18 12:10:40 UTC,0.0329,No high-risk rules triggered,Model finds this transaction low risk with no strong anomaly indicators (score 0.033),"{""source"": ""transactions_a.csv"", ""channel"": ""Online"", ""tx_type"": ""transfer"", ""currency"": ""USD"", ""amount"": 5.67, ""amount_in_usd"": 5.67}",No action (low risk cleared),Pending review,Awaiting investigator
TXN_610040,2026-09-18 12:10:40 UTC,0.0845,"Unusual hour (night, outside 06:00-22:00)",Model finds this transaction low risk due to occurred at night (score 0.085),"{""source"": ""transactions_a.csv"", ""channel"": ""POS"", ""tx_type"": ""purchase"", ""currency"": ""USD"", ""amount"": 10.52, ""amount_in_usd"": 10.52}",No action (low risk cleared),Pending review,Awaiting investigator
TXN_754331,2026-09-18 12:10:40 UTC,0.0373,No high-risk rules triggered,Model finds this transaction low risk with no strong anomaly indicators (score 0.037),"{""source"": ""transactions_a.csv"", ""channel"": ""Branch"", ""tx_type"": ""purchase"", ""currency"": ""USD"", ""amount"": 30.15, ""amount_in_usd"": 30.15}",No action (low risk cleared),Pending review,Awaiting investigator
TXN_935543,2026-09-18 12:10:40 UTC,0.0527,No high-risk rules triggered,Model finds this transaction low risk with no strong anomaly indicators (score 0.053),"{""source"": ""transactions_a.csv"", ""channel"": ""ATM"", ""tx_type"": ""withdrawal"", ""currency"": ""USD"", ""amount"": 36.02, ""amount_in_usd"": 36.02}",No action (low risk cleared),Pending review,Awaiting investigator
TXN_873687,2026-09-18 12:10:40 UTC,0.0217,No high-risk rules triggered,Model finds this transaction low risk with no strong anomaly indicators (score 0.022),"{""source"": ""transactions_a.csv"", ""channel"": ""Online"", ""tx_type"": ""payment"", ""currency"": ""USD"", ""amount"": 15.83, ""amount_in_usd"": 15.83}",No action (low risk cleared),Pending review,Awaiting investigator
TXN_744855,2026-09-18 12:10:40 UTC,0.0258,No high-risk rules triggered,Model finds this transaction low risk with no strong anomaly indicators (score 0.026),"{""source"": ""transactions_a.csv"", ""channel"": ""POS"", ""tx_type"": ""transfer"", ""currency"": ""USD"", ""amount"": 25.94, ""amount_in_usd"": 25.94}",No action (low risk cleared),Pending review,Awaiting investigator
TXN_512346,2026-09-18 12:10:40 UTC,0.0361,No high-risk rules triggered,Model finds this transaction low risk with no strong anomaly indicators (score 0.036),"{""source"": ""transactions_a.csv"", ""channel"": ""Mobile"", ""tx_type"": ""transfer"", ""currency"": ""USD"", ""amount"": 186.13, ""amount_in_usd"": 186.13}",No action (low risk cleared),Pending review,Awaiting investigator
TXN_125715,2026-09-18 12:10:40 UTC,0.0160,Weekend transaction,Model finds this transaction low risk due to weekend timing (score 0.016),"{""source"": ""transactions_a.csv"", ""channel"": ""Branch"", ""tx_type"": ""transfer"", ""currency"": ""USD"", ""amount"": 35.49, ""amount_in_usd"": 35.49}",No action (low risk cleared),Pending review,Awaiting investigator
TXN_933389,2026-09-18 12:10:40 UTC,0.0330,No high-risk rules triggered,Model finds this transaction low risk with no strong anomaly indicators (score 0.033),"{""source"": ""transactions_a.csv"", ""channel"": ""ATM"", ""tx_type"": ""purchase"", ""currency"": ""USD"", ""amount"": 26.5, ""amount_in_usd"": 26.5}",No action (low risk cleared),Pending review,Awaiting investigator
TXN_688368,2026-09-18 12:10:40 UTC,0.0590,Weekend transaction,Model finds this transaction low risk due to weekend timing (score 0.059),"{""source"": ""transactions_a.csv"", ""channel"": ""ATM"", ""tx_type"": ""payment"", ""currency"": ""USD"", ""amount"": 53.27, ""amount_in_usd"": 53.27}",No action (low risk cleared),Pending review,Awaiting investigator
TXN_287760,2026-09-18 12:10:40 UTC,0.0333,Online + international (typical fraud vector),Model finds this transaction low risk due to online and international (score 0.033),"{""source"": ""transactions_a.csv"", ""channel"": ""Online"", ""tx_type"": ""purchase"", ""currency"": ""USD"", ""amount"": 23.51, ""amount_in_usd"": 23.51}",No action (low risk cleared),Pending review,Awaiting investigator
TXN_333132,2026-09-18 12:10:40 UTC,0.0237,No high-risk rules triggered,Model finds this transaction low risk with no strong anomaly indicators (score 0.024),"{""source"": ""transactions_a.csv"", ""channel"": ""POS"", ""tx_type"": ""payment"", ""currency"": ""USD"", ""amount"": 30.46, ""amount_in_usd"": 30.46}",No action (low risk cleared),Pending review,Awaiting investigator
TXN_829645,2026-09-18 12:10:40 UTC,0.0397,Weekend transaction,Model finds this transaction low risk due to weekend timing (score 0.040),"{""source"": ""transactions_a.csv"", ""channel"": ""Online"", ""tx_type"": ""payment"", ""currency"": ""USD"", ""amount"": 19.74, ""amount_in_usd"": 19.74}",No action (low risk cleared),Pending review,Awaiting investigator
TXN_794781,2026-09-18 12:10:40 UTC,0.0339,Weekend transaction,Model finds this transaction low risk due to weekend timing (score 0.034),"{""source"": ""transactions_a.csv"", ""channel"": ""POS"", ""tx_type"": ""payment"", ""currency"": ""USD"", ""amount"": 28.56, ""amount_in_usd"": 28.56}",No action (low risk cleared),Pending review,Awaiting investigator
TXN_419568,2026-09-18 12:10:40 UTC,0.0362,No high-risk rules triggered,Model finds this transaction low risk with no strong anomaly indicators (score 0.036),"{""source"": ""transactions_a.csv"", ""channel"": ""ATM"", ""tx_type"": ""withdrawal"", ""currency"": ""USD"", ""amount"": 47.72, ""amount_in_usd"": 47.72}",No action (low risk cleared),Pending review,Awaiting investigator
TXN_916259,2026-09-18 12:10:40 UTC,0.0855,No high-risk rules triggered,Model finds this transaction low risk with no strong anomaly indicators (score 0.086),"{""source"": ""transactions_a.csv"", ""channel"": ""Online"", ""tx_type"": ""payment"", ""currency"": ""USD"", ""amount"": 12.37, ""amount_in_usd"": 12.37}",No action (low risk cleared),Pending review,Awaiting investigator
TXN_316114,2026-09-18 12:10:40 UTC,0.0447,Online + international (typical fraud vector),Model finds this transaction low risk due to online and international (score 0.045),"{""source"": ""transactions_a.csv"", ""channel"": ""Mobile"", ""tx_type"": ""payment"", ""currency"": ""USD"", ""amount"": 24.78, ""amount_in_usd"": 24.78}",No action (low risk cleared),Pending review,Awaiting investigator
TXN_269089,2026-09-18 12:10:40 UTC,0.0508,No high-risk rules triggered,Model finds this transaction low risk with no strong anomaly indicators (score 0.051),"{""source"": ""transactions_a.csv"", ""channel"": ""POS"", ""tx_type"": ""purchase"", ""currency"": ""USD"", ""amount"": 75.02, ""amount_in_usd"": 75.02}",No action (low risk cleared),Pending review,Awaiting investigator
TXN_914577,2026-09-18 12:10:40 UTC,0.0527,Weekend transaction,Model finds this transaction low risk due to weekend timing (score 0.053),"{""source"": ""transactions_a.csv"", ""channel"": ""Online"", ""tx_type"": ""withdrawal"", ""currency"": ""USD"", ""amount"": 28.87, ""amount_in_usd"": 28.87}",No action (low risk cleared),Pending review,Awaiting investigator
TXN_234318,2026-09-18 12:10:40 UTC,0.0358,Online + international (typical fraud vector),Model finds this transaction low risk due to online and international (score 0.036),"{""source"": ""transactions_a.csv"", ""channel"": ""Online"", ""tx_type"": ""purchase"", ""currency"": ""USD"", ""amount"": 29.34, ""amount_in_usd"": 29.34}",No action (low risk cleared),Pending review,Awaiting investigator
TXN_503991,2026-09-18 12:10:40 UTC,0.0328,No high-risk rules triggered,Model finds this transaction low risk with no strong anomaly indicators (score 0.033),"{""source"": ""transactions_a.csv"", ""channel"": ""Mobile"", ""tx_type"": ""transfer"", ""currency"": ""USD"", ""amount"": 133.66, ""amount_in_usd"": 133.66}",No action (low risk cleared),Pending review,Awaiting investigator
TXN_323587,2026-09-18 12:10:40 UTC,0.0641,No high-risk rules triggered,Model finds this transaction low risk with no strong anomaly indicators (score 0.064),"{""source"": ""transactions_a.csv"", ""channel"": ""Branch"", ""tx_type"": ""withdrawal"", ""currency"": ""USD"", ""amount"": 5.33, ""amount_in_usd"": 5.33}",No action (low risk cleared),Pending review,Awaiting investigator
TXN_278266,2026-09-18 12:10:40 UTC,0.0296,No high-risk rules triggered,Model finds this transaction low risk with no strong anomaly indicators (score 0.030),"{""source"": ""transactions_a.csv"", ""channel"": ""Mobile"", ""tx_type"": ""transfer"", ""currency"": ""USD"", ""amount"": 150.48, ""amount_in_usd"": 150.48}",No action (low risk cleared),Pending review,Awaiting investigator
TXN_102526,2026-09-18 12:10:40 UTC,0.0218,No high-risk rules triggered,Model finds this transaction low risk with no strong anomaly indicators (score 0.022),"{""source"": ""transactions_a.csv"", ""channel"": ""Online"", ""tx_type"": ""purchase"", ""currency"": ""USD"", ""amount"": 69.58, ""amount_in_usd"": 69.58}",No action (low risk cleared),Pending review,Awaiting investigator
TXN_851351,2026-09-18 12:10:40 UTC,0.0279,No high-risk rules triggered,Model finds this transaction low risk with no strong anomaly indicators (score 0.028),"{""source"": ""transactions_a.csv"", ""channel"": ""ATM"", ""tx_type"": ""transfer"", ""currency"": ""USD"", ""amount"": 25.76, ""amount_in_usd"": 25.76}",No action (low risk cleared),Pending review,Awaiting investigator
TXN_578415,2026-09-18 12:10:40 UTC,0.0189,No high-risk rules triggered,Model finds this transaction low risk with no strong anomaly indicators (score 0.019),"{""source"": ""transactions_a.csv"", ""channel"": ""Online"", ""tx_type"": ""transfer"", ""currency"": ""USD"", ""amount"": 14.6, ""amount_in_usd"": 14.6}",No action (low risk cleared),Pending review,Awaiting investigator
TXN_510628,2026-09-18 12:10:40 UTC,0.0269,No high-risk rules triggered,Model finds this transaction low risk with no strong anomaly indicators (score 0.027),"{""source"": ""transactions_a.csv"", ""channel"": ""POS"", ""tx_type"": ""transfer"", ""currency"": ""USD"", ""amount"": 19.89, ""amount_in_usd"": 19.89}",No action (low risk cleared),Pending review,Awaiting investigator
TXN_446406,2026-09-18 12:10:40 UTC,0.0321,Weekend transaction,Model finds this transaction low risk due to weekend timing (score 0.032),"{""source"": ""transactions_a.csv"", ""channel"": ""Online"", ""tx_type"": ""purchase"", ""currency"": ""USD"", ""amount"": 33.93, ""amount_in_usd"": 33.93}",No action (low risk cleared),Pending review,Awaiting investigator
TXN_364883,2026-09-18 12:10:40 UTC,0.0561,Weekend transaction,Model finds this transaction low risk due to weekend timing (score 0.056),"{""source"": ""transactions_a.csv"", ""channel"": ""POS"", ""tx_type"": ""purchase"", ""currency"": ""USD"", ""amount"": 216.65, ""amount_in_usd"": 216.65}",No action (low risk cleared),Pending review,Awaiting investigator
TXN_824294,2026-09-18 12:10:40 UTC,0.0294,Weekend transaction,Model finds this transaction low risk due to weekend timing (score 0.029),"{""source"": ""transactions_a.csv"", ""channel"": ""Mobile"", ""tx_type"": ""withdrawal"", ""currency"": ""USD"", ""amount"": 78.34, ""amount_in_usd"": 78.34}",No action (low risk cleared),Pending review,Awaiting investigator
TXN_811158,2026-09-18 12:10:40 UTC,0.0115,No high-risk rules triggered,Model finds this transaction low risk with no strong anomaly indicators (score 0.011),"{""source"": ""transactions_a.csv"", ""channel"": ""Online"", ""tx_type"": ""purchase"", ""currency"": ""USD"", ""amount"": 16.87, ""amount_in_usd"": 16.87}",No action (low risk cleared),Pending review,Awaiting investigator
TXN_330530,2026-09-18 12:10:40 UTC,0.0246,No high-risk rules triggered,Model finds this transaction low risk with no strong anomaly indicators (score 0.025),"{""source"": ""transactions_a.csv"", ""channel"": ""Online"", ""tx_type"": ""withdrawal"", ""currency"": ""USD"", ""amount"": 36.27, ""amount_in_usd"": 36.27}",No action (low risk cleared),Pending review,Awaiting investigator
TXN_970928,2026-09-18 12:10:40 UTC,0.0485,Weekend transaction,Model finds this transaction low risk due to weekend timing (score 0.049),"{""source"": ""transactions_a.csv"", ""channel"": ""ATM"", ""tx_type"": ""purchase"", ""currency"": ""USD"", ""amount"": 38.68, ""amount_in_usd"": 38.68}",No action (low risk cleared),Pending review,Awaiting investigator
TXN_973141,2026-09-18 12:10:40 UTC,0.0602,Weekend transaction,Model finds this transaction low risk due to weekend timing (score 0.060),"{""source"": ""transactions_a.csv"", ""channel"": ""Online"", ""tx_type"": ""payment"", ""currency"": ""USD"", ""amount"": 8.54, ""amount_in_usd"": 8.54}",No action (low risk cleared),Pending review,Awaiting investigator
TXN_157572,2026-09-18 12:10:40 UTC,0.0854,Weekend transaction,Model finds this transaction low risk due to weekend timing (score 0.085),"{""source"": ""transactions_a.csv"", ""channel"": ""Mobile"", ""tx_type"": ""withdrawal"", ""currency"": ""USD"", ""amount"": 209.93, ""amount_in_usd"": 209.93}",No action (low risk cleared),Pending review,Awaiting investigator
TXN_644604,2026-09-18 12:10:40 UTC,0.0359,No high-risk rules triggered,Model finds this transaction low risk with no strong anomaly indicators (score 0.036),"{""source"": ""transactions_a.csv"", ""channel"": ""POS"", ""tx_type"": ""withdrawal"", ""currency"": ""USD"", ""amount"": 20.72, ""amount_in_usd"": 20.72}",No action (low risk cleared),Pending review,Awaiting investigator
TXN_325864,2026-09-18 12:10:40 UTC,0.0310,No high-risk rules triggered,Model finds this transaction low risk with no strong anomaly indicators (score 0.031),"{""source"": ""transactions_a.csv"", ""channel"": ""Online"", ""tx_type"": ""purchase"", ""currency"": ""USD"", ""amount"": 19.99, ""amount_in_usd"": 19.99}",No action (low risk cleared),Pending review,Awaiting investigator
TXN_994871,2026-09-18 12:10:40 UTC,0.0925,Online + international (typical fraud vector),Model finds this transaction low risk due to online and international (score 0.092),"{""source"": ""transactions_a.csv"", ""channel"": ""ATM"", ""tx_type"": ""payment"", ""currency"": ""USD"", ""amount"": 8.75, ""amount_in_usd"": 8.75}",No action (low risk cleared),Pending review,Awaiting investigator
TXN_873992,2026-09-18 12:10:40 UTC,0.0535,No high-risk rules triggered,Model finds this transaction low risk with no strong anomaly indicators (score 0.053),"{""source"": ""transactions_a.csv"", ""channel"": ""ATM"", ""tx_type"": ""transfer"", ""currency"": ""USD"", ""amount"": 39.73, ""amount_in_usd"": 39.73}",No action (low risk cleared),Pending review,Awaiting investigator
TXN_246763,2026-09-18 12:10:40 UTC,0.1118,No high-risk rules triggered,Model finds this transaction low risk with no strong anomaly indicators (score 0.112),"{""source"": ""transactions_a.csv"", ""channel"": ""POS"", ""tx_type"": ""withdrawal"", ""currency"": ""USD"", ""amount"": 156.28, ""amount_in_usd"": 156.28}",No action (low risk cleared),Pending review,Awaiting investigator
TXN_424929,2026-09-18 12:10:40 UTC,0.1224,"Unusual hour (night, outside 06:00-22:00); Weekend transaction; Late-night online purchase","Model finds this transaction low risk due to occurred at night, weekend timing (score 0.122)","{""source"": ""transactions_a.csv"", ""channel"": ""Online"", ""tx_type"": ""payment"", ""currency"": ""USD"", ""amount"": 180.87, ""amount_in_usd"": 180.87}",No action (low risk cleared),Pending review,Awaiting investigator
TXN_824038,2026-09-18 12:10:40 UTC,0.0540,Online + international (typical fraud vector),Model finds this transaction low risk due to online and international (score 0.054),"{""source"": ""transactions_a.csv"", ""channel"": ""Online"", ""tx_type"": ""payment"", ""currency"": ""USD"", ""amount"": 71.9, ""amount_in_usd"": 71.9}",No action (low risk cleared),Pending review,Awaiting investigator
TXN_280465,2026-09-18 12:10:40 UTC,0.0574,No high-risk rules triggered,Model finds this transaction low risk with no strong anomaly indicators (score 0.057),"{""source"": ""transactions_a.csv"", ""channel"": ""Online"", ""tx_type"": ""transfer"", ""currency"": ""USD"", ""amount"": 6.1, ""amount_in_usd"": 6.1}",No action (low risk cleared),Pending review,Awaiting investigator
TXN_252395,2026-09-18 12:10:40 UTC,0.0228,No high-risk rules triggered,Model finds this transaction low risk with no strong anomaly indicators (score 0.023),"{""source"": ""transactions_a.csv"", ""channel"": ""Online"", ""tx_type"": ""transfer"", ""currency"": ""USD"", ""amount"": 10.41, ""amount_in_usd"": 10.41}",No action (low risk cleared),Pending review,Awaiting investigator
TXN_773689,2026-09-18 12:10:40 UTC,0.0726,No high-risk rules triggered,Model finds this transaction low risk with no strong anomaly indicators (score 0.073),"{""source"": ""transactions_a.csv"", ""channel"": ""Online"", ""tx_type"": ""purchase"", ""currency"": ""USD"", ""amount"": 3.48, ""amount_in_usd"": 3.48}",No action (low risk cleared),Pending review,Awaiting investigator
TXN_296864,2026-09-18 12:10:40 UTC,0.8851,Online + international (typical fraud vector); Late-night online purchase,Model strongly flags this transaction due to online and international (score 0.885),"{""source"": ""transactions_a.csv"", ""channel"": ""POS"", ""tx_type"": ""purchase"", ""currency"": ""USD"", ""amount"": 248.52, ""amount_in_usd"": 248.52}",Flagged for review,Pending review,Awaiting investigator
TXN_426252,2026-09-18 12:10:40 UTC,0.0321,Weekend transaction,Model finds this transaction low risk due to weekend timing (score 0.032),"{""source"": ""transactions_a.csv"", ""channel"": ""Online"", ""tx_type"": ""withdrawal"", ""currency"": ""USD"", ""amount"": 71.39, ""amount_in_usd"": 71.39}",No action (low risk cleared),Pending review,Awaiting investigator
TXN_295677,2026-09-18 12:10:40 UTC,0.0478,No high-risk rules triggered,Model finds this transaction low risk with no strong anomaly indicators (score 0.048),"{""source"": ""transactions_a.csv"", ""channel"": ""Online"", ""tx_type"": ""withdrawal"", ""currency"": ""USD"", ""amount"": 114.82, ""amount_in_usd"": 114.82}",No action (low risk cleared),Pending review,Awaiting investigator
TXN_422866,2026-09-18 12:10:40 UTC,0.0706,Weekend transaction; Late-night online purchase,Model finds this transaction low risk due to weekend timing (score 0.071),"{""source"": ""transactions_a.csv"", ""channel"": ""ATM"", ""tx_type"": ""transfer"", ""currency"": ""USD"", ""amount"": 47.2, ""amount_in_usd"": 47.2}",No action (low risk cleared),Pending review,Awaiting investigator
TXN_538454,2026-09-18 12:10:40 UTC,0.0256,Weekend transaction,Model finds this transaction low risk due to weekend timing (score 0.026),"{""source"": ""transactions_a.csv"", ""channel"": ""Online"", ""tx_type"": ""purchase"", ""currency"": ""USD"", ""amount"": 12.35, ""amount_in_usd"": 12.35}",No action (low risk cleared),Pending review,Awaiting investigator
TXN_948406,2026-09-18 12:10:40 UTC,0.0619,No high-risk rules triggered,Model finds this transaction low risk with no strong anomaly indicators (score 0.062),"{""source"": ""transactions_a.csv"", ""channel"": ""POS"", ""tx_type"": ""withdrawal"", ""currency"": ""USD"", ""amount"": 276.89, ""amount_in_usd"": 276.89}",No action (low risk cleared),Pending review,Awaiting investigator
TXN_634394,2026-09-18 12:10:40 UTC,0.9376,"Unusual hour (night, outside 06:00-22:00); Weekend transaction; Online + international (typical fraud vector); Late-night online purchase","Model strongly flags this transaction due to occurred at night, online and international, weekend timing (score 0.938)","{""source"": ""transactions_a.csv"", ""channel"": ""Mobile"", ""tx_type"": ""purchase"", ""currency"": ""USD"", ""amount"": 456.08, ""amount_in_usd"": 456.08}",Flagged for review,Pending review,Awaiting investigator
TXN_998606,2026-09-18 12:10:40 UTC,0.0339,No high-risk rules triggered,Model finds this transaction low risk with no strong anomaly indicators (score 0.034),"{""source"": ""transactions_a.csv"", ""channel"": ""POS"", ""tx_type"": ""transfer"", ""currency"": ""USD"", ""amount"": 3.7, ""amount_in_usd"": 3.7}",No action (low risk cleared),Pending review,Awaiting investigator
TXN_833583,2026-09-18 12:10:40 UTC,0.0912,No high-risk rules triggered,Model finds this transaction low risk with no strong anomaly indicators (score 0.091),"{""source"": ""transactions_a.csv"", ""channel"": ""ATM"", ""tx_type"": ""purchase"", ""currency"": ""USD"", ""amount"": 146.76, ""amount_in_usd"": 146.76}",No action (low risk cleared),Pending review,Awaiting investigator
TXN_113797,2026-09-18 12:10:40 UTC,0.0673,No high-risk rules triggered,Model finds this transaction low risk with no strong anomaly indicators (score 0.067),"{""source"": ""transactions_a.csv"", ""channel"": ""Online"", ""tx_type"": ""purchase"", ""currency"": ""USD"", ""amount"": 3.93, ""amount_in_usd"": 3.93}",No action (low risk cleared),Pending review,Awaiting investigator
TXN_581544,2026-09-18 12:10:40 UTC,0.0406,Online + international (typical fraud vector),Model finds this transaction low risk due to online and international (score 0.041),"{""source"": ""transactions_a.csv"", ""channel"": ""Online"", ""tx_type"": ""withdrawal"", ""currency"": ""USD"", ""amount"": 37.38, ""amount_in_usd"": 37.38}",No action (low risk cleared),Pending review,Awaiting investigator
TXN_850249,2026-09-18 12:10:40 UTC,0.0535,Weekend transaction,Model finds this transaction low risk due to weekend timing (score 0.053),"{""source"": ""transactions_a.csv"", ""channel"": ""Mobile"", ""tx_type"": ""transfer"", ""currency"": ""USD"", ""amount"": 11.34, ""amount_in_usd"": 11.34}",No action (low risk cleared),Pending review,Awaiting investigator
TXN_352181,2026-09-18 12:10:40 UTC,0.0521,No high-risk rules triggered,Model finds this transaction low risk with no strong anomaly indicators (score 0.052),"{""source"": ""transactions_a.csv"", ""channel"": ""Online"", ""tx_type"": ""purchase"", ""currency"": ""USD"", ""amount"": 113.32, ""amount_in_usd"": 113.32}",No action (low risk cleared),Pending review,Awaiting investigator
TXN_423103,2026-09-18 12:10:40 UTC,0.0133,No high-risk rules triggered,Model finds this transaction low risk with no strong anomaly indicators (score 0.013),"{""source"": ""transactions_a.csv"", ""channel"": ""Online"", ""tx_type"": ""purchase"", ""currency"": ""USD"", ""amount"": 38.94, ""amount_in_usd"": 38.94}",No action (low risk cleared),Pending review,Awaiting investigator
TXN_451243,2026-09-18 12:10:40 UTC,0.0133,Weekend transaction,Model finds this transaction low risk due to weekend timing (score 0.013),"{""source"": ""transactions_a.csv"", ""channel"": ""Mobile"", ""tx_type"": ""purchase"", ""currency"": ""USD"", ""amount"": 23.04, ""amount_in_usd"": 23.04}",No action (low risk cleared),Pending review,Awaiting investigator
TXN_394771,2026-09-18 12:10:40 UTC,0.1258,Online + international (typical fraud vector),Model finds this transaction low risk due to online and international (score 0.126),"{""source"": ""transactions_a.csv"", ""channel"": ""Online"", ""tx_type"": ""payment"", ""currency"": ""USD"", ""amount"": 171.6, ""amount_in_usd"": 171.6}",No action (low risk cleared),Pending review,Awaiting investigator
TXN_714120,2026-09-18 12:10:40 UTC,0.0549,Weekend transaction,Model finds this transaction low risk due to weekend timing (score 0.055),"{""source"": ""transactions_a.csv"", ""channel"": ""POS"", ""tx_type"": ""transfer"", ""currency"": ""USD"", ""amount"": 64.52, ""amount_in_usd"": 64.52}",No action (low risk cleared),Pending review,Awaiting investigator
TXN_873031,2026-09-18 12:10:40 UTC,0.0429,Weekend transaction; Online + international (typical fraud vector),"Model finds this transaction low risk due to online and international, weekend timing (score 0.043)","{""source"": ""transactions_a.csv"", ""channel"": ""Mobile"", ""tx_type"": ""purchase"", ""currency"": ""USD"", ""amount"": 86.67, ""amount_in_usd"": 86.67}",No action (low risk cleared),Pending review,Awaiting investigator
TXN_943740,2026-09-18 12:10:40 UTC,0.0218,Weekend transaction,Model finds this transaction low risk due to weekend timing (score 0.022),"{""source"": ""transactions_a.csv"", ""channel"": ""Mobile"", ""tx_type"": ""purchase"", ""currency"": ""USD"", ""amount"": 25.82, ""amount_in_usd"": 25.82}",No action (low risk cleared),Pending review,Awaiting investigator
TXN_238145,2026-09-18 12:10:40 UTC,0.0583,Weekend transaction,Model finds this transaction low risk due to weekend timing (score 0.058),"{""source"": ""transactions_a.csv"", ""channel"": ""POS"", ""tx_type"": ""withdrawal"", ""currency"": ""USD"", ""amount"": 42.08, ""amount_in_usd"": 42.08}",No action (low risk cleared),Pending review,Awaiting investigator
TXN_180339,2026-09-18 12:10:40 UTC,0.0081,No high-risk rules triggered,Model finds this transaction low risk with no strong anomaly indicators (score 0.008),"{""source"": ""transactions_a.csv"", ""channel"": ""Online"", ""tx_type"": ""purchase"", ""currency"": ""USD"", ""amount"": 34.83, ""amount_in_usd"": 34.83}",No action (low risk cleared),Pending review,Awaiting investigator
TXN_615909,2026-09-18 12:10:40 UTC,0.0570,No high-risk rules triggered,Model finds this transaction low risk with no strong anomaly indicators (score 0.057),"{""source"": ""transactions_a.csv"", ""channel"": ""Mobile"", ""tx_type"": ""withdrawal"", ""currency"": ""USD"", ""amount"": 57.55, ""amount_in_usd"": 57.55}",No action (low risk cleared),Pending review,Awaiting investigator
TXN_867634,2026-09-18 12:10:40 UTC,0.0280,Weekend transaction,Model finds this transaction low risk due to weekend timing (score 0.028),"{""source"": ""transactions_a.csv"", ""channel"": ""ATM"", ""tx_type"": ""purchase"", ""currency"": ""USD"", ""amount"": 37.44, ""amount_in_usd"": 37.44}",No action (low risk cleared),Pending review,Awaiting investigator
TXN_441716,2026-09-18 12:10:40 UTC,0.0326,No high-risk rules triggered,Model finds this transaction low risk with no strong anomaly indicators (score 0.033),"{""source"": ""transactions_a.csv"", ""channel"": ""POS"", ""tx_type"": ""purchase"", ""currency"": ""USD"", ""amount"": 39.48, ""amount_in_usd"": 39.48}",No action (low risk cleared),Pending review,Awaiting investigator
TXN_762099,2026-09-18 12:10:40 UTC,0.1927,"Unusual hour (night, outside 06:00-22:00)",Model finds this transaction low risk due to occurred at night (score 0.193),"{""source"": ""transactions_a.csv"", ""channel"": ""Online"", ""tx_type"": ""purchase"", ""currency"": ""USD"", ""amount"": 120.78, ""amount_in_usd"": 120.78}",No action (low risk cleared),Pending review,Awaiting investigator
TXN_372435,2026-09-18 12:10:40 UTC,0.0120,No high-risk rules triggered,Model finds this transaction low risk with no strong anomaly indicators (score 0.012),"{""source"": ""transactions_a.csv"", ""channel"": ""Online"", ""tx_type"": ""purchase"", ""currency"": ""USD"", ""amount"": 55.79, ""amount_in_usd"": 55.79}",No action (low risk cleared),Pending review,Awaiting investigator
TXN_485505,2026-09-18 12:10:40 UTC,0.0143,No high-risk rules triggered,Model finds this transaction low risk with no strong anomaly indicators (score 0.014),"{""source"": ""transactions_a.csv"", ""channel"": ""Online"", ""tx_type"": ""purchase"", ""currency"": ""USD"", ""amount"": 65.27, ""amount_in_usd"": 65.27}",No action (low risk cleared),Pending review,Awaiting investigator
TXN_409362,2026-09-18 12:10:40 UTC,0.0976,No high-risk rules triggered,Model finds this transaction low risk with no strong anomaly indicators (score 0.098),"{""source"": ""transactions_a.csv"", ""channel"": ""Online"", ""tx_type"": ""withdrawal"", ""currency"": ""USD"", ""amount"": 86.04, ""amount_in_usd"": 86.04}",No action (low risk cleared),Pending review,Awaiting investigator
TXN_351440,2026-09-18 12:10:40 UTC,0.0615,Weekend transaction,Model finds this transaction low risk due to weekend timing (score 0.061),"{""source"": ""transactions_a.csv"", ""channel"": ""ATM"", ""tx_type"": ""purchase"", ""currency"": ""USD"", ""amount"": 40.9, ""amount_in_usd"": 40.9}",No action (low risk cleared),Pending review,Awaiting investigator
TXN_326151,2026-09-18 12:10:40 UTC,0.0542,Online + international (typical fraud vector),Model finds this transaction low risk due to online and international (score 0.054),"{""source"": ""transactions_a.csv"", ""channel"": ""Online"", ""tx_type"": ""purchase"", ""currency"": ""USD"", ""amount"": 22.43, ""amount_in_usd"": 22.43}",No action (low risk cleared),Pending review,Awaiting investigator
TXN_430731,2026-09-18 12:10:40 UTC,0.0384,No high-risk rules triggered,Model finds this transaction low risk with no strong anomaly indicators (score 0.038),"{""source"": ""transactions_a.csv"", ""channel"": ""Online"", ""tx_type"": ""purchase"", ""currency"": ""USD"", ""amount"": 17.54, ""amount_in_usd"": 17.54}",No action (low risk cleared),Pending review,Awaiting investigator
TXN_815206,2026-09-18 12:10:40 UTC,0.0793,Weekend transaction; Online + international (typical fraud vector),"Model finds this transaction low risk due to online and international, weekend timing (score 0.079)","{""source"": ""transactions_a.csv"", ""channel"": ""Mobile"", ""tx_type"": ""payment"", ""currency"": ""USD"", ""amount"": 13.72, ""amount_in_usd"": 13.72}",No action (low risk cleared),Pending review,Awaiting investigator
TXN_231122,2026-09-18 12:10:40 UTC,0.0409,Weekend transaction,Model finds this transaction low risk due to weekend timing (score 0.041),"{""source"": ""transactions_a.csv"", ""channel"": ""Mobile"", ""tx_type"": ""transfer"", ""currency"": ""USD"", ""amount"": 137.64, ""amount_in_usd"": 137.64}",No action (low risk cleared),Pending review,Awaiting investigator
TXN_182774,2026-09-18 12:10:40 UTC,0.0332,Weekend transaction,Model finds this transaction low risk due to weekend timing (score 0.033),"{""source"": ""transactions_a.csv"", ""channel"": ""Online"", ""tx_type"": ""purchase"", ""currency"": ""USD"", ""amount"": 181.36, ""amount_in_usd"": 181.36}",No action (low risk cleared),Pending review,Awaiting investigator
TXN_899025,2026-09-18 12:10:40 UTC,0.0790,"Unusual hour (night, outside 06:00-22:00)",Model finds this transaction low risk due to occurred at night (score 0.079),"{""source"": ""transactions_a.csv"", ""channel"": ""Online"", ""tx_type"": ""withdrawal"", ""currency"": ""USD"", ""amount"": 20.52, ""amount_in_usd"": 20.52}",No action (low risk cleared),Pending review,Awaiting investigator
TXN_364950,2026-09-18 12:10:40 UTC,0.0753,"Unusual hour (night, outside 06:00-22:00); Late-night online purchase",Model finds this transaction low risk due to occurred at night (score 0.075),"{""source"": ""transactions_a.csv"", ""channel"": ""Mobile"", ""tx_type"": ""transfer"", ""currency"": ""USD"", ""amount"": 24.37, ""amount_in_usd"": 24.37}",No action (low risk cleared),Pending review,Awaiting investigator
TXN_772179,2026-09-18 12:10:40 UTC,0.1756,Online + international (typical fraud vector),Model finds this transaction low risk due to online and international (score 0.176),"{""source"": ""transactions_a.csv"", ""channel"": ""Online"", ""tx_type"": ""withdrawal"", ""currency"": ""USD"", ""amount"": 159.38, ""amount_in_usd"": 159.38}",No action (low risk cleared),Pending review,Awaiting investigator
TXN_620430,2026-09-18 12:10:40 UTC,0.0575,Online + international (typical fraud vector),Model finds this transaction low risk due to online and international (score 0.058),"{""source"": ""transactions_a.csv"", ""channel"": ""ATM"", ""tx_type"": ""transfer"", ""currency"": ""USD"", ""amount"": 16.2, ""amount_in_usd"": 16.2}",No action (low risk cleared),Pending review,Awaiting investigator
TXN_512005,2026-09-18 12:10:40 UTC,0.0982,No high-risk rules triggered,Model finds this transaction low risk with no strong anomaly indicators (score 0.098),"{""source"": ""transactions_a.csv"", ""channel"": ""Online"", ""tx_type"": ""purchase"", ""currency"": ""USD"", ""amount"": 853.8, ""amount_in_usd"": 853.8}",No action (low risk cleared),Pending review,Awaiting investigator
TXN_176675,2026-09-18 12:10:40 UTC,0.0875,No high-risk rules triggered,Model finds this transaction low risk with no strong anomaly indicators (score 0.087),"{""source"": ""transactions_a.csv"", ""channel"": ""POS"", ""tx_type"": ""withdrawal"", ""currency"": ""USD"", ""amount"": 89.57, ""amount_in_usd"": 89.57}",No action (low risk cleared),Pending review,Awaiting investigator
TXN_517651,2026-09-18 12:10:40 UTC,0.0454,No high-risk rules triggered,Model finds this transaction low risk with no strong anomaly indicators (score 0.045),"{""source"": ""transactions_a.csv"", ""channel"": ""ATM"", ""tx_type"": ""transfer"", ""currency"": ""USD"", ""amount"": 50.92, ""amount_in_usd"": 50.92}",No action (low risk cleared),Pending review,Awaiting investigator
TXN_267175,2026-09-18 12:10:40 UTC,0.9170,"Unusual hour (night, outside 06:00-22:00); Weekend transaction; Online + international (typical fraud vector); Late-night online purchase","Model strongly flags this transaction due to occurred at night, online and international, weekend timing (score 0.917)","{""source"": ""transactions_a.csv"", ""channel"": ""Mobile"", ""tx_type"": ""payment"", ""currency"": ""USD"", ""amount"": 66.03, ""amount_in_usd"": 66.03}",Flagged for review,Pending review,Awaiting investigator
TXN_278756,2026-09-18 12:10:40 UTC,0.0484,No high-risk rules triggered,Model finds this transaction low risk with no strong anomaly indicators (score 0.048),"{""source"": ""transactions_a.csv"", ""channel"": ""Branch"", ""tx_type"": ""transfer"", ""currency"": ""USD"", ""amount"": 38.56, ""amount_in_usd"": 38.56}",No action (low risk cleared),Pending review,Awaiting investigator
TXN_342497,2026-09-18 12:10:40 UTC,0.0317,No high-risk rules triggered,Model finds this transaction low risk with no strong anomaly indicators (score 0.032),"{""source"": ""transactions_a.csv"", ""channel"": ""POS"", ""tx_type"": ""transfer"", ""currency"": ""USD"", ""amount"": 14.87, ""amount_in_usd"": 14.87}",No action (low risk cleared),Pending review,Awaiting investigator
TXN_223887,2026-09-18 12:10:40 UTC,0.0534,Weekend transaction,Model finds this transaction low risk due to weekend timing (score 0.053),"{""source"": ""transactions_a.csv"", ""channel"": ""POS"", ""tx_type"": ""withdrawal"", ""currency"": ""USD"", ""amount"": 151.82, ""amount_in_usd"": 151.82}",No action (low risk cleared),Pending review,Awaiting investigator
TXN_671949,2026-09-18 12:10:40 UTC,0.0224,No high-risk rules triggered,Model finds this transaction low risk with no strong anomaly indicators (score 0.022),"{""source"": ""transactions_a.csv"", ""channel"": ""Online"", ""tx_type"": ""purchase"", ""currency"": ""USD"", ""amount"": 104.49, ""amount_in_usd"": 104.49}",No action (low risk cleared),Pending review,Awaiting investigator
TXN_443093,2026-09-18 12:10:40 UTC,0.0496,No high-risk rules triggered,Model finds this transaction low risk with no strong anomaly indicators (score 0.050),"{""source"": ""transactions_a.csv"", ""channel"": ""ATM"", ""tx_type"": ""purchase"", ""currency"": ""USD"", ""amount"": 3.7, ""amount_in_usd"": 3.7}",No action (low risk cleared),Pending review,Awaiting investigator
TXN_824884,2026-09-18 12:10:40 UTC,0.0585,No high-risk rules triggered,Model finds this transaction low risk with no strong anomaly indicators (score 0.059),"{""source"": ""transactions_a.csv"", ""channel"": ""POS"", ""tx_type"": ""payment"", ""currency"": ""USD"", ""amount"": 20.92, ""amount_in_usd"": 20.92}",No action (low risk cleared),Pending review,Awaiting investigator
TXN_183536,2026-09-18 12:10:40 UTC,0.0188,No high-risk rules triggered,Model finds this transaction low risk with no strong anomaly indicators (score 0.019),"{""source"": ""transactions_a.csv"", ""channel"": ""Mobile"", ""tx_type"": ""purchase"", ""currency"": ""USD"", ""amount"": 15.79, ""amount_in_usd"": 15.79}",No action (low risk cleared),Pending review,Awaiting investigator
TXN_357224,2026-09-18 12:10:40 UTC,0.9249,Online + international (typical fraud vector); Late-night online purchase,Model strongly flags this transaction due to online and international (score 0.925),"{""source"": ""transactions_a.csv"", ""channel"": ""POS"", ""tx_type"": ""purchase"", ""currency"": ""USD"", ""amount"": 1481.22, ""amount_in_usd"": 1481.22}",Flagged for review,Pending review,Awaiting investigator
TXN_133705,2026-09-18 12:10:40 UTC,0.1406,"Unusual hour (night, outside 06:00-22:00); Late-night online purchase",Model finds this transaction low risk due to occurred at night (score 0.141),"{""source"": ""transactions_a.csv"", ""channel"": ""Online"", ""tx_type"": ""withdrawal"", ""currency"": ""USD"", ""amount"": 677.03, ""amount_in_usd"": 677.03}",No action (low risk cleared),Pending review,Awaiting investigator
TXN_188025,2026-09-18 12:10:40 UTC,0.0437,No high-risk rules triggered,Model finds this transaction low risk with no strong anomaly indicators (score 0.044),"{""source"": ""transactions_a.csv"", ""channel"": ""POS"", ""tx_type"": ""purchase"", ""currency"": ""USD"", ""amount"": 189.17, ""amount_in_usd"": 189.17}",No action (low risk cleared),Pending review,Awaiting investigator
TXN_801867,2026-09-18 12:10:40 UTC,0.0730,No high-risk rules triggered,Model finds this transaction low risk with no strong anomaly indicators (score 0.073),"{""source"": ""transactions_a.csv"", ""channel"": ""Online"", ""tx_type"": ""withdrawal"", ""currency"": ""USD"", ""amount"": 20.32, ""amount_in_usd"": 20.32}",No action (low risk cleared),Pending review,Awaiting investigator
TXN_888696,2026-09-18 12:10:40 UTC,0.0409,No high-risk rules triggered,Model finds this transaction low risk with no strong anomaly indicators (score 0.041),"{""source"": ""transactions_a.csv"", ""channel"": ""Mobile"", ""tx_type"": ""purchase"", ""currency"": ""USD"", ""amount"": 156.36, ""amount_in_usd"": 156.36}",No action (low risk cleared),Pending review,Awaiting investigator
TXN_404093,2026-09-18 12:10:40 UTC,0.0162,No high-risk rules triggered,Model finds this transaction low risk with no strong anomaly indicators (score 0.016),"{""source"": ""transactions_a.csv"", ""channel"": ""Online"", ""tx_type"": ""purchase"", ""currency"": ""USD"", ""amount"": 10.2, ""amount_in_usd"": 10.2}",No action (low risk cleared),Pending review,Awaiting investigator
TXN_731745,2026-09-18 12:10:40 UTC,0.0126,Weekend transaction,Model finds this transaction low risk due to weekend timing (score 0.013),"{""source"": ""transactions_a.csv"", ""channel"": ""Online"", ""tx_type"": ""purchase"", ""currency"": ""USD"", ""amount"": 78.55, ""amount_in_usd"": 78.55}",No action (low risk cleared),Pending review,Awaiting investigator
TXN_869412,2026-09-18 12:10:40 UTC,0.0534,No high-risk rules triggered,Model finds this transaction low risk with no strong anomaly indicators (score 0.053),"{""source"": ""transactions_a.csv"", ""channel"": ""ATM"", ""tx_type"": ""purchase"", ""currency"": ""USD"", ""amount"": 24.35, ""amount_in_usd"": 24.35}",No action (low risk cleared),Pending review,Awaiting investigator
TXN_134550,2026-09-18 12:10:40 UTC,0.1020,"Unusual hour (night, outside 06:00-22:00)",Model finds this transaction low risk due to occurred at night (score 0.102),"{""source"": ""transactions_a.csv"", ""channel"": ""Branch"", ""tx_type"": ""payment"", ""currency"": ""USD"", ""amount"": 8.06, ""amount_in_usd"": 8.06}",No action (low risk cleared),Pending review,Awaiting investigator
TXN_972762,2026-09-18 12:10:40 UTC,0.0502,No high-risk rules triggered,Model finds this transaction low risk with no strong anomaly indicators (score 0.050),"{""source"": ""transactions_a.csv"", ""channel"": ""ATM"", ""tx_type"": ""withdrawal"", ""currency"": ""USD"", ""amount"": 112.23, ""amount_in_usd"": 112.23}",No action (low risk cleared),Pending review,Awaiting investigator
TXN_108332,2026-09-18 12:10:40 UTC,0.0512,Online + international (typical fraud vector),Model finds this transaction low risk due to online and international (score 0.051),"{""source"": ""transactions_a.csv"", ""channel"": ""Branch"", ""tx_type"": ""purchase"", ""currency"": ""USD"", ""amount"": 40.56, ""amount_in_usd"": 40.56}",No action (low risk cleared),Pending review,Awaiting investigator
TXN_498627,2026-09-18 12:10:40 UTC,0.0375,No high-risk rules triggered,Model finds this transaction low risk with no strong anomaly indicators (score 0.037),"{""source"": ""transactions_a.csv"", ""channel"": ""Online"", ""tx_type"": ""payment"", ""currency"": ""USD"", ""amount"": 35.72, ""amount_in_usd"": 35.72}",No action (low risk cleared),Pending review,Awaiting investigator
TXN_491648,2026-09-18 12:10:40 UTC,0.0610,No high-risk rules triggered,Model finds this transaction low risk with no strong anomaly indicators (score 0.061),"{""source"": ""transactions_a.csv"", ""channel"": ""Mobile"", ""tx_type"": ""withdrawal"", ""currency"": ""USD"", ""amount"": 23.85, ""amount_in_usd"": 23.85}",No action (low risk cleared),Pending review,Awaiting investigator
TXN_123363,2026-09-18 12:10:40 UTC,0.0352,Weekend transaction,Model finds this transaction low risk due to weekend timing (score 0.035),"{""source"": ""transactions_a.csv"", ""channel"": ""Mobile"", ""tx_type"": ""payment"", ""currency"": ""USD"", ""amount"": 62.22, ""amount_in_usd"": 62.22}",No action (low risk cleared),Pending review,Awaiting investigator
TXN_989780,2026-09-18 12:10:40 UTC,0.0708,Online + international (typical fraud vector),Model finds this transaction low risk due to online and international (score 0.071),"{""source"": ""transactions_a.csv"", ""channel"": ""Branch"", ""tx_type"": ""payment"", ""currency"": ""USD"", ""amount"": 5.25, ""amount_in_usd"": 5.25}",No action (low risk cleared),Pending review,Awaiting investigator
TXN_662168,2026-09-18 12:10:40 UTC,0.0545,No high-risk rules triggered,Model finds this transaction low risk with no strong anomaly indicators (score 0.054),"{""source"": ""transactions_a.csv"", ""channel"": ""Mobile"", ""tx_type"": ""purchase"", ""currency"": ""USD"", ""amount"": 7.38, ""amount_in_usd"": 7.38}",No action (low risk cleared),Pending review,Awaiting investigator
TXN_603036,2026-09-18 12:10:40 UTC,0.0164,Weekend transaction,Model finds this transaction low risk due to weekend timing (score 0.016),"{""source"": ""transactions_a.csv"", ""channel"": ""Branch"", ""tx_type"": ""purchase"", ""currency"": ""USD"", ""amount"": 12.62, ""amount_in_usd"": 12.62}",No action (low risk cleared),Pending review,Awaiting investigator
TXN_292920,2026-09-18 12:10:40 UTC,0.0463,No high-risk rules triggered,Model finds this transaction low risk with no strong anomaly indicators (score 0.046),"{""source"": ""transactions_a.csv"", ""channel"": ""Online"", ""tx_type"": ""payment"", ""currency"": ""USD"", ""amount"": 8.82, ""amount_in_usd"": 8.82}",No action (low risk cleared),Pending review,Awaiting investigator
TXN_329465,2026-09-18 12:10:40 UTC,0.0459,No high-risk rules triggered,Model finds this transaction low risk with no strong anomaly indicators (score 0.046),"{""source"": ""transactions_a.csv"", ""channel"": ""Mobile"", ""tx_type"": ""purchase"", ""currency"": ""USD"", ""amount"": 4.16, ""amount_in_usd"": 4.16}",No action (low risk cleared),Pending review,Awaiting investigator
TXN_824159,2026-09-18 12:10:40 UTC,0.0984,No high-risk rules triggered,Model finds this transaction low risk with no strong anomaly indicators (score 0.098),"{""source"": ""transactions_a.csv"", ""channel"": ""Mobile"", ""tx_type"": ""payment"", ""currency"": ""USD"", ""amount"": 29.14, ""amount_in_usd"": 29.14}",No action (low risk cleared),Pending review,Awaiting investigator
TXN_239279,2026-09-18 12:10:40 UTC,0.0775,Weekend transaction,Model finds this transaction low risk due to weekend timing (score 0.077),"{""source"": ""transactions_a.csv"", ""channel"": ""Online"", ""tx_type"": ""transfer"", ""currency"": ""USD"", ""amount"": 1.82, ""amount_in_usd"": 1.82}",No action (low risk cleared),Pending review,Awaiting investigator
TXN_524882,2026-09-18 12:10:40 UTC,0.0432,No high-risk rules triggered,Model finds this transaction low risk with no strong anomaly indicators (score 0.043),"{""source"": ""transactions_a.csv"", ""channel"": ""ATM"", ""tx_type"": ""withdrawal"", ""currency"": ""USD"", ""amount"": 15.32, ""amount_in_usd"": 15.32}",No action (low risk cleared),Pending review,Awaiting investigator
TXN_354246,2026-09-18 12:10:40 UTC,0.2195,"Unusual hour (night, outside 06:00-22:00)",Model finds this transaction low risk due to occurred at night (score 0.220),"{""source"": ""transactions_a.csv"", ""channel"": ""Mobile"", ""tx_type"": ""transfer"", ""currency"": ""USD"", ""amount"": 107.08, ""amount_in_usd"": 107.08}",No action (low risk cleared),Pending review,Awaiting investigator
TXN_704728,2026-09-18 12:10:40 UTC,0.0194,No high-risk rules triggered,Model finds this transaction low risk with no strong anomaly indicators (score 0.019),"{""source"": ""transactions_a.csv"", ""channel"": ""Mobile"", ""tx_type"": ""purchase"", ""currency"": ""USD"", ""amount"": 27.88, ""amount_in_usd"": 27.88}",No action (low risk cleared),Pending review,Awaiting investigator
TXN_167585,2026-09-18 12:10:40 UTC,0.0320,No high-risk rules triggered,Model finds this transaction low risk with no strong anomaly indicators (score 0.032),"{""source"": ""transactions_a.csv"", ""channel"": ""Online"", ""tx_type"": ""purchase"", ""currency"": ""USD"", ""amount"": 39.8, ""amount_in_usd"": 39.8}",No action (low risk cleared),Pending review,Awaiting investigator
TXN_663071,2026-09-18 12:10:40 UTC,0.0644,Weekend transaction; Online + international (typical fraud vector),"Model finds this transaction low risk due to online and international, weekend timing (score 0.064)","{""source"": ""transactions_a.csv"", ""channel"": ""Mobile"", ""tx_type"": ""withdrawal"", ""currency"": ""USD"", ""amount"": 27.58, ""amount_in_usd"": 27.58}",No action (low risk cleared),Pending review,Awaiting investigator
TXN_272271,2026-09-18 12:10:40 UTC,0.0299,Weekend transaction,Model finds this transaction low risk due to weekend timing (score 0.030),"{""source"": ""transactions_a.csv"", ""channel"": ""POS"", ""tx_type"": ""purchase"", ""currency"": ""USD"", ""amount"": 33.31, ""amount_in_usd"": 33.31}",No action (low risk cleared),Pending review,Awaiting investigator
TXN_181680,2026-09-18 12:10:40 UTC,0.0636,Weekend transaction,Model finds this transaction low risk due to weekend timing (score 0.064),"{""source"": ""transactions_a.csv"", ""channel"": ""Branch"", ""tx_type"": ""purchase"", ""currency"": ""USD"", ""amount"": 79.68, ""amount_in_usd"": 79.68}",No action (low risk cleared),Pending review,Awaiting investigator
TXN_899772,2026-09-18 12:10:40 UTC,0.0256,Weekend transaction,Model finds this transaction low risk due to weekend timing (score 0.026),"{""source"": ""transactions_a.csv"", ""channel"": ""Mobile"", ""tx_type"": ""purchase"", ""currency"": ""USD"", ""amount"": 71.07, ""amount_in_usd"": 71.07}",No action (low risk cleared),Pending review,Awaiting investigator
TXN_507668,2026-09-18 12:10:40 UTC,0.0213,No high-risk rules triggered,Model finds this transaction low risk with no strong anomaly indicators (score 0.021),"{""source"": ""transactions_a.csv"", ""channel"": ""Mobile"", ""tx_type"": ""purchase"", ""currency"": ""USD"", ""amount"": 27.53, ""amount_in_usd"": 27.53}",No action (low risk cleared),Pending review,Awaiting investigator
TXN_195046,2026-09-18 12:10:40 UTC,0.0634,Weekend transaction,Model finds this transaction low risk due to weekend timing (score 0.063),"{""source"": ""transactions_a.csv"", ""channel"": ""Mobile"", ""tx_type"": ""purchase"", ""currency"": ""USD"", ""amount"": 54.41, ""amount_in_usd"": 54.41}",No action (low risk cleared),Pending review,Awaiting investigator
TXN_115248,2026-09-18 12:10:40 UTC,0.0300,Weekend transaction,Model finds this transaction low risk due to weekend timing (score 0.030),"{""source"": ""transactions_a.csv"", ""channel"": ""Mobile"", ""tx_type"": ""payment"", ""currency"": ""USD"", ""amount"": 46.76, ""amount_in_usd"": 46.76}",No action (low risk cleared),Pending review,Awaiting investigator
TXN_743569,2026-09-18 12:10:40 UTC,0.0440,No high-risk rules triggered,Model finds this transaction low risk with no strong anomaly indicators (score 0.044),"{""source"": ""transactions_a.csv"", ""channel"": ""POS"", ""tx_type"": ""purchase"", ""currency"": ""USD"", ""amount"": 17.54, ""amount_in_usd"": 17.54}",No action (low risk cleared),Pending review,Awaiting investigator
TXN_504132,2026-09-18 12:10:40 UTC,0.0510,No high-risk rules triggered,Model finds this transaction low risk with no strong anomaly indicators (score 0.051),"{""source"": ""transactions_a.csv"", ""channel"": ""Branch"", ""tx_type"": ""purchase"", ""currency"": ""USD"", ""amount"": 65.03, ""amount_in_usd"": 65.03}",No action (low risk cleared),Pending review,Awaiting investigator
TXN_144040,2026-09-18 12:10:40 UTC,0.0728,No high-risk rules triggered,Model finds this transaction low risk with no strong anomaly indicators (score 0.073),"{""source"": ""transactions_a.csv"", ""channel"": ""POS"", ""tx_type"": ""withdrawal"", ""currency"": ""USD"", ""amount"": 2.07, ""amount_in_usd"": 2.07}",No action (low risk cleared),Pending review,Awaiting investigator
TXN_182224,2026-09-18 12:10:40 UTC,0.0473,Weekend transaction,Model finds this transaction low risk due to weekend timing (score 0.047),"{""source"": ""transactions_a.csv"", ""channel"": ""Online"", ""tx_type"": ""transfer"", ""currency"": ""USD"", ""amount"": 32.13, ""amount_in_usd"": 32.13}",No action (low risk cleared),Pending review,Awaiting investigator
TXN_545629,2026-09-18 12:10:40 UTC,0.0583,No high-risk rules triggered,Model finds this transaction low risk with no strong anomaly indicators (score 0.058),"{""source"": ""transactions_a.csv"", ""channel"": ""Online"", ""tx_type"": ""purchase"", ""currency"": ""USD"", ""amount"": 4.81, ""amount_in_usd"": 4.81}",No action (low risk cleared),Pending review,Awaiting investigator
TXN_776915,2026-09-18 12:10:40 UTC,0.1262,Weekend transaction,Model finds this transaction low risk due to weekend timing (score 0.126),"{""source"": ""transactions_a.csv"", ""channel"": ""Online"", ""tx_type"": ""purchase"", ""currency"": ""USD"", ""amount"": 183.59, ""amount_in_usd"": 183.59}",No action (low risk cleared),Pending review,Awaiting investigator
TXN_151271,2026-09-18 12:10:40 UTC,0.0437,Weekend transaction,Model finds this transaction low risk due to weekend timing (score 0.044),"{""source"": ""transactions_a.csv"", ""channel"": ""Branch"", ""tx_type"": ""withdrawal"", ""currency"": ""USD"", ""amount"": 7.98, ""amount_in_usd"": 7.98}",No action (low risk cleared),Pending review,Awaiting investigator
TXN_972533,2026-09-18 12:10:40 UTC,0.0326,No high-risk rules triggered,Model finds this transaction low risk with no strong anomaly indicators (score 0.033),"{""source"": ""transactions_a.csv"", ""channel"": ""POS"", ""tx_type"": ""purchase"", ""currency"": ""USD"", ""amount"": 22.22, ""amount_in_usd"": 22.22}",No action (low risk cleared),Pending review,Awaiting investigator
TXN_832799,2026-09-18 12:10:40 UTC,0.0519,Weekend transaction,Model finds this transaction low risk due to weekend timing (score 0.052),"{""source"": ""transactions_a.csv"", ""channel"": ""POS"", ""tx_type"": ""transfer"", ""currency"": ""USD"", ""amount"": 99.66, ""amount_in_usd"": 99.66}",No action (low risk cleared),Pending review,Awaiting investigator
TXN_507768,2026-09-18 12:10:40 UTC,0.0200,No high-risk rules triggered,Model finds this transaction low risk with no strong anomaly indicators (score 0.020),"{""source"": ""transactions_a.csv"", ""channel"": ""Mobile"", ""tx_type"": ""transfer"", ""currency"": ""USD"", ""amount"": 110.88, ""amount_in_usd"": 110.88}",No action (low risk cleared),Pending review,Awaiting investigator
TXN_814897,2026-09-18 12:10:40 UTC,0.0136,No high-risk rules triggered,Model finds this transaction low risk with no strong anomaly indicators (score 0.014),"{""source"": ""transactions_a.csv"", ""channel"": ""Online"", ""tx_type"": ""purchase"", ""currency"": ""USD"", ""amount"": 16.18, ""amount_in_usd"": 16.18}",No action (low risk cleared),Pending review,Awaiting investigator
TXN_955599,2026-09-18 12:10:40 UTC,0.0168,Weekend transaction,Model finds this transaction low risk due to weekend timing (score 0.017),"{""source"": ""transactions_a.csv"", ""channel"": ""Mobile"", ""tx_type"": ""purchase"", ""currency"": ""USD"", ""amount"": 26.59, ""amount_in_usd"": 26.59}",No action (low risk cleared),Pending review,Awaiting investigator
TXN_229870,2026-09-18 12:10:40 UTC,0.0173,No high-risk rules triggered,Model finds this transaction low risk with no strong anomaly indicators (score 0.017),"{""source"": ""transactions_a.csv"", ""channel"": ""Online"", ""tx_type"": ""purchase"", ""currency"": ""USD"", ""amount"": 11.54, ""amount_in_usd"": 11.54}",No action (low risk cleared),Pending review,Awaiting investigator
TXN_271609,2026-09-18 12:10:40 UTC,0.0454,No high-risk rules triggered,Model finds this transaction low risk with no strong anomaly indicators (score 0.045),"{""source"": ""transactions_a.csv"", ""channel"": ""Branch"", ""tx_type"": ""withdrawal"", ""currency"": ""USD"", ""amount"": 180.46, ""amount_in_usd"": 180.46}",No action (low risk cleared),Pending review,Awaiting investigator
TXN_506547,2026-09-18 12:10:40 UTC,0.0210,Weekend transaction,Model finds this transaction low risk due to weekend timing (score 0.021),"{""source"": ""transactions_a.csv"", ""channel"": ""Online"", ""tx_type"": ""purchase"", ""currency"": ""USD"", ""amount"": 45.77, ""amount_in_usd"": 45.77}",No action (low risk cleared),Pending review,Awaiting investigator
TXN_163370,2026-09-18 12:10:40 UTC,0.0093,No high-risk rules triggered,Model finds this transaction low risk with no strong anomaly indicators (score 0.009),"{""source"": ""transactions_a.csv"", ""channel"": ""Mobile"", ""tx_type"": ""transfer"", ""currency"": ""USD"", ""amount"": 37.18, ""amount_in_usd"": 37.18}",No action (low risk cleared),Pending review,Awaiting investigator
TXN_996230,2026-09-18 12:10:40 UTC,0.0566,No high-risk rules triggered,Model finds this transaction low risk with no strong anomaly indicators (score 0.057),"{""source"": ""transactions_a.csv"", ""channel"": ""ATM"", ""tx_type"": ""purchase"", ""currency"": ""USD"", ""amount"": 3.51, ""amount_in_usd"": 3.51}",No action (low risk cleared),Pending review,Awaiting investigator
TXN_739042,2026-09-18 12:10:40 UTC,0.0546,No high-risk rules triggered,Model finds this transaction low risk with no strong anomaly indicators (score 0.055),"{""source"": ""transactions_a.csv"", ""channel"": ""POS"", ""tx_type"": ""withdrawal"", ""currency"": ""USD"", ""amount"": 217.18, ""amount_in_usd"": 217.18}",No action (low risk cleared),Pending review,Awaiting investigator
TXN_956005,2026-09-18 12:10:40 UTC,0.0325,No high-risk rules triggered,Model finds this transaction low risk with no strong anomaly indicators (score 0.033),"{""source"": ""transactions_a.csv"", ""channel"": ""POS"", ""tx_type"": ""withdrawal"", ""currency"": ""USD"", ""amount"": 23.62, ""amount_in_usd"": 23.62}",No action (low risk cleared),Pending review,Awaiting investigator
TXN_189558,2026-09-18 12:10:40 UTC,0.0942,Weekend transaction,Model finds this transaction low risk due to weekend timing (score 0.094),"{""source"": ""transactions_a.csv"", ""channel"": ""POS"", ""tx_type"": ""payment"", ""currency"": ""USD"", ""amount"": 448.08, ""amount_in_usd"": 448.08}",No action (low risk cleared),Pending review,Awaiting investigator
TXN_704083,2026-09-18 12:10:40 UTC,0.0174,No high-risk rules triggered,Model finds this transaction low risk with no strong anomaly indicators (score 0.017),"{""source"": ""transactions_a.csv"", ""channel"": ""Online"", ""tx_type"": ""purchase"", ""currency"": ""USD"", ""amount"": 97.09, ""amount_in_usd"": 97.09}",No action (low risk cleared),Pending review,Awaiting investigator
TXN_658688,2026-09-18 12:10:40 UTC,0.0514,No high-risk rules triggered,Model finds this transaction low risk with no strong anomaly indicators (score 0.051),"{""source"": ""transactions_a.csv"", ""channel"": ""POS"", ""tx_type"": ""transfer"", ""currency"": ""USD"", ""amount"": 131.87, ""amount_in_usd"": 131.87}",No action (low risk cleared),Pending review,Awaiting investigator
TXN_995356,2026-09-18 12:10:40 UTC,0.0202,No high-risk rules triggered,Model finds this transaction low risk with no strong anomaly indicators (score 0.020),"{""source"": ""transactions_a.csv"", ""channel"": ""Mobile"", ""tx_type"": ""purchase"", ""currency"": ""USD"", ""amount"": 20.09, ""amount_in_usd"": 20.09}",No action (low risk cleared),Pending review,Awaiting investigator
TXN_978828,2026-09-18 12:10:40 UTC,0.0482,No high-risk rules triggered,Model finds this transaction low risk with no strong anomaly indicators (score 0.048),"{""source"": ""transactions_a.csv"", ""channel"": ""Online"", ""tx_type"": ""purchase"", ""currency"": ""USD"", ""amount"": 253.62, ""amount_in_usd"": 253.62}",No action (low risk cleared),Pending review,Awaiting investigator
TXN_353296,2026-09-18 12:10:40 UTC,0.0349,No high-risk rules triggered,Model finds this transaction low risk with no strong anomaly indicators (score 0.035),"{""source"": ""transactions_a.csv"", ""channel"": ""Online"", ""tx_type"": ""payment"", ""currency"": ""USD"", ""amount"": 38.8, ""amount_in_usd"": 38.8}",No action (low risk cleared),Pending review,Awaiting investigator
TXN_125704,2026-09-18 12:10:40 UTC,0.0273,No high-risk rules triggered,Model finds this transaction low risk with no strong anomaly indicators (score 0.027),"{""source"": ""transactions_a.csv"", ""channel"": ""Mobile"", ""tx_type"": ""transfer"", ""currency"": ""USD"", ""amount"": 58.9, ""amount_in_usd"": 58.9}",No action (low risk cleared),Pending review,Awaiting investigator
TXN_151819,2026-09-18 12:10:40 UTC,0.8550,No high-risk rules triggered,Model strongly flags this transaction with no strong anomaly indicators (score 0.855),"{""source"": ""transactions_a.csv"", ""channel"": ""Online"", ""tx_type"": ""purchase"", ""currency"": ""USD"", ""amount"": 375.89, ""amount_in_usd"": 375.89}",Flagged for review,Pending review,Awaiting investigator
TXN_990009,2026-09-18 12:10:40 UTC,0.0772,No high-risk rules triggered,Model finds this transaction low risk with no strong anomaly indicators (score 0.077),"{""source"": ""transactions_a.csv"", ""channel"": ""POS"", ""tx_type"": ""purchase"", ""currency"": ""USD"", ""amount"": 47.25, ""amount_in_usd"": 47.25}",No action (low risk cleared),Pending review,Awaiting investigator
TXN_133666,2026-09-18 12:10:40 UTC,0.0983,"Unusual hour (night, outside 06:00-22:00); Weekend transaction","Model finds this transaction low risk due to occurred at night, weekend timing (score 0.098)","{""source"": ""transactions_a.csv"", ""channel"": ""Mobile"", ""tx_type"": ""purchase"", ""currency"": ""USD"", ""amount"": 7.07, ""amount_in_usd"": 7.07}",No action (low risk cleared),Pending review,Awaiting investigator
TXN_450703,2026-09-18 12:10:40 UTC,0.0259,No high-risk rules triggered,Model finds this transaction low risk with no strong anomaly indicators (score 0.026),"{""source"": ""transactions_a.csv"", ""channel"": ""Mobile"", ""tx_type"": ""purchase"", ""currency"": ""USD"", ""amount"": 11.43, ""amount_in_usd"": 11.43}",No action (low risk cleared),Pending review,Awaiting investigator
TXN_872461,2026-09-18 12:10:40 UTC,0.0388,No high-risk rules triggered,Model finds this transaction low risk with no strong anomaly indicators (score 0.039),"{""source"": ""transactions_a.csv"", ""channel"": ""Online"", ""tx_type"": ""withdrawal"", ""currency"": ""USD"", ""amount"": 11.75, ""amount_in_usd"": 11.75}",No action (low risk cleared),Pending review,Awaiting investigator
TXN_523145,2026-09-18 12:10:40 UTC,0.0075,No high-risk rules triggered,Model finds this transaction low risk with no strong anomaly indicators (score 0.007),"{""source"": ""transactions_a.csv"", ""channel"": ""Mobile"", ""tx_type"": ""transfer"", ""currency"": ""USD"", ""amount"": 12.81, ""amount_in_usd"": 12.81}",No action (low risk cleared),Pending review,Awaiting investigator
TXN_178978,2026-09-18 12:10:40 UTC,0.0657,No high-risk rules triggered,Model finds this transaction low risk with no strong anomaly indicators (score 0.066),"{""source"": ""transactions_a.csv"", ""channel"": ""Online"", ""tx_type"": ""withdrawal"", ""currency"": ""USD"", ""amount"": 62.96, ""amount_in_usd"": 62.96}",No action (low risk cleared),Pending review,Awaiting investigator
TXN_924387,2026-09-18 12:10:40 UTC,0.0438,Weekend transaction,Model finds this transaction low risk due to weekend timing (score 0.044),"{""source"": ""transactions_a.csv"", ""channel"": ""Online"", ""tx_type"": ""withdrawal"", ""currency"": ""USD"", ""amount"": 12.0, ""amount_in_usd"": 12.0}",No action (low risk cleared),Pending review,Awaiting investigator
TXN_885244,2026-09-18 12:10:40 UTC,0.0904,No high-risk rules triggered,Model finds this transaction low risk with no strong anomaly indicators (score 0.090),"{""source"": ""transactions_a.csv"", ""channel"": ""Branch"", ""tx_type"": ""payment"", ""currency"": ""USD"", ""amount"": 180.39, ""amount_in_usd"": 180.39}",No action (low risk cleared),Pending review,Awaiting investigator
TXN_846390,2026-09-18 12:10:40 UTC,0.0376,No high-risk rules triggered,Model finds this transaction low risk with no strong anomaly indicators (score 0.038),"{""source"": ""transactions_a.csv"", ""channel"": ""POS"", ""tx_type"": ""withdrawal"", ""currency"": ""USD"", ""amount"": 11.91, ""amount_in_usd"": 11.91}",No action (low risk cleared),Pending review,Awaiting investigator
TXN_701417,2026-09-18 12:10:40 UTC,0.0300,Weekend transaction,Model finds this transaction low risk due to weekend timing (score 0.030),"{""source"": ""transactions_a.csv"", ""channel"": ""ATM"", ""tx_type"": ""purchase"", ""currency"": ""USD"", ""amount"": 77.77, ""amount_in_usd"": 77.77}",No action (low risk cleared),Pending review,Awaiting investigator
TXN_735020,2026-09-18 12:10:40 UTC,0.0468,No high-risk rules triggered,Model finds this transaction low risk with no strong anomaly indicators (score 0.047),"{""source"": ""transactions_a.csv"", ""channel"": ""ATM"", ""tx_type"": ""payment"", ""currency"": ""USD"", ""amount"": 26.06, ""amount_in_usd"": 26.06}",No action (low risk cleared),Pending review,Awaiting investigator
TXN_170723,2026-09-18 12:10:40 UTC,0.0456,Online + international (typical fraud vector),Model finds this transaction low risk due to online and international (score 0.046),"{""source"": ""transactions_a.csv"", ""channel"": ""Mobile"", ""tx_type"": ""purchase"", ""currency"": ""USD"", ""amount"": 6.9, ""amount_in_usd"": 6.9}",No action (low risk cleared),Pending review,Awaiting investigator
TXN_908957,2026-09-18 12:10:40 UTC,0.0331,No high-risk rules triggered,Model finds this transaction low risk with no strong anomaly indicators (score 0.033),"{""source"": ""transactions_a.csv"", ""channel"": ""Mobile"", ""tx_type"": ""purchase"", ""currency"": ""USD"", ""amount"": 19.76, ""amount_in_usd"": 19.76}",No action (low risk cleared),Pending review,Awaiting investigator
TXN_188657,2026-09-18 12:10:40 UTC,0.0613,No high-risk rules triggered,Model finds this transaction low risk with no strong anomaly indicators (score 0.061),"{""source"": ""transactions_a.csv"", ""channel"": ""Online"", ""tx_type"": ""purchase"", ""currency"": ""USD"", ""amount"": 2.6, ""amount_in_usd"": 2.6}",No action (low risk cleared),Pending review,Awaiting investigator
TXN_346064,2026-09-18 12:10:40 UTC,0.0140,No high-risk rules triggered,Model finds this transaction low risk with no strong anomaly indicators (score 0.014),"{""source"": ""transactions_a.csv"", ""channel"": ""Online"", ""tx_type"": ""purchase"", ""currency"": ""USD"", ""amount"": 29.11, ""amount_in_usd"": 29.11}",No action (low risk cleared),Pending review,Awaiting investigator
TXN_468345,2026-09-18 12:10:40 UTC,0.0536,No high-risk rules triggered,Model finds this transaction low risk with no strong anomaly indicators (score 0.054),"{""source"": ""transactions_a.csv"", ""channel"": ""POS"", ""tx_type"": ""transfer"", ""currency"": ""USD"", ""amount"": 8.19, ""amount_in_usd"": 8.19}",No action (low risk cleared),Pending review,Awaiting investigator
TXN_869369,2026-09-18 12:10:40 UTC,0.0538,No high-risk rules triggered,Model finds this transaction low risk with no strong anomaly indicators (score 0.054),"{""source"": ""transactions_a.csv"", ""channel"": ""POS"", ""tx_type"": ""transfer"", ""currency"": ""USD"", ""amount"": 35.31, ""amount_in_usd"": 35.31}",No action (low risk cleared),Pending review,Awaiting investigator
TXN_685789,2026-09-18 12:10:40 UTC,0.0190,No high-risk rules triggered,Model finds this transaction low risk with no strong anomaly indicators (score 0.019),"{""source"": ""transactions_a.csv"", ""channel"": ""Mobile"", ""tx_type"": ""withdrawal"", ""currency"": ""USD"", ""amount"": 14.24, ""amount_in_usd"": 14.24}",No action (low risk cleared),Pending review,Awaiting investigator
TXN_200150,2026-09-18 12:10:40 UTC,0.0220,No high-risk rules triggered,Model finds this transaction low risk with no strong anomaly indicators (score 0.022),"{""source"": ""transactions_a.csv"", ""channel"": ""Online"", ""tx_type"": ""purchase"", ""currency"": ""USD"", ""amount"": 13.0, ""amount_in_usd"": 13.0}",No action (low risk cleared),Pending review,Awaiting investigator
TXN_471869,2026-09-18 12:10:40 UTC,0.1234,"Unusual hour (night, outside 06:00-22:00)",Model finds this transaction low risk due to occurred at night (score 0.123),"{""source"": ""transactions_a.csv"", ""channel"": ""Online"", ""tx_type"": ""transfer"", ""currency"": ""USD"", ""amount"": 311.85, ""amount_in_usd"": 311.85}",No action (low risk cleared),Pending review,Awaiting investigator
TXN_427218,2026-09-18 12:10:40 UTC,0.0467,No high-risk rules triggered,Model finds this transaction low risk with no strong anomaly indicators (score 0.047),"{""source"": ""transactions_a.csv"", ""channel"": ""POS"", ""tx_type"": ""withdrawal"", ""currency"": ""USD"", ""amount"": 55.78, ""amount_in_usd"": 55.78}",No action (low risk cleared),Pending review,Awaiting investigator
TXN_604908,2026-09-18 12:10:40 UTC,0.1712,No high-risk rules triggered,Model finds this transaction low risk with no strong anomaly indicators (score 0.171),"{""source"": ""transactions_a.csv"", ""channel"": ""Online"", ""tx_type"": ""withdrawal"", ""currency"": ""USD"", ""amount"": 310.14, ""amount_in_usd"": 310.14}",No action (low risk cleared),Pending review,Awaiting investigator
TXN_361854,2026-09-18 12:10:40 UTC,0.0955,"Unusual hour (night, outside 06:00-22:00); Weekend transaction; Late-night online purchase","Model finds this transaction low risk due to occurred at night, weekend timing (score 0.096)","{""source"": ""transactions_a.csv"", ""channel"": ""Branch"", ""tx_type"": ""transfer"", ""currency"": ""USD"", ""amount"": 17.75, ""amount_in_usd"": 17.75}",No action (low risk cleared),Pending review,Awaiting investigator
TXN_901278,2026-09-18 12:10:40 UTC,0.0160,No high-risk rules triggered,Model finds this transaction low risk with no strong anomaly indicators (score 0.016),"{""source"": ""transactions_a.csv"", ""channel"": ""Online"", ""tx_type"": ""payment"", ""currency"": ""USD"", ""amount"": 61.06, ""amount_in_usd"": 61.06}",No action (low risk cleared),Pending review,Awaiting investigator
TXN_692121,2026-09-18 12:10:40 UTC,0.0480,Weekend transaction,Model finds this transaction low risk due to weekend timing (score 0.048),"{""source"": ""transactions_a.csv"", ""channel"": ""POS"", ""tx_type"": ""payment"", ""currency"": ""USD"", ""amount"": 13.95, ""amount_in_usd"": 13.95}",No action (low risk cleared),Pending review,Awaiting investigator
TXN_749359,2026-09-18 12:10:40 UTC,0.0346,Weekend transaction,Model finds this transaction low risk due to weekend timing (score 0.035),"{""source"": ""transactions_a.csv"", ""channel"": ""POS"", ""tx_type"": ""withdrawal"", ""currency"": ""USD"", ""amount"": 28.58, ""amount_in_usd"": 28.58}",No action (low risk cleared),Pending review,Awaiting investigator
TXN_540144,2026-09-18 12:10:40 UTC,0.0685,No high-risk rules triggered,Model finds this transaction low risk with no strong anomaly indicators (score 0.069),"{""source"": ""transactions_a.csv"", ""channel"": ""ATM"", ""tx_type"": ""withdrawal"", ""currency"": ""USD"", ""amount"": 68.98, ""amount_in_usd"": 68.98}",No action (low risk cleared),Pending review,Awaiting investigator
TXN_933445,2026-09-18 12:10:40 UTC,0.0564,No high-risk rules triggered,Model finds this transaction low risk with no strong anomaly indicators (score 0.056),"{""source"": ""transactions_a.csv"", ""channel"": ""Branch"", ""tx_type"": ""withdrawal"", ""currency"": ""USD"", ""amount"": 2.57, ""amount_in_usd"": 2.57}",No action (low risk cleared),Pending review,Awaiting investigator
TXN_812799,2026-09-18 12:10:40 UTC,0.0918,Weekend transaction,Model finds this transaction low risk due to weekend timing (score 0.092),"{""source"": ""transactions_a.csv"", ""channel"": ""Branch"", ""tx_type"": ""withdrawal"", ""currency"": ""USD"", ""amount"": 22.57, ""amount_in_usd"": 22.57}",No action (low risk cleared),Pending review,Awaiting investigator
TXN_925844,2026-09-18 12:10:40 UTC,0.0516,No high-risk rules triggered,Model finds this transaction low risk with no strong anomaly indicators (score 0.052),"{""source"": ""transactions_a.csv"", ""channel"": ""POS"", ""tx_type"": ""transfer"", ""currency"": ""USD"", ""amount"": 63.24, ""amount_in_usd"": 63.24}",No action (low risk cleared),Pending review,Awaiting investigator
TXN_216469,2026-09-18 12:10:40 UTC,0.0170,Weekend transaction,Model finds this transaction low risk due to weekend timing (score 0.017),"{""source"": ""transactions_a.csv"", ""channel"": ""Online"", ""tx_type"": ""purchase"", ""currency"": ""USD"", ""amount"": 14.68, ""amount_in_usd"": 14.68}",No action (low risk cleared),Pending review,Awaiting investigator
TXN_758020,2026-09-18 12:10:40 UTC,0.0245,No high-risk rules triggered,Model finds this transaction low risk with no strong anomaly indicators (score 0.025),"{""source"": ""transactions_a.csv"", ""channel"": ""Branch"", ""tx_type"": ""withdrawal"", ""currency"": ""USD"", ""amount"": 44.92, ""amount_in_usd"": 44.92}",No action (low risk cleared),Pending review,Awaiting investigator
TXN_386975,2026-09-18 12:10:40 UTC,0.0460,Weekend transaction,Model finds this transaction low risk due to weekend timing (score 0.046),"{""source"": ""transactions_a.csv"", ""channel"": ""Branch"", ""tx_type"": ""payment"", ""currency"": ""USD"", ""amount"": 41.58, ""amount_in_usd"": 41.58}",No action (low risk cleared),Pending review,Awaiting investigator
TXN_623471,2026-09-18 12:10:40 UTC,0.0477,Weekend transaction,Model finds this transaction low risk due to weekend timing (score 0.048),"{""source"": ""transactions_a.csv"", ""channel"": ""Online"", ""tx_type"": ""withdrawal"", ""currency"": ""USD"", ""amount"": 15.22, ""amount_in_usd"": 15.22}",No action (low risk cleared),Pending review,Awaiting investigator
TXN_509148,2026-09-18 12:10:40 UTC,0.0575,Online + international (typical fraud vector),Model finds this transaction low risk due to online and international (score 0.058),"{""source"": ""transactions_a.csv"", ""channel"": ""Mobile"", ""tx_type"": ""withdrawal"", ""currency"": ""USD"", ""amount"": 35.01, ""amount_in_usd"": 35.01}",No action (low risk cleared),Pending review,Awaiting investigator
TXN_772605,2026-09-18 12:10:40 UTC,0.0258,Weekend transaction,Model finds this transaction low risk due to weekend timing (score 0.026),"{""source"": ""transactions_a.csv"", ""channel"": ""ATM"", ""tx_type"": ""purchase"", ""currency"": ""USD"", ""amount"": 12.65, ""amount_in_usd"": 12.65}",No action (low risk cleared),Pending review,Awaiting investigator
TXN_667844,2026-09-18 12:10:40 UTC,0.0518,No high-risk rules triggered,Model finds this transaction low risk with no strong anomaly indicators (score 0.052),"{""source"": ""transactions_a.csv"", ""channel"": ""ATM"", ""tx_type"": ""purchase"", ""currency"": ""USD"", ""amount"": 22.66, ""amount_in_usd"": 22.66}",No action (low risk cleared),Pending review,Awaiting investigator
TXN_745666,2026-09-18 12:10:40 UTC,0.0950,No high-risk rules triggered,Model finds this transaction low risk with no strong anomaly indicators (score 0.095),"{""source"": ""transactions_a.csv"", ""channel"": ""Online"", ""tx_type"": ""transfer"", ""currency"": ""USD"", ""amount"": 533.11, ""amount_in_usd"": 533.11}",No action (low risk cleared),Pending review,Awaiting investigator
TXN_824078,2026-09-18 12:10:40 UTC,0.0579,No high-risk rules triggered,Model finds this transaction low risk with no strong anomaly indicators (score 0.058),"{""source"": ""transactions_a.csv"", ""channel"": ""Online"", ""tx_type"": ""payment"", ""currency"": ""USD"", ""amount"": 4.95, ""amount_in_usd"": 4.95}",No action (low risk cleared),Pending review,Awaiting investigator
TXN_679140,2026-09-18 12:10:40 UTC,0.0193,Weekend transaction,Model finds this transaction low risk due to weekend timing (score 0.019),"{""source"": ""transactions_a.csv"", ""channel"": ""Online"", ""tx_type"": ""purchase"", ""currency"": ""USD"", ""amount"": 56.57, ""amount_in_usd"": 56.57}",No action (low risk cleared),Pending review,Awaiting investigator
TXN_614041,2026-09-18 12:10:41 UTC,0.0234,Weekend transaction,Model finds this transaction low risk due to weekend timing (score 0.023),"{""source"": ""transactions_a.csv"", ""channel"": ""Online"", ""tx_type"": ""withdrawal"", ""currency"": ""USD"", ""amount"": 17.33, ""amount_in_usd"": 17.33}",No action (low risk cleared),Pending review,Awaiting investigator
TXN_737116,2026-09-18 12:10:41 UTC,0.0491,No high-risk rules triggered,Model finds this transaction low risk with no strong anomaly indicators (score 0.049),"{""source"": ""transactions_a.csv"", ""channel"": ""POS"", ""tx_type"": ""purchase"", ""currency"": ""USD"", ""amount"": 3.93, ""amount_in_usd"": 3.93}",No action (low risk cleared),Pending review,Awaiting investigator
TXN_460531,2026-09-18 12:10:41 UTC,0.0170,Weekend transaction,Model finds this transaction low risk due to weekend timing (score 0.017),"{""source"": ""transactions_a.csv"", ""channel"": ""POS"", ""tx_type"": ""purchase"", ""currency"": ""USD"", ""amount"": 18.93, ""amount_in_usd"": 18.93}",No action (low risk cleared),Pending review,Awaiting investigator
TXN_335679,2026-09-18 12:10:41 UTC,0.0325,Weekend transaction,Model finds this transaction low risk due to weekend timing (score 0.033),"{""source"": ""transactions_a.csv"", ""channel"": ""POS"", ""tx_type"": ""payment"", ""currency"": ""USD"", ""amount"": 25.49, ""amount_in_usd"": 25.49}",No action (low risk cleared),Pending review,Awaiting investigator
TXN_357313,2026-09-18 12:10:41 UTC,0.0327,No high-risk rules triggered,Model finds this transaction low risk with no strong anomaly indicators (score 0.033),"{""source"": ""transactions_a.csv"", ""channel"": ""Branch"", ""tx_type"": ""withdrawal"", ""currency"": ""USD"", ""amount"": 47.27, ""amount_in_usd"": 47.27}",No action (low risk cleared),Pending review,Awaiting investigator
TXN_684898,2026-09-18 12:10:41 UTC,0.0323,Weekend transaction,Model finds this transaction low risk due to weekend timing (score 0.032),"{""source"": ""transactions_a.csv"", ""channel"": ""Online"", ""tx_type"": ""purchase"", ""currency"": ""USD"", ""amount"": 151.15, ""amount_in_usd"": 151.15}",No action (low risk cleared),Pending review,Awaiting investigator
TXN_534748,2026-09-18 12:10:41 UTC,0.0785,Weekend transaction,Model finds this transaction low risk due to weekend timing (score 0.079),"{""source"": ""transactions_a.csv"", ""channel"": ""ATM"", ""tx_type"": ""payment"", ""currency"": ""USD"", ""amount"": 105.8, ""amount_in_usd"": 105.8}",No action (low risk cleared),Pending review,Awaiting investigator
TXN_568870,2026-09-18 12:10:41 UTC,0.1203,Weekend transaction,Model finds this transaction low risk due to weekend timing (score 0.120),"{""source"": ""transactions_a.csv"", ""channel"": ""Branch"", ""tx_type"": ""transfer"", ""currency"": ""USD"", ""amount"": 754.07, ""amount_in_usd"": 754.07}",No action (low risk cleared),Pending review,Awaiting investigator
TXN_694374,2026-09-18 12:10:41 UTC,0.0323,No high-risk rules triggered,Model finds this transaction low risk with no strong anomaly indicators (score 0.032),"{""source"": ""transactions_a.csv"", ""channel"": ""ATM"", ""tx_type"": ""purchase"", ""currency"": ""USD"", ""amount"": 28.04, ""amount_in_usd"": 28.04}",No action (low risk cleared),Pending review,Awaiting investigator
TXN_220996,2026-09-18 12:10:41 UTC,0.0169,No high-risk rules triggered,Model finds this transaction low risk with no strong anomaly indicators (score 0.017),"{""source"": ""transactions_a.csv"", ""channel"": ""Online"", ""tx_type"": ""payment"", ""currency"": ""USD"", ""amount"": 17.17, ""amount_in_usd"": 17.17}",No action (low risk cleared),Pending review,Awaiting investigator
TXN_644375,2026-09-18 12:10:41 UTC,0.0588,Weekend transaction,Model finds this transaction low risk due to weekend timing (score 0.059),"{""source"": ""transactions_a.csv"", ""channel"": ""Online"", ""tx_type"": ""payment"", ""currency"": ""USD"", ""amount"": 84.1, ""amount_in_usd"": 84.1}",No action (low risk cleared),Pending review,Awaiting investigator
TXN_393138,2026-09-18 12:10:41 UTC,0.0109,No high-risk rules triggered,Model finds this transaction low risk with no strong anomaly indicators (score 0.011),"{""source"": ""transactions_a.csv"", ""channel"": ""Online"", ""tx_type"": ""withdrawal"", ""currency"": ""USD"", ""amount"": 16.31, ""amount_in_usd"": 16.31}",No action (low risk cleared),Pending review,Awaiting investigator
TXN_782319,2026-09-18 12:10:41 UTC,0.1323,No high-risk rules triggered,Model finds this transaction low risk with no strong anomaly indicators (score 0.132),"{""source"": ""transactions_a.csv"", ""channel"": ""Online"", ""tx_type"": ""purchase"", ""currency"": ""USD"", ""amount"": 1169.44, ""amount_in_usd"": 1169.44}",No action (low risk cleared),Pending review,Awaiting investigator
TXN_372914,2026-09-18 12:10:41 UTC,0.0319,No high-risk rules triggered,Model finds this transaction low risk with no strong anomaly indicators (score 0.032),"{""source"": ""transactions_a.csv"", ""channel"": ""POS"", ""tx_type"": ""purchase"", ""currency"": ""USD"", ""amount"": 48.09, ""amount_in_usd"": 48.09}",No action (low risk cleared),Pending review,Awaiting investigator
TXN_901181,2026-09-18 12:10:41 UTC,0.0929,No high-risk rules triggered,Model finds this transaction low risk with no strong anomaly indicators (score 0.093),"{""source"": ""transactions_a.csv"", ""channel"": ""ATM"", ""tx_type"": ""purchase"", ""currency"": ""USD"", ""amount"": 1.17, ""amount_in_usd"": 1.17}",No action (low risk cleared),Pending review,Awaiting investigator
TXN_617444,2026-09-18 12:10:41 UTC,0.0507,No high-risk rules triggered,Model finds this transaction low risk with no strong anomaly indicators (score 0.051),"{""source"": ""transactions_a.csv"", ""channel"": ""Branch"", ""tx_type"": ""purchase"", ""currency"": ""USD"", ""amount"": 143.12, ""amount_in_usd"": 143.12}",No action (low risk cleared),Pending review,Awaiting investigator
TXN_906370,2026-09-18 12:10:41 UTC,0.0315,Weekend transaction,Model finds this transaction low risk due to weekend timing (score 0.032),"{""source"": ""transactions_a.csv"", ""channel"": ""Online"", ""tx_type"": ""transfer"", ""currency"": ""USD"", ""amount"": 29.01, ""amount_in_usd"": 29.01}",No action (low risk cleared),Pending review,Awaiting investigator
TXN_649358,2026-09-18 12:10:41 UTC,0.0126,No high-risk rules triggered,Model finds this transaction low risk with no strong anomaly indicators (score 0.013),"{""source"": ""transactions_a.csv"", ""channel"": ""POS"", ""tx_type"": ""purchase"", ""currency"": ""USD"", ""amount"": 14.23, ""amount_in_usd"": 14.23}",No action (low risk cleared),Pending review,Awaiting investigator
TXN_369010,2026-09-18 12:10:41 UTC,0.0194,Weekend transaction,Model finds this transaction low risk due to weekend timing (score 0.019),"{""source"": ""transactions_a.csv"", ""channel"": ""Mobile"", ""tx_type"": ""purchase"", ""currency"": ""USD"", ""amount"": 13.26, ""amount_in_usd"": 13.26}",No action (low risk cleared),Pending review,Awaiting investigator
TXN_460555,2026-09-18 12:10:41 UTC,0.0498,No high-risk rules triggered,Model finds this transaction low risk with no strong anomaly indicators (score 0.050),"{""source"": ""transactions_a.csv"", ""channel"": ""ATM"", ""tx_type"": ""purchase"", ""currency"": ""USD"", ""amount"": 46.28, ""amount_in_usd"": 46.28}",No action (low risk cleared),Pending review,Awaiting investigator
TXN_270875,2026-09-18 12:10:41 UTC,0.0608,Weekend transaction; Late-night online purchase,Model finds this transaction low risk due to weekend timing (score 0.061),"{""source"": ""transactions_a.csv"", ""channel"": ""POS"", ""tx_type"": ""transfer"", ""currency"": ""USD"", ""amount"": 95.97, ""amount_in_usd"": 95.97}",No action (low risk cleared),Pending review,Awaiting investigator
TXN_146907,2026-09-18 12:10:41 UTC,0.0488,Weekend transaction,Model finds this transaction low risk due to weekend timing (score 0.049),"{""source"": ""transactions_a.csv"", ""channel"": ""POS"", ""tx_type"": ""payment"", ""currency"": ""USD"", ""amount"": 105.9, ""amount_in_usd"": 105.9}",No action (low risk cleared),Pending review,Awaiting investigator
TXN_892766,2026-09-18 12:10:41 UTC,0.0529,No high-risk rules triggered,Model finds this transaction low risk with no strong anomaly indicators (score 0.053),"{""source"": ""transactions_a.csv"", ""channel"": ""Branch"", ""tx_type"": ""purchase"", ""currency"": ""USD"", ""amount"": 34.77, ""amount_in_usd"": 34.77}",No action (low risk cleared),Pending review,Awaiting investigator
TXN_293969,2026-09-18 12:10:41 UTC,0.0111,No high-risk rules triggered,Model finds this transaction low risk with no strong anomaly indicators (score 0.011),"{""source"": ""transactions_a.csv"", ""channel"": ""Mobile"", ""tx_type"": ""purchase"", ""currency"": ""USD"", ""amount"": 85.89, ""amount_in_usd"": 85.89}",No action (low risk cleared),Pending review,Awaiting investigator
TXN_519577,2026-09-18 12:10:41 UTC,0.0330,No high-risk rules triggered,Model finds this transaction low risk with no strong anomaly indicators (score 0.033),"{""source"": ""transactions_a.csv"", ""channel"": ""Mobile"", ""tx_type"": ""purchase"", ""currency"": ""USD"", ""amount"": 8.81, ""amount_in_usd"": 8.81}",No action (low risk cleared),Pending review,Awaiting investigator
TXN_444493,2026-09-18 12:10:41 UTC,0.0208,No high-risk rules triggered,Model finds this transaction low risk with no strong anomaly indicators (score 0.021),"{""source"": ""transactions_a.csv"", ""channel"": ""Branch"", ""tx_type"": ""purchase"", ""currency"": ""USD"", ""amount"": 35.5, ""amount_in_usd"": 35.5}",No action (low risk cleared),Pending review,Awaiting investigator
TXN_789453,2026-09-18 12:10:41 UTC,0.0616,Weekend transaction,Model finds this transaction low risk due to weekend timing (score 0.062),"{""source"": ""transactions_a.csv"", ""channel"": ""POS"", ""tx_type"": ""withdrawal"", ""currency"": ""USD"", ""amount"": 15.48, ""amount_in_usd"": 15.48}",No action (low risk cleared),Pending review,Awaiting investigator
TXN_136710,2026-09-18 12:10:41 UTC,0.0255,No high-risk rules triggered,Model finds this transaction low risk with no strong anomaly indicators (score 0.025),"{""source"": ""transactions_a.csv"", ""channel"": ""Online"", ""tx_type"": ""transfer"", ""currency"": ""USD"", ""amount"": 8.96, ""amount_in_usd"": 8.96}",No action (low risk cleared),Pending review,Awaiting investigator
TXN_426929,2026-09-18 12:10:41 UTC,0.0376,No high-risk rules triggered,Model finds this transaction low risk with no strong anomaly indicators (score 0.038),"{""source"": ""transactions_a.csv"", ""channel"": ""Online"", ""tx_type"": ""purchase"", ""currency"": ""USD"", ""amount"": 12.18, ""amount_in_usd"": 12.18}",No action (low risk cleared),Pending review,Awaiting investigator
TXN_419093,2026-09-18 12:10:41 UTC,0.0583,Weekend transaction,Model finds this transaction low risk due to weekend timing (score 0.058),"{""source"": ""transactions_a.csv"", ""channel"": ""Branch"", ""tx_type"": ""withdrawal"", ""currency"": ""USD"", ""amount"": 23.99, ""amount_in_usd"": 23.99}",No action (low risk cleared),Pending review,Awaiting investigator
TXN_290222,2026-09-18 12:10:41 UTC,0.0759,No high-risk rules triggered,Model finds this transaction low risk with no strong anomaly indicators (score 0.076),"{""source"": ""transactions_a.csv"", ""channel"": ""Online"", ""tx_type"": ""withdrawal"", ""currency"": ""USD"", ""amount"": 464.69, ""amount_in_usd"": 464.69}",No action (low risk cleared),Pending review,Awaiting investigator
TXN_521567,2026-09-18 12:10:41 UTC,0.0229,No high-risk rules triggered,Model finds this transaction low risk with no strong anomaly indicators (score 0.023),"{""source"": ""transactions_a.csv"", ""channel"": ""POS"", ""tx_type"": ""purchase"", ""currency"": ""USD"", ""amount"": 7.97, ""amount_in_usd"": 7.97}",No action (low risk cleared),Pending review,Awaiting investigator
TXN_942094,2026-09-18 12:10:41 UTC,0.0522,No high-risk rules triggered,Model finds this transaction low risk with no strong anomaly indicators (score 0.052),"{""source"": ""transactions_a.csv"", ""channel"": ""POS"", ""tx_type"": ""transfer"", ""currency"": ""USD"", ""amount"": 179.25, ""amount_in_usd"": 179.25}",No action (low risk cleared),Pending review,Awaiting investigator
TXN_812138,2026-09-18 12:10:41 UTC,0.0229,Weekend transaction,Model finds this transaction low risk due to weekend timing (score 0.023),"{""source"": ""transactions_a.csv"", ""channel"": ""Online"", ""tx_type"": ""purchase"", ""currency"": ""USD"", ""amount"": 11.66, ""amount_in_usd"": 11.66}",No action (low risk cleared),Pending review,Awaiting investigator
TXN_970925,2026-09-18 12:10:41 UTC,0.0512,Weekend transaction,Model finds this transaction low risk due to weekend timing (score 0.051),"{""source"": ""transactions_a.csv"", ""channel"": ""Branch"", ""tx_type"": ""withdrawal"", ""currency"": ""USD"", ""amount"": 52.85, ""amount_in_usd"": 52.85}",No action (low risk cleared),Pending review,Awaiting investigator
TXN_851266,2026-09-18 12:10:41 UTC,0.0537,No high-risk rules triggered,Model finds this transaction low risk with no strong anomaly indicators (score 0.054),"{""source"": ""transactions_a.csv"", ""channel"": ""Online"", ""tx_type"": ""withdrawal"", ""currency"": ""USD"", ""amount"": 181.84, ""amount_in_usd"": 181.84}",No action (low risk cleared),Pending review,Awaiting investigator
TXN_549362,2026-09-18 12:10:41 UTC,0.0333,No high-risk rules triggered,Model finds this transaction low risk with no strong anomaly indicators (score 0.033),"{""source"": ""transactions_a.csv"", ""channel"": ""Online"", ""tx_type"": ""withdrawal"", ""currency"": ""USD"", ""amount"": 12.78, ""amount_in_usd"": 12.78}",No action (low risk cleared),Pending review,Awaiting investigator
TXN_312167,2026-09-18 12:10:41 UTC,0.0650,No high-risk rules triggered,Model finds this transaction low risk with no strong anomaly indicators (score 0.065),"{""source"": ""transactions_a.csv"", ""channel"": ""POS"", ""tx_type"": ""withdrawal"", ""currency"": ""USD"", ""amount"": 102.13, ""amount_in_usd"": 102.13}",No action (low risk cleared),Pending review,Awaiting investigator
TXN_263995,2026-09-18 12:10:41 UTC,0.0178,No high-risk rules triggered,Model finds this transaction low risk with no strong anomaly indicators (score 0.018),"{""source"": ""transactions_a.csv"", ""channel"": ""POS"", ""tx_type"": ""purchase"", ""currency"": ""USD"", ""amount"": 83.72, ""amount_in_usd"": 83.72}",No action (low risk cleared),Pending review,Awaiting investigator
TXN_598139,2026-09-18 12:10:41 UTC,0.8646,"Unusual hour (night, outside 06:00-22:00); Weekend transaction; Late-night online purchase","Model strongly flags this transaction due to occurred at night, weekend timing (score 0.865)","{""source"": ""transactions_a.csv"", ""channel"": ""Mobile"", ""tx_type"": ""transfer"", ""currency"": ""USD"", ""amount"": 102.82, ""amount_in_usd"": 102.82}",Flagged for review,Pending review,Awaiting investigator
TXN_600117,2026-09-18 12:10:41 UTC,0.0519,Weekend transaction,Model finds this transaction low risk due to weekend timing (score 0.052),"{""source"": ""transactions_a.csv"", ""channel"": ""Online"", ""tx_type"": ""withdrawal"", ""currency"": ""USD"", ""amount"": 42.19, ""amount_in_usd"": 42.19}",No action (low risk cleared),Pending review,Awaiting investigator
TXN_352619,2026-09-18 12:10:41 UTC,0.0389,No high-risk rules triggered,Model finds this transaction low risk with no strong anomaly indicators (score 0.039),"{""source"": ""transactions_a.csv"", ""channel"": ""Mobile"", ""tx_type"": ""purchase"", ""currency"": ""USD"", ""amount"": 30.59, ""amount_in_usd"": 30.59}",No action (low risk cleared),Pending review,Awaiting investigator
TXN_370231,2026-09-18 12:10:41 UTC,0.9704,"Unusual hour (night, outside 06:00-22:00); Online + international (typical fraud vector); Late-night online purchase","Model strongly flags this transaction due to occurred at night, online and international (score 0.970)","{""source"": ""transactions_a.csv"", ""channel"": ""POS"", ""tx_type"": ""purchase"", ""currency"": ""USD"", ""amount"": 2836.73, ""amount_in_usd"": 2836.73}",Flagged for review,Pending review,Awaiting investigator
TXN_121596,2026-09-18 12:10:41 UTC,0.1319,No high-risk rules triggered,Model finds this transaction low risk with no strong anomaly indicators (score 0.132),"{""source"": ""transactions_a.csv"", ""channel"": ""POS"", ""tx_type"": ""withdrawal"", ""currency"": ""USD"", ""amount"": 1114.62, ""amount_in_usd"": 1114.62}",No action (low risk cleared),Pending review,Awaiting investigator
TXN_338847,2026-09-18 12:10:41 UTC,0.0568,Weekend transaction,Model finds this transaction low risk due to weekend timing (score 0.057),"{""source"": ""transactions_a.csv"", ""channel"": ""Online"", ""tx_type"": ""purchase"", ""currency"": ""USD"", ""amount"": 97.27, ""amount_in_usd"": 97.27}",No action (low risk cleared),Pending review,Awaiting investigator
TXN_232291,2026-09-18 12:10:41 UTC,0.0338,Weekend transaction,Model finds this transaction low risk due to weekend timing (score 0.034),"{""source"": ""transactions_a.csv"", ""channel"": ""POS"", ""tx_type"": ""payment"", ""currency"": ""USD"", ""amount"": 53.99, ""amount_in_usd"": 53.99}",No action (low risk cleared),Pending review,Awaiting investigator
TXN_803275,2026-09-18 12:10:41 UTC,0.0389,Weekend transaction,Model finds this transaction low risk due to weekend timing (score 0.039),"{""source"": ""transactions_a.csv"", ""channel"": ""ATM"", ""tx_type"": ""transfer"", ""currency"": ""USD"", ""amount"": 18.33, ""amount_in_usd"": 18.33}",No action (low risk cleared),Pending review,Awaiting investigator
TXN_827947,2026-09-18 12:10:41 UTC,0.0521,No high-risk rules triggered,Model finds this transaction low risk with no strong anomaly indicators (score 0.052),"{""source"": ""transactions_a.csv"", ""channel"": ""Online"", ""tx_type"": ""payment"", ""currency"": ""USD"", ""amount"": 82.8, ""amount_in_usd"": 82.8}",No action (low risk cleared),Pending review,Awaiting investigator
TXN_587380,2026-09-18 12:10:41 UTC,0.0804,No high-risk rules triggered,Model finds this transaction low risk with no strong anomaly indicators (score 0.080),"{""source"": ""transactions_a.csv"", ""channel"": ""ATM"", ""tx_type"": ""purchase"", ""currency"": ""USD"", ""amount"": 61.5, ""amount_in_usd"": 61.5}",No action (low risk cleared),Pending review,Awaiting investigator
TXN_864090,2026-09-18 12:10:41 UTC,0.0936,Weekend transaction,Model finds this transaction low risk due to weekend timing (score 0.094),"{""source"": ""transactions_a.csv"", ""channel"": ""ATM"", ""tx_type"": ""payment"", ""currency"": ""USD"", ""amount"": 9.42, ""amount_in_usd"": 9.42}",No action (low risk cleared),Pending review,Awaiting investigator
TXN_114122,2026-09-18 12:10:41 UTC,0.0941,No high-risk rules triggered,Model finds this transaction low risk with no strong anomaly indicators (score 0.094),"{""source"": ""transactions_a.csv"", ""channel"": ""ATM"", ""tx_type"": ""payment"", ""currency"": ""USD"", ""amount"": 6.37, ""amount_in_usd"": 6.37}",No action (low risk cleared),Pending review,Awaiting investigator
TXN_484043,2026-09-18 12:10:41 UTC,0.0429,Weekend transaction,Model finds this transaction low risk due to weekend timing (score 0.043),"{""source"": ""transactions_a.csv"", ""channel"": ""POS"", ""tx_type"": ""payment"", ""currency"": ""USD"", ""amount"": 47.0, ""amount_in_usd"": 47.0}",No action (low risk cleared),Pending review,Awaiting investigator
TXN_947606,2026-09-18 12:10:41 UTC,0.0321,No high-risk rules triggered,Model finds this transaction low risk with no strong anomaly indicators (score 0.032),"{""source"": ""transactions_a.csv"", ""channel"": ""Branch"", ""tx_type"": ""purchase"", ""currency"": ""USD"", ""amount"": 111.96, ""amount_in_usd"": 111.96}",No action (low risk cleared),Pending review,Awaiting investigator
TXN_426502,2026-09-18 12:10:41 UTC,0.0293,No high-risk rules triggered,Model finds this transaction low risk with no strong anomaly indicators (score 0.029),"{""source"": ""transactions_a.csv"", ""channel"": ""Online"", ""tx_type"": ""withdrawal"", ""currency"": ""USD"", ""amount"": 8.56, ""amount_in_usd"": 8.56}",No action (low risk cleared),Pending review,Awaiting investigator
TXN_136278,2026-09-18 12:10:41 UTC,0.0326,Weekend transaction,Model finds this transaction low risk due to weekend timing (score 0.033),"{""source"": ""transactions_a.csv"", ""channel"": ""Mobile"", ""tx_type"": ""transfer"", ""currency"": ""USD"", ""amount"": 18.21, ""amount_in_usd"": 18.21}",No action (low risk cleared),Pending review,Awaiting investigator
TXN_334352,2026-09-18 12:10:41 UTC,0.0391,Online + international (typical fraud vector),Model finds this transaction low risk due to online and international (score 0.039),"{""source"": ""transactions_a.csv"", ""channel"": ""POS"", ""tx_type"": ""purchase"", ""currency"": ""USD"", ""amount"": 39.96, ""amount_in_usd"": 39.96}",No action (low risk cleared),Pending review,Awaiting investigator
TXN_181369,2026-09-18 12:10:41 UTC,0.0437,Weekend transaction,Model finds this transaction low risk due to weekend timing (score 0.044),"{""source"": ""transactions_a.csv"", ""channel"": ""Online"", ""tx_type"": ""transfer"", ""currency"": ""USD"", ""amount"": 12.92, ""amount_in_usd"": 12.92}",No action (low risk cleared),Pending review,Awaiting investigator
TXN_766963,2026-09-18 12:10:41 UTC,0.0432,No high-risk rules triggered,Model finds this transaction low risk with no strong anomaly indicators (score 0.043),"{""source"": ""transactions_a.csv"", ""channel"": ""Online"", ""tx_type"": ""purchase"", ""currency"": ""USD"", ""amount"": 108.37, ""amount_in_usd"": 108.37}",No action (low risk cleared),Pending review,Awaiting investigator
TXN_801633,2026-09-18 12:10:41 UTC,0.0651,Weekend transaction,Model finds this transaction low risk due to weekend timing (score 0.065),"{""source"": ""transactions_a.csv"", ""channel"": ""Branch"", ""tx_type"": ""transfer"", ""currency"": ""USD"", ""amount"": 17.03, ""amount_in_usd"": 17.03}",No action (low risk cleared),Pending review,Awaiting investigator
TXN_422170,2026-09-18 12:10:41 UTC,0.0780,No high-risk rules triggered,Model finds this transaction low risk with no strong anomaly indicators (score 0.078),"{""source"": ""transactions_a.csv"", ""channel"": ""Mobile"", ""tx_type"": ""withdrawal"", ""currency"": ""USD"", ""amount"": 9.44, ""amount_in_usd"": 9.44}",No action (low risk cleared),Pending review,Awaiting investigator
TXN_184402,2026-09-18 12:10:41 UTC,0.0276,Weekend transaction,Model finds this transaction low risk due to weekend timing (score 0.028),"{""source"": ""transactions_a.csv"", ""channel"": ""Online"", ""tx_type"": ""payment"", ""currency"": ""USD"", ""amount"": 65.96, ""amount_in_usd"": 65.96}",No action (low risk cleared),Pending review,Awaiting investigator
TXN_835060,2026-09-18 12:10:41 UTC,0.0142,No high-risk rules triggered,Model finds this transaction low risk with no strong anomaly indicators (score 0.014),"{""source"": ""transactions_a.csv"", ""channel"": ""Online"", ""tx_type"": ""purchase"", ""currency"": ""USD"", ""amount"": 68.71, ""amount_in_usd"": 68.71}",No action (low risk cleared),Pending review,Awaiting investigator
TXN_232528,2026-09-18 12:10:41 UTC,0.0405,No high-risk rules triggered,Model finds this transaction low risk with no strong anomaly indicators (score 0.041),"{""source"": ""transactions_a.csv"", ""channel"": ""ATM"", ""tx_type"": ""purchase"", ""currency"": ""USD"", ""amount"": 116.2, ""amount_in_usd"": 116.2}",No action (low risk cleared),Pending review,Awaiting investigator
TXN_292954,2026-09-18 12:10:41 UTC,0.0365,No high-risk rules triggered,Model finds this transaction low risk with no strong anomaly indicators (score 0.036),"{""source"": ""transactions_a.csv"", ""channel"": ""Branch"", ""tx_type"": ""purchase"", ""currency"": ""USD"", ""amount"": 32.12, ""amount_in_usd"": 32.12}",No action (low risk cleared),Pending review,Awaiting investigator
TXN_111794,2026-09-18 12:10:41 UTC,0.0211,Weekend transaction,Model finds this transaction low risk due to weekend timing (score 0.021),"{""source"": ""transactions_a.csv"", ""channel"": ""Online"", ""tx_type"": ""purchase"", ""currency"": ""USD"", ""amount"": 12.33, ""amount_in_usd"": 12.33}",No action (low risk cleared),Pending review,Awaiting investigator
TXN_280946,2026-09-18 12:10:41 UTC,0.0382,No high-risk rules triggered,Model finds this transaction low risk with no strong anomaly indicators (score 0.038),"{""source"": ""transactions_a.csv"", ""channel"": ""Mobile"", ""tx_type"": ""withdrawal"", ""currency"": ""USD"", ""amount"": 3.49, ""amount_in_usd"": 3.49}",No action (low risk cleared),Pending review,Awaiting investigator
TXN_454953,2026-09-18 12:10:41 UTC,0.0498,No high-risk rules triggered,Model finds this transaction low risk with no strong anomaly indicators (score 0.050),"{""source"": ""transactions_a.csv"", ""channel"": ""POS"", ""tx_type"": ""purchase"", ""currency"": ""USD"", ""amount"": 6.47, ""amount_in_usd"": 6.47}",No action (low risk cleared),Pending review,Awaiting investigator
TXN_962418,2026-09-18 12:10:41 UTC,0.0267,Weekend transaction,Model finds this transaction low risk due to weekend timing (score 0.027),"{""source"": ""transactions_a.csv"", ""channel"": ""ATM"", ""tx_type"": ""transfer"", ""currency"": ""USD"", ""amount"": 23.59, ""amount_in_usd"": 23.59}",No action (low risk cleared),Pending review,Awaiting investigator
TXN_943211,2026-09-18 12:10:41 UTC,0.0687,No high-risk rules triggered,Model finds this transaction low risk with no strong anomaly indicators (score 0.069),"{""source"": ""transactions_a.csv"", ""channel"": ""Mobile"", ""tx_type"": ""payment"", ""currency"": ""USD"", ""amount"": 63.81, ""amount_in_usd"": 63.81}",No action (low risk cleared),Pending review,Awaiting investigator
TXN_188908,2026-09-18 12:10:41 UTC,0.0469,No high-risk rules triggered,Model finds this transaction low risk with no strong anomaly indicators (score 0.047),"{""source"": ""transactions_a.csv"", ""channel"": ""Online"", ""tx_type"": ""purchase"", ""currency"": ""USD"", ""amount"": 34.89, ""amount_in_usd"": 34.89}",No action (low risk cleared),Pending review,Awaiting investigator
TXN_979268,2026-09-18 12:10:41 UTC,0.0310,Weekend transaction,Model finds this transaction low risk due to weekend timing (score 0.031),"{""source"": ""transactions_a.csv"", ""channel"": ""POS"", ""tx_type"": ""purchase"", ""currency"": ""USD"", ""amount"": 89.11, ""amount_in_usd"": 89.11}",No action (low risk cleared),Pending review,Awaiting investigator
TXN_559032,2026-09-18 12:10:41 UTC,0.0445,No high-risk rules triggered,Model finds this transaction low risk with no strong anomaly indicators (score 0.044),"{""source"": ""transactions_a.csv"", ""channel"": ""Mobile"", ""tx_type"": ""purchase"", ""currency"": ""USD"", ""amount"": 19.83, ""amount_in_usd"": 19.83}",No action (low risk cleared),Pending review,Awaiting investigator
TXN_623398,2026-09-18 12:10:41 UTC,0.0173,No high-risk rules triggered,Model finds this transaction low risk with no strong anomaly indicators (score 0.017),"{""source"": ""transactions_a.csv"", ""channel"": ""Branch"", ""tx_type"": ""purchase"", ""currency"": ""USD"", ""amount"": 90.62, ""amount_in_usd"": 90.62}",No action (low risk cleared),Pending review,Awaiting investigator
TXN_877493,2026-09-18 12:10:41 UTC,0.0319,No high-risk rules triggered,Model finds this transaction low risk with no strong anomaly indicators (score 0.032),"{""source"": ""transactions_a.csv"", ""channel"": ""POS"", ""tx_type"": ""purchase"", ""currency"": ""USD"", ""amount"": 42.24, ""amount_in_usd"": 42.24}",No action (low risk cleared),Pending review,Awaiting investigator
TXN_108356,2026-09-18 12:10:41 UTC,0.0328,No high-risk rules triggered,Model finds this transaction low risk with no strong anomaly indicators (score 0.033),"{""source"": ""transactions_a.csv"", ""channel"": ""Mobile"", ""tx_type"": ""purchase"", ""currency"": ""USD"", ""amount"": 13.01, ""amount_in_usd"": 13.01}",No action (low risk cleared),Pending review,Awaiting investigator
TXN_242862,2026-09-18 12:10:41 UTC,0.0142,Weekend transaction,Model finds this transaction low risk due to weekend timing (score 0.014),"{""source"": ""transactions_a.csv"", ""channel"": ""Online"", ""tx_type"": ""purchase"", ""currency"": ""USD"", ""amount"": 51.8, ""amount_in_usd"": 51.8}",No action (low risk cleared),Pending review,Awaiting investigator
TXN_700191,2026-09-18 12:10:41 UTC,0.0982,"Unusual hour (night, outside 06:00-22:00); Late-night online purchase",Model finds this transaction low risk due to occurred at night (score 0.098),"{""source"": ""transactions_a.csv"", ""channel"": ""ATM"", ""tx_type"": ""purchase"", ""currency"": ""USD"", ""amount"": 39.56, ""amount_in_usd"": 39.56}",No action (low risk cleared),Pending review,Awaiting investigator
TXN_996810,2026-09-18 12:10:41 UTC,0.0243,Weekend transaction,Model finds this transaction low risk due to weekend timing (score 0.024),"{""source"": ""transactions_a.csv"", ""channel"": ""Online"", ""tx_type"": ""transfer"", ""currency"": ""USD"", ""amount"": 12.53, ""amount_in_usd"": 12.53}",No action (low risk cleared),Pending review,Awaiting investigator
TXN_533433,2026-09-18 12:10:41 UTC,0.0373,Weekend transaction,Model finds this transaction low risk due to weekend timing (score 0.037),"{""source"": ""transactions_a.csv"", ""channel"": ""Mobile"", ""tx_type"": ""payment"", ""currency"": ""USD"", ""amount"": 15.77, ""amount_in_usd"": 15.77}",No action (low risk cleared),Pending review,Awaiting investigator
TXN_980653,2026-09-18 12:10:41 UTC,0.0286,No high-risk rules triggered,Model finds this transaction low risk with no strong anomaly indicators (score 0.029),"{""source"": ""transactions_a.csv"", ""channel"": ""Mobile"", ""tx_type"": ""purchase"", ""currency"": ""USD"", ""amount"": 103.19, ""amount_in_usd"": 103.19}",No action (low risk cleared),Pending review,Awaiting investigator
TXN_727715,2026-09-18 12:10:41 UTC,0.0192,No high-risk rules triggered,Model finds this transaction low risk with no strong anomaly indicators (score 0.019),"{""source"": ""transactions_a.csv"", ""channel"": ""Online"", ""tx_type"": ""transfer"", ""currency"": ""USD"", ""amount"": 25.77, ""amount_in_usd"": 25.77}",No action (low risk cleared),Pending review,Awaiting investigator
TXN_423115,2026-09-18 12:10:41 UTC,0.7394,"Unusual hour (night, outside 06:00-22:00); Online + international (typical fraud vector); Late-night online purchase","Model indicates elevated fraud risk due to occurred at night, online and international (score 0.739)","{""source"": ""transactions_a.csv"", ""channel"": ""Mobile"", ""tx_type"": ""purchase"", ""currency"": ""USD"", ""amount"": 16.25, ""amount_in_usd"": 16.25}",Flagged for review,Pending review,Awaiting investigator
TXN_819574,2026-09-18 12:10:41 UTC,0.9371,Weekend transaction; Online + international (typical fraud vector),"Model strongly flags this transaction due to online and international, weekend timing (score 0.937)","{""source"": ""transactions_a.csv"", ""channel"": ""Online"", ""tx_type"": ""payment"", ""currency"": ""USD"", ""amount"": 1727.55, ""amount_in_usd"": 1727.55}",Flagged for review,Pending review,Awaiting investigator
TXN_370065,2026-09-18 12:10:41 UTC,0.1246,Weekend transaction,Model finds this transaction low risk due to weekend timing (score 0.125),"{""source"": ""transactions_a.csv"", ""channel"": ""Branch"", ""tx_type"": ""withdrawal"", ""currency"": ""USD"", ""amount"": 164.87, ""amount_in_usd"": 164.87}",No action (low risk cleared),Pending review,Awaiting investigator
TXN_800848,2026-09-18 12:10:41 UTC,0.0321,No high-risk rules triggered,Model finds this transaction low risk with no strong anomaly indicators (score 0.032),"{""source"": ""transactions_a.csv"", ""channel"": ""POS"", ""tx_type"": ""purchase"", ""currency"": ""USD"", ""amount"": 45.37, ""amount_in_usd"": 45.37}",No action (low risk cleared),Pending review,Awaiting investigator
TXN_457372,2026-09-18 12:10:41 UTC,0.1115,No high-risk rules triggered,Model finds this transaction low risk with no strong anomaly indicators (score 0.112),"{""source"": ""transactions_a.csv"", ""channel"": ""Online"", ""tx_type"": ""payment"", ""currency"": ""USD"", ""amount"": 816.07, ""amount_in_usd"": 816.07}",No action (low risk cleared),Pending review,Awaiting investigator
TXN_723449,2026-09-18 12:10:41 UTC,0.0553,No high-risk rules triggered,Model finds this transaction low risk with no strong anomaly indicators (score 0.055),"{""source"": ""transactions_a.csv"", ""channel"": ""POS"", ""tx_type"": ""purchase"", ""currency"": ""USD"", ""amount"": 15.1, ""amount_in_usd"": 15.1}",No action (low risk cleared),Pending review,Awaiting investigator
TXN_519452,2026-09-18 12:10:41 UTC,0.0404,No high-risk rules triggered,Model finds this transaction low risk with no strong anomaly indicators (score 0.040),"{""source"": ""transactions_a.csv"", ""channel"": ""Online"", ""tx_type"": ""transfer"", ""currency"": ""USD"", ""amount"": 29.2, ""amount_in_usd"": 29.2}",No action (low risk cleared),Pending review,Awaiting investigator
TXN_613603,2026-09-18 12:10:41 UTC,0.0358,No high-risk rules triggered,Model finds this transaction low risk with no strong anomaly indicators (score 0.036),"{""source"": ""transactions_a.csv"", ""channel"": ""POS"", ""tx_type"": ""purchase"", ""currency"": ""USD"", ""amount"": 18.49, ""amount_in_usd"": 18.49}",No action (low risk cleared),Pending review,Awaiting investigator
TXN_617248,2026-09-18 12:10:41 UTC,0.0153,No high-risk rules triggered,Model finds this transaction low risk with no strong anomaly indicators (score 0.015),"{""source"": ""transactions_a.csv"", ""channel"": ""Online"", ""tx_type"": ""payment"", ""currency"": ""USD"", ""amount"": 58.19, ""amount_in_usd"": 58.19}",No action (low risk cleared),Pending review,Awaiting investigator
TXN_177748,2026-09-18 12:10:41 UTC,0.0155,Weekend transaction,Model finds this transaction low risk due to weekend timing (score 0.015),"{""source"": ""transactions_a.csv"", ""channel"": ""Online"", ""tx_type"": ""transfer"", ""currency"": ""USD"", ""amount"": 25.81, ""amount_in_usd"": 25.81}",No action (low risk cleared),Pending review,Awaiting investigator
TXN_894856,2026-09-18 12:10:41 UTC,0.0220,No high-risk rules triggered,Model finds this transaction low risk with no strong anomaly indicators (score 0.022),"{""source"": ""transactions_a.csv"", ""channel"": ""Online"", ""tx_type"": ""purchase"", ""currency"": ""USD"", ""amount"": 31.07, ""amount_in_usd"": 31.07}",No action (low risk cleared),Pending review,Awaiting investigator
TXN_843658,2026-09-18 12:10:41 UTC,0.0312,No high-risk rules triggered,Model finds this transaction low risk with no strong anomaly indicators (score 0.031),"{""source"": ""transactions_a.csv"", ""channel"": ""Online"", ""tx_type"": ""transfer"", ""currency"": ""USD"", ""amount"": 54.46, ""amount_in_usd"": 54.46}",No action (low risk cleared),Pending review,Awaiting investigator
TXN_303451,2026-09-18 12:10:41 UTC,0.0236,No high-risk rules triggered,Model finds this transaction low risk with no strong anomaly indicators (score 0.024),"{""source"": ""transactions_a.csv"", ""channel"": ""POS"", ""tx_type"": ""transfer"", ""currency"": ""USD"", ""amount"": 9.07, ""amount_in_usd"": 9.07}",No action (low risk cleared),Pending review,Awaiting investigator
TXN_679507,2026-09-18 12:10:41 UTC,0.1016,"Unusual hour (night, outside 06:00-22:00); Late-night online purchase",Model finds this transaction low risk due to occurred at night (score 0.102),"{""source"": ""transactions_a.csv"", ""channel"": ""ATM"", ""tx_type"": ""transfer"", ""currency"": ""USD"", ""amount"": 48.37, ""amount_in_usd"": 48.37}",No action (low risk cleared),Pending review,Awaiting investigator
TXN_264265,2026-09-18 12:10:41 UTC,0.0916,No high-risk rules triggered,Model finds this transaction low risk with no strong anomaly indicators (score 0.092),"{""source"": ""transactions_a.csv"", ""channel"": ""ATM"", ""tx_type"": ""payment"", ""currency"": ""USD"", ""amount"": 1.81, ""amount_in_usd"": 1.81}",No action (low risk cleared),Pending review,Awaiting investigator
TXN_195430,2026-09-18 12:10:41 UTC,0.0155,No high-risk rules triggered,Model finds this transaction low risk with no strong anomaly indicators (score 0.015),"{""source"": ""transactions_a.csv"", ""channel"": ""Online"", ""tx_type"": ""withdrawal"", ""currency"": ""USD"", ""amount"": 63.74, ""amount_in_usd"": 63.74}",No action (low risk cleared),Pending review,Awaiting investigator
TXN_673670,2026-09-18 12:10:41 UTC,0.0494,No high-risk rules triggered,Model finds this transaction low risk with no strong anomaly indicators (score 0.049),"{""source"": ""transactions_a.csv"", ""channel"": ""POS"", ""tx_type"": ""withdrawal"", ""currency"": ""USD"", ""amount"": 45.96, ""amount_in_usd"": 45.96}",No action (low risk cleared),Pending review,Awaiting investigator
TXN_807095,2026-09-18 12:10:41 UTC,0.0699,No high-risk rules triggered,Model finds this transaction low risk with no strong anomaly indicators (score 0.070),"{""source"": ""transactions_a.csv"", ""channel"": ""POS"", ""tx_type"": ""purchase"", ""currency"": ""USD"", ""amount"": 394.04, ""amount_in_usd"": 394.04}",No action (low risk cleared),Pending review,Awaiting investigator
TXN_755123,2026-09-18 12:10:41 UTC,0.0769,Weekend transaction,Model finds this transaction low risk due to weekend timing (score 0.077),"{""source"": ""transactions_a.csv"", ""channel"": ""Mobile"", ""tx_type"": ""payment"", ""currency"": ""USD"", ""amount"": 1.03, ""amount_in_usd"": 1.03}",No action (low risk cleared),Pending review,Awaiting investigator
TXN_758627,2026-09-18 12:10:41 UTC,0.0161,Weekend transaction,Model finds this transaction low risk due to weekend timing (score 0.016),"{""source"": ""transactions_a.csv"", ""channel"": ""Online"", ""tx_type"": ""purchase"", ""currency"": ""USD"", ""amount"": 13.66, ""amount_in_usd"": 13.66}",No action (low risk cleared),Pending review,Awaiting investigator
TXN_316087,2026-09-18 12:10:41 UTC,0.0497,No high-risk rules triggered,Model finds this transaction low risk with no strong anomaly indicators (score 0.050),"{""source"": ""transactions_a.csv"", ""channel"": ""Mobile"", ""tx_type"": ""withdrawal"", ""currency"": ""USD"", ""amount"": 112.78, ""amount_in_usd"": 112.78}",No action (low risk cleared),Pending review,Awaiting investigator
TXN_491496,2026-09-18 12:10:41 UTC,0.0523,Weekend transaction,Model finds this transaction low risk due to weekend timing (score 0.052),"{""source"": ""transactions_a.csv"", ""channel"": ""Online"", ""tx_type"": ""purchase"", ""currency"": ""USD"", ""amount"": 42.3, ""amount_in_usd"": 42.3}",No action (low risk cleared),Pending review,Awaiting investigator
TXN_530967,2026-09-18 12:10:41 UTC,0.0265,Weekend transaction,Model finds this transaction low risk due to weekend timing (score 0.026),"{""source"": ""transactions_a.csv"", ""channel"": ""Branch"", ""tx_type"": ""payment"", ""currency"": ""USD"", ""amount"": 13.98, ""amount_in_usd"": 13.98}",No action (low risk cleared),Pending review,Awaiting investigator
TXN_170687,2026-09-18 12:10:41 UTC,0.0524,No high-risk rules triggered,Model finds this transaction low risk with no strong anomaly indicators (score 0.052),"{""source"": ""transactions_a.csv"", ""channel"": ""Online"", ""tx_type"": ""withdrawal"", ""currency"": ""USD"", ""amount"": 34.88, ""amount_in_usd"": 34.88}",No action (low risk cleared),Pending review,Awaiting investigator
TXN_865533,2026-09-18 12:10:41 UTC,0.0675,No high-risk rules triggered,Model finds this transaction low risk with no strong anomaly indicators (score 0.068),"{""source"": ""transactions_a.csv"", ""channel"": ""ATM"", ""tx_type"": ""purchase"", ""currency"": ""USD"", ""amount"": 7.03, ""amount_in_usd"": 7.03}",No action (low risk cleared),Pending review,Awaiting investigator
TXN_987336,2026-09-18 12:10:41 UTC,0.0210,No high-risk rules triggered,Model finds this transaction low risk with no strong anomaly indicators (score 0.021),"{""source"": ""transactions_a.csv"", ""channel"": ""Mobile"", ""tx_type"": ""withdrawal"", ""currency"": ""USD"", ""amount"": 21.66, ""amount_in_usd"": 21.66}",No action (low risk cleared),Pending review,Awaiting investigator
TXN_940459,2026-09-18 12:10:41 UTC,0.0702,Weekend transaction,Model finds this transaction low risk due to weekend timing (score 0.070),"{""source"": ""transactions_a.csv"", ""channel"": ""ATM"", ""tx_type"": ""payment"", ""currency"": ""USD"", ""amount"": 32.68, ""amount_in_usd"": 32.68}",No action (low risk cleared),Pending review,Awaiting investigator
TXN_429931,2026-09-18 12:10:41 UTC,0.0047,No high-risk rules triggered,Model finds this transaction low risk with no strong anomaly indicators (score 0.005),"{""source"": ""transactions_a.csv"", ""channel"": ""POS"", ""tx_type"": ""transfer"", ""currency"": ""USD"", ""amount"": 17.93, ""amount_in_usd"": 17.93}",No action (low risk cleared),Pending review,Awaiting investigator
TXN_308238,2026-09-18 12:10:41 UTC,0.0567,Weekend transaction,Model finds this transaction low risk due to weekend timing (score 0.057),"{""source"": ""transactions_a.csv"", ""channel"": ""Branch"", ""tx_type"": ""purchase"", ""currency"": ""USD"", ""amount"": 150.94, ""amount_in_usd"": 150.94}",No action (low risk cleared),Pending review,Awaiting investigator
TXN_317684,2026-09-18 12:10:41 UTC,0.0040,No high-risk rules triggered,Model finds this transaction low risk with no strong anomaly indicators (score 0.004),"{""source"": ""transactions_a.csv"", ""channel"": ""Mobile"", ""tx_type"": ""purchase"", ""currency"": ""USD"", ""amount"": 31.95, ""amount_in_usd"": 31.95}",No action (low risk cleared),Pending review,Awaiting investigator
TXN_982502,2026-09-18 12:10:41 UTC,0.0423,Online + international (typical fraud vector),Model finds this transaction low risk due to online and international (score 0.042),"{""source"": ""transactions_a.csv"", ""channel"": ""POS"", ""tx_type"": ""withdrawal"", ""currency"": ""USD"", ""amount"": 32.84, ""amount_in_usd"": 32.84}",No action (low risk cleared),Pending review,Awaiting investigator
TXN_481658,2026-09-18 12:10:41 UTC,0.0318,No high-risk rules triggered,Model finds this transaction low risk with no strong anomaly indicators (score 0.032),"{""source"": ""transactions_a.csv"", ""channel"": ""Mobile"", ""tx_type"": ""purchase"", ""currency"": ""USD"", ""amount"": 12.85, ""amount_in_usd"": 12.85}",No action (low risk cleared),Pending review,Awaiting investigator
TXN_273183,2026-09-18 12:10:41 UTC,0.0226,No high-risk rules triggered,Model finds this transaction low risk with no strong anomaly indicators (score 0.023),"{""source"": ""transactions_a.csv"", ""channel"": ""Branch"", ""tx_type"": ""purchase"", ""currency"": ""USD"", ""amount"": 20.24, ""amount_in_usd"": 20.24}",No action (low risk cleared),Pending review,Awaiting investigator
TXN_853101,2026-09-18 12:10:41 UTC,0.0557,No high-risk rules triggered,Model finds this transaction low risk with no strong anomaly indicators (score 0.056),"{""source"": ""transactions_a.csv"", ""channel"": ""Mobile"", ""tx_type"": ""purchase"", ""currency"": ""USD"", ""amount"": 1.72, ""amount_in_usd"": 1.72}",No action (low risk cleared),Pending review,Awaiting investigator
TXN_280997,2026-09-18 12:10:41 UTC,0.0221,No high-risk rules triggered,Model finds this transaction low risk with no strong anomaly indicators (score 0.022),"{""source"": ""transactions_a.csv"", ""channel"": ""POS"", ""tx_type"": ""transfer"", ""currency"": ""USD"", ""amount"": 9.07, ""amount_in_usd"": 9.07}",No action (low risk cleared),Pending review,Awaiting investigator
TXN_714245,2026-09-18 12:10:41 UTC,0.0180,No high-risk rules triggered,Model finds this transaction low risk with no strong anomaly indicators (score 0.018),"{""source"": ""transactions_a.csv"", ""channel"": ""POS"", ""tx_type"": ""transfer"", ""currency"": ""USD"", ""amount"": 40.45, ""amount_in_usd"": 40.45}",No action (low risk cleared),Pending review,Awaiting investigator
TXN_845962,2026-09-18 12:10:41 UTC,0.0283,Weekend transaction,Model finds this transaction low risk due to weekend timing (score 0.028),"{""source"": ""transactions_a.csv"", ""channel"": ""Online"", ""tx_type"": ""purchase"", ""currency"": ""USD"", ""amount"": 11.56, ""amount_in_usd"": 11.56}",No action (low risk cleared),Pending review,Awaiting investigator
TXN_626658,2026-09-18 12:10:41 UTC,0.0331,No high-risk rules triggered,Model finds this transaction low risk with no strong anomaly indicators (score 0.033),"{""source"": ""transactions_a.csv"", ""channel"": ""Mobile"", ""tx_type"": ""withdrawal"", ""currency"": ""USD"", ""amount"": 13.93, ""amount_in_usd"": 13.93}",No action (low risk cleared),Pending review,Awaiting investigator
TXN_578133,2026-09-18 12:10:41 UTC,0.0502,No high-risk rules triggered,Model finds this transaction low risk with no strong anomaly indicators (score 0.050),"{""source"": ""transactions_a.csv"", ""channel"": ""ATM"", ""tx_type"": ""purchase"", ""currency"": ""USD"", ""amount"": 63.08, ""amount_in_usd"": 63.08}",No action (low risk cleared),Pending review,Awaiting investigator
TXN_507295,2026-09-18 12:10:41 UTC,0.0225,No high-risk rules triggered,Model finds this transaction low risk with no strong anomaly indicators (score 0.022),"{""source"": ""transactions_a.csv"", ""channel"": ""POS"", ""tx_type"": ""payment"", ""currency"": ""USD"", ""amount"": 57.68, ""amount_in_usd"": 57.68}",No action (low risk cleared),Pending review,Awaiting investigator
TXN_926392,2026-09-18 12:10:41 UTC,0.0316,No high-risk rules triggered,Model finds this transaction low risk with no strong anomaly indicators (score 0.032),"{""source"": ""transactions_a.csv"", ""channel"": ""POS"", ""tx_type"": ""purchase"", ""currency"": ""USD"", ""amount"": 48.52, ""amount_in_usd"": 48.52}",No action (low risk cleared),Pending review,Awaiting investigator
TXN_838558,2026-09-18 12:10:41 UTC,0.0359,No high-risk rules triggered,Model finds this transaction low risk with no strong anomaly indicators (score 0.036),"{""source"": ""transactions_a.csv"", ""channel"": ""POS"", ""tx_type"": ""purchase"", ""currency"": ""USD"", ""amount"": 85.01, ""amount_in_usd"": 85.01}",No action (low risk cleared),Pending review,Awaiting investigator
TXN_231878,2026-09-18 12:10:41 UTC,0.0489,Online + international (typical fraud vector),Model finds this transaction low risk due to online and international (score 0.049),"{""source"": ""transactions_a.csv"", ""channel"": ""Branch"", ""tx_type"": ""transfer"", ""currency"": ""USD"", ""amount"": 28.51, ""amount_in_usd"": 28.51}",No action (low risk cleared),Pending review,Awaiting investigator
TXN_636371,2026-09-18 12:10:41 UTC,0.0784,No high-risk rules triggered,Model finds this transaction low risk with no strong anomaly indicators (score 0.078),"{""source"": ""transactions_a.csv"", ""channel"": ""Online"", ""tx_type"": ""withdrawal"", ""currency"": ""USD"", ""amount"": 2.2, ""amount_in_usd"": 2.2}",No action (low risk cleared),Pending review,Awaiting investigator
TXN_666562,2026-09-18 12:10:41 UTC,0.0272,No high-risk rules triggered,Model finds this transaction low risk with no strong anomaly indicators (score 0.027),"{""source"": ""transactions_a.csv"", ""channel"": ""Mobile"", ""tx_type"": ""transfer"", ""currency"": ""USD"", ""amount"": 35.34, ""amount_in_usd"": 35.34}",No action (low risk cleared),Pending review,Awaiting investigator
TXN_265496,2026-09-18 12:10:41 UTC,0.0362,No high-risk rules triggered,Model finds this transaction low risk with no strong anomaly indicators (score 0.036),"{""source"": ""transactions_a.csv"", ""channel"": ""POS"", ""tx_type"": ""purchase"", ""currency"": ""USD"", ""amount"": 43.14, ""amount_in_usd"": 43.14}",No action (low risk cleared),Pending review,Awaiting investigator
TXN_149706,2026-09-18 12:10:41 UTC,0.0250,No high-risk rules triggered,Model finds this transaction low risk with no strong anomaly indicators (score 0.025),"{""source"": ""transactions_a.csv"", ""channel"": ""Online"", ""tx_type"": ""transfer"", ""currency"": ""USD"", ""amount"": 29.86, ""amount_in_usd"": 29.86}",No action (low risk cleared),Pending review,Awaiting investigator
TXN_511217,2026-09-18 12:10:41 UTC,0.0244,No high-risk rules triggered,Model finds this transaction low risk with no strong anomaly indicators (score 0.024),"{""source"": ""transactions_a.csv"", ""channel"": ""Mobile"", ""tx_type"": ""withdrawal"", ""currency"": ""USD"", ""amount"": 6.25, ""amount_in_usd"": 6.25}",No action (low risk cleared),Pending review,Awaiting investigator
TXN_251383,2026-09-18 12:10:41 UTC,0.0732,Weekend transaction,Model finds this transaction low risk due to weekend timing (score 0.073),"{""source"": ""transactions_a.csv"", ""channel"": ""ATM"", ""tx_type"": ""purchase"", ""currency"": ""USD"", ""amount"": 16.02, ""amount_in_usd"": 16.02}",No action (low risk cleared),Pending review,Awaiting investigator
TXN_747383,2026-09-18 12:10:41 UTC,0.0487,No high-risk rules triggered,Model finds this transaction low risk with no strong anomaly indicators (score 0.049),"{""source"": ""transactions_a.csv"", ""channel"": ""Online"", ""tx_type"": ""payment"", ""currency"": ""USD"", ""amount"": 3.86, ""amount_in_usd"": 3.86}",No action (low risk cleared),Pending review,Awaiting investigator
TXN_350499,2026-09-18 12:10:41 UTC,0.0675,No high-risk rules triggered,Model finds this transaction low risk with no strong anomaly indicators (score 0.068),"{""source"": ""transactions_a.csv"", ""channel"": ""Mobile"", ""tx_type"": ""purchase"", ""currency"": ""USD"", ""amount"": 5.23, ""amount_in_usd"": 5.23}",No action (low risk cleared),Pending review,Awaiting investigator
TXN_132451,2026-09-18 12:10:41 UTC,0.0784,No high-risk rules triggered,Model finds this transaction low risk with no strong anomaly indicators (score 0.078),"{""source"": ""transactions_a.csv"", ""channel"": ""ATM"", ""tx_type"": ""transfer"", ""currency"": ""USD"", ""amount"": 77.45, ""amount_in_usd"": 77.45}",No action (low risk cleared),Pending review,Awaiting investigator
TXN_577679,2026-09-18 12:10:41 UTC,0.0410,Weekend transaction,Model finds this transaction low risk due to weekend timing (score 0.041),"{""source"": ""transactions_a.csv"", ""channel"": ""Online"", ""tx_type"": ""transfer"", ""currency"": ""USD"", ""amount"": 110.9, ""amount_in_usd"": 110.9}",No action (low risk cleared),Pending review,Awaiting investigator
TXN_908314,2026-09-18 12:10:41 UTC,0.0241,Weekend transaction,Model finds this transaction low risk due to weekend timing (score 0.024),"{""source"": ""transactions_a.csv"", ""channel"": ""Online"", ""tx_type"": ""withdrawal"", ""currency"": ""USD"", ""amount"": 15.06, ""amount_in_usd"": 15.06}",No action (low risk cleared),Pending review,Awaiting investigator
TXN_821620,2026-09-18 12:10:41 UTC,0.0236,Weekend transaction,Model finds this transaction low risk due to weekend timing (score 0.024),"{""source"": ""transactions_a.csv"", ""channel"": ""Online"", ""tx_type"": ""transfer"", ""currency"": ""USD"", ""amount"": 12.79, ""amount_in_usd"": 12.79}",No action (low risk cleared),Pending review,Awaiting investigator
TXN_466808,2026-09-18 12:10:41 UTC,0.0218,No high-risk rules triggered,Model finds this transaction low risk with no strong anomaly indicators (score 0.022),"{""source"": ""transactions_a.csv"", ""channel"": ""POS"", ""tx_type"": ""transfer"", ""currency"": ""USD"", ""amount"": 54.21, ""amount_in_usd"": 54.21}",No action (low risk cleared),Pending review,Awaiting investigator
TXN_224825,2026-09-18 12:10:41 UTC,0.0372,No high-risk rules triggered,Model finds this transaction low risk with no strong anomaly indicators (score 0.037),"{""source"": ""transactions_a.csv"", ""channel"": ""Mobile"", ""tx_type"": ""withdrawal"", ""currency"": ""USD"", ""amount"": 58.32, ""amount_in_usd"": 58.32}",No action (low risk cleared),Pending review,Awaiting investigator
TXN_705974,2026-09-18 12:10:41 UTC,0.0725,No high-risk rules triggered,Model finds this transaction low risk with no strong anomaly indicators (score 0.072),"{""source"": ""transactions_a.csv"", ""channel"": ""ATM"", ""tx_type"": ""withdrawal"", ""currency"": ""USD"", ""amount"": 263.0, ""amount_in_usd"": 263.0}",No action (low risk cleared),Pending review,Awaiting investigator
TXN_107435,2026-09-18 12:10:41 UTC,0.1001,"Unusual hour (night, outside 06:00-22:00)",Model finds this transaction low risk due to occurred at night (score 0.100),"{""source"": ""transactions_a.csv"", ""channel"": ""ATM"", ""tx_type"": ""transfer"", ""currency"": ""USD"", ""amount"": 7.6, ""amount_in_usd"": 7.6}",No action (low risk cleared),Pending review,Awaiting investigator
TXN_126882,2026-09-18 12:10:41 UTC,0.0630,No high-risk rules triggered,Model finds this transaction low risk with no strong anomaly indicators (score 0.063),"{""source"": ""transactions_a.csv"", ""channel"": ""Branch"", ""tx_type"": ""transfer"", ""currency"": ""USD"", ""amount"": 68.02, ""amount_in_usd"": 68.02}",No action (low risk cleared),Pending review,Awaiting investigator
TXN_631384,2026-09-18 12:10:41 UTC,0.0229,No high-risk rules triggered,Model finds this transaction low risk with no strong anomaly indicators (score 0.023),"{""source"": ""transactions_a.csv"", ""channel"": ""Online"", ""tx_type"": ""purchase"", ""currency"": ""USD"", ""amount"": 93.97, ""amount_in_usd"": 93.97}",No action (low risk cleared),Pending review,Awaiting investigator
TXN_600499,2026-09-18 12:10:41 UTC,0.0311,No high-risk rules triggered,Model finds this transaction low risk with no strong anomaly indicators (score 0.031),"{""source"": ""transactions_a.csv"", ""channel"": ""Mobile"", ""tx_type"": ""payment"", ""currency"": ""USD"", ""amount"": 79.38, ""amount_in_usd"": 79.38}",No action (low risk cleared),Pending review,Awaiting investigator
TXN_904691,2026-09-18 12:10:41 UTC,0.0292,No high-risk rules triggered,Model finds this transaction low risk with no strong anomaly indicators (score 0.029),"{""source"": ""transactions_a.csv"", ""channel"": ""ATM"", ""tx_type"": ""purchase"", ""currency"": ""USD"", ""amount"": 22.65, ""amount_in_usd"": 22.65}",No action (low risk cleared),Pending review,Awaiting investigator
TXN_223421,2026-09-18 12:10:41 UTC,0.0163,Weekend transaction,Model finds this transaction low risk due to weekend timing (score 0.016),"{""source"": ""transactions_a.csv"", ""channel"": ""Mobile"", ""tx_type"": ""transfer"", ""currency"": ""USD"", ""amount"": 37.94, ""amount_in_usd"": 37.94}",No action (low risk cleared),Pending review,Awaiting investigator
TXN_935520,2026-09-18 12:10:41 UTC,0.0340,No high-risk rules triggered,Model finds this transaction low risk with no strong anomaly indicators (score 0.034),"{""source"": ""transactions_a.csv"", ""channel"": ""Mobile"", ""tx_type"": ""transfer"", ""currency"": ""USD"", ""amount"": 8.68, ""amount_in_usd"": 8.68}",No action (low risk cleared),Pending review,Awaiting investigator
TXN_534585,2026-09-18 12:10:41 UTC,0.1705,No high-risk rules triggered,Model finds this transaction low risk with no strong anomaly indicators (score 0.171),"{""source"": ""transactions_a.csv"", ""channel"": ""ATM"", ""tx_type"": ""transfer"", ""currency"": ""USD"", ""amount"": 439.62, ""amount_in_usd"": 439.62}",No action (low risk cleared),Pending review,Awaiting investigator
TXN_548831,2026-09-18 12:10:41 UTC,0.0144,No high-risk rules triggered,Model finds this transaction low risk with no strong anomaly indicators (score 0.014),"{""source"": ""transactions_a.csv"", ""channel"": ""POS"", ""tx_type"": ""purchase"", ""currency"": ""USD"", ""amount"": 76.0, ""amount_in_usd"": 76.0}",No action (low risk cleared),Pending review,Awaiting investigator
TXN_423555,2026-09-18 12:10:41 UTC,0.0523,No high-risk rules triggered,Model finds this transaction low risk with no strong anomaly indicators (score 0.052),"{""source"": ""transactions_a.csv"", ""channel"": ""POS"", ""tx_type"": ""withdrawal"", ""currency"": ""USD"", ""amount"": 7.5, ""amount_in_usd"": 7.5}",No action (low risk cleared),Pending review,Awaiting investigator
TXN_919132,2026-09-18 12:10:41 UTC,0.0829,No high-risk rules triggered,Model finds this transaction low risk with no strong anomaly indicators (score 0.083),"{""source"": ""transactions_a.csv"", ""channel"": ""ATM"", ""tx_type"": ""purchase"", ""currency"": ""USD"", ""amount"": 3.08, ""amount_in_usd"": 3.08}",No action (low risk cleared),Pending review,Awaiting investigator
TXN_205491,2026-09-18 12:10:41 UTC,0.0688,No high-risk rules triggered,Model finds this transaction low risk with no strong anomaly indicators (score 0.069),"{""source"": ""transactions_a.csv"", ""channel"": ""Branch"", ""tx_type"": ""payment"", ""currency"": ""USD"", ""amount"": 249.45, ""amount_in_usd"": 249.45}",No action (low risk cleared),Pending review,Awaiting investigator
TXN_481478,2026-09-18 12:10:41 UTC,0.0576,Online + international (typical fraud vector),Model finds this transaction low risk due to online and international (score 0.058),"{""source"": ""transactions_a.csv"", ""channel"": ""POS"", ""tx_type"": ""purchase"", ""currency"": ""USD"", ""amount"": 42.52, ""amount_in_usd"": 42.52}",No action (low risk cleared),Pending review,Awaiting investigator
TXN_889882,2026-09-18 12:10:41 UTC,0.1352,Weekend transaction,Model finds this transaction low risk due to weekend timing (score 0.135),"{""source"": ""transactions_a.csv"", ""channel"": ""Branch"", ""tx_type"": ""purchase"", ""currency"": ""USD"", ""amount"": 244.66, ""amount_in_usd"": 244.66}",No action (low risk cleared),Pending review,Awaiting investigator
TXN_454913,2026-09-18 12:10:41 UTC,0.0362,No high-risk rules triggered,Model finds this transaction low risk with no strong anomaly indicators (score 0.036),"{""source"": ""transactions_a.csv"", ""channel"": ""Online"", ""tx_type"": ""transfer"", ""currency"": ""USD"", ""amount"": 16.71, ""amount_in_usd"": 16.71}",No action (low risk cleared),Pending review,Awaiting investigator
TXN_607491,2026-09-18 12:10:41 UTC,0.0680,Online + international (typical fraud vector),Model finds this transaction low risk due to online and international (score 0.068),"{""source"": ""transactions_a.csv"", ""channel"": ""Branch"", ""tx_type"": ""purchase"", ""currency"": ""USD"", ""amount"": 26.92, ""amount_in_usd"": 26.92}",No action (low risk cleared),Pending review,Awaiting investigator
TXN_331097,2026-09-18 12:10:41 UTC,0.0239,No high-risk rules triggered,Model finds this transaction low risk with no strong anomaly indicators (score 0.024),"{""source"": ""transactions_a.csv"", ""channel"": ""Mobile"", ""tx_type"": ""payment"", ""currency"": ""USD"", ""amount"": 62.97, ""amount_in_usd"": 62.97}",No action (low risk cleared),Pending review,Awaiting investigator
TXN_819580,2026-09-18 12:10:41 UTC,0.0492,No high-risk rules triggered,Model finds this transaction low risk with no strong anomaly indicators (score 0.049),"{""source"": ""transactions_a.csv"", ""channel"": ""Mobile"", ""tx_type"": ""payment"", ""currency"": ""USD"", ""amount"": 265.58, ""amount_in_usd"": 265.58}",No action (low risk cleared),Pending review,Awaiting investigator
TXN_781948,2026-09-18 12:10:41 UTC,0.0373,No high-risk rules triggered,Model finds this transaction low risk with no strong anomaly indicators (score 0.037),"{""source"": ""transactions_a.csv"", ""channel"": ""POS"", ""tx_type"": ""purchase"", ""currency"": ""USD"", ""amount"": 8.87, ""amount_in_usd"": 8.87}",No action (low risk cleared),Pending review,Awaiting investigator
TXN_238649,2026-09-18 12:10:41 UTC,0.0844,Online + international (typical fraud vector),Model finds this transaction low risk due to online and international (score 0.084),"{""source"": ""transactions_a.csv"", ""channel"": ""ATM"", ""tx_type"": ""purchase"", ""currency"": ""USD"", ""amount"": 42.01, ""amount_in_usd"": 42.01}",No action (low risk cleared),Pending review,Awaiting investigator
TXN_208136,2026-09-18 12:10:41 UTC,0.0497,No high-risk rules triggered,Model finds this transaction low risk with no strong anomaly indicators (score 0.050),"{""source"": ""transactions_a.csv"", ""channel"": ""ATM"", ""tx_type"": ""payment"", ""currency"": ""USD"", ""amount"": 18.98, ""amount_in_usd"": 18.98}",No action (low risk cleared),Pending review,Awaiting investigator
TXN_297363,2026-09-18 12:10:41 UTC,0.9412,"Unusual hour (night, outside 06:00-22:00); Late-night online purchase",Model strongly flags this transaction due to occurred at night (score 0.941),"{""source"": ""transactions_a.csv"", ""channel"": ""Mobile"", ""tx_type"": ""withdrawal"", ""currency"": ""USD"", ""amount"": 1006.32, ""amount_in_usd"": 1006.32}",Flagged for review,Pending review,Awaiting investigator
TXN_740531,2026-09-18 12:10:41 UTC,0.0730,No high-risk rules triggered,Model finds this transaction low risk with no strong anomaly indicators (score 0.073),"{""source"": ""transactions_a.csv"", ""channel"": ""Online"", ""tx_type"": ""withdrawal"", ""currency"": ""USD"", ""amount"": 3.35, ""amount_in_usd"": 3.35}",No action (low risk cleared),Pending review,Awaiting investigator
TXN_483644,2026-09-18 12:10:41 UTC,0.0172,No high-risk rules triggered,Model finds this transaction low risk with no strong anomaly indicators (score 0.017),"{""source"": ""transactions_a.csv"", ""channel"": ""Online"", ""tx_type"": ""transfer"", ""currency"": ""USD"", ""amount"": 15.8, ""amount_in_usd"": 15.8}",No action (low risk cleared),Pending review,Awaiting investigator
TXN_941627,2026-09-18 12:10:41 UTC,0.0240,No high-risk rules triggered,Model finds this transaction low risk with no strong anomaly indicators (score 0.024),"{""source"": ""transactions_a.csv"", ""channel"": ""POS"", ""tx_type"": ""purchase"", ""currency"": ""USD"", ""amount"": 70.77, ""amount_in_usd"": 70.77}",No action (low risk cleared),Pending review,Awaiting investigator
TXN_282516,2026-09-18 12:10:41 UTC,0.0548,Weekend transaction,Model finds this transaction low risk due to weekend timing (score 0.055),"{""source"": ""transactions_a.csv"", ""channel"": ""Online"", ""tx_type"": ""transfer"", ""currency"": ""USD"", ""amount"": 18.27, ""amount_in_usd"": 18.27}",No action (low risk cleared),Pending review,Awaiting investigator
TXN_903669,2026-09-18 12:10:41 UTC,0.0044,No high-risk rules triggered,Model finds this transaction low risk with no strong anomaly indicators (score 0.004),"{""source"": ""transactions_a.csv"", ""channel"": ""Online"", ""tx_type"": ""purchase"", ""currency"": ""USD"", ""amount"": 13.2, ""amount_in_usd"": 13.2}",No action (low risk cleared),Pending review,Awaiting investigator
TXN_924915,2026-09-18 12:10:41 UTC,0.0614,Weekend transaction,Model finds this transaction low risk due to weekend timing (score 0.061),"{""source"": ""transactions_a.csv"", ""channel"": ""Mobile"", ""tx_type"": ""payment"", ""currency"": ""USD"", ""amount"": 53.44, ""amount_in_usd"": 53.44}",No action (low risk cleared),Pending review,Awaiting investigator
TXN_575144,2026-09-18 12:10:41 UTC,0.0476,No high-risk rules triggered,Model finds this transaction low risk with no strong anomaly indicators (score 0.048),"{""source"": ""transactions_a.csv"", ""channel"": ""POS"", ""tx_type"": ""transfer"", ""currency"": ""USD"", ""amount"": 8.92, ""amount_in_usd"": 8.92}",No action (low risk cleared),Pending review,Awaiting investigator
TXN_446234,2026-09-18 12:10:41 UTC,0.0169,No high-risk rules triggered,Model finds this transaction low risk with no strong anomaly indicators (score 0.017),"{""source"": ""transactions_a.csv"", ""channel"": ""Mobile"", ""tx_type"": ""transfer"", ""currency"": ""USD"", ""amount"": 38.23, ""amount_in_usd"": 38.23}",No action (low risk cleared),Pending review,Awaiting investigator
TXN_757386,2026-09-18 12:10:41 UTC,0.0537,Online + international (typical fraud vector),Model finds this transaction low risk due to online and international (score 0.054),"{""source"": ""transactions_a.csv"", ""channel"": ""ATM"", ""tx_type"": ""purchase"", ""currency"": ""USD"", ""amount"": 17.31, ""amount_in_usd"": 17.31}",No action (low risk cleared),Pending review,Awaiting investigator
TXN_791755,2026-09-18 12:10:41 UTC,0.9292,"Unusual hour (night, outside 06:00-22:00); Online + international (typical fraud vector); Late-night online purchase","Model strongly flags this transaction due to occurred at night, online and international (score 0.929)","{""source"": ""transactions_a.csv"", ""channel"": ""POS"", ""tx_type"": ""transfer"", ""currency"": ""USD"", ""amount"": 285.61, ""amount_in_usd"": 285.61}",Flagged for review,Pending review,Awaiting investigator
TXN_898040,2026-09-18 12:10:41 UTC,0.0251,Weekend transaction,Model finds this transaction low risk due to weekend timing (score 0.025),"{""source"": ""transactions_a.csv"", ""channel"": ""Online"", ""tx_type"": ""purchase"", ""currency"": ""USD"", ""amount"": 38.94, ""amount_in_usd"": 38.94}",No action (low risk cleared),Pending review,Awaiting investigator
TXN_618992,2026-09-18 12:10:41 UTC,0.0778,No high-risk rules triggered,Model finds this transaction low risk with no strong anomaly indicators (score 0.078),"{""source"": ""transactions_a.csv"", ""channel"": ""Mobile"", ""tx_type"": ""purchase"", ""currency"": ""USD"", ""amount"": 159.43, ""amount_in_usd"": 159.43}",No action (low risk cleared),Pending review,Awaiting investigator
TXN_105433,2026-09-18 12:10:41 UTC,0.0260,No high-risk rules triggered,Model finds this transaction low risk with no strong anomaly indicators (score 0.026),"{""source"": ""transactions_a.csv"", ""channel"": ""POS"", ""tx_type"": ""purchase"", ""currency"": ""USD"", ""amount"": 23.76, ""amount_in_usd"": 23.76}",No action (low risk cleared),Pending review,Awaiting investigator
TXN_766451,2026-09-18 12:10:41 UTC,0.0314,Weekend transaction,Model finds this transaction low risk due to weekend timing (score 0.031),"{""source"": ""transactions_a.csv"", ""channel"": ""Mobile"", ""tx_type"": ""purchase"", ""currency"": ""USD"", ""amount"": 49.95, ""amount_in_usd"": 49.95}",No action (low risk cleared),Pending review,Awaiting investigator
TXN_269889,2026-09-18 12:10:41 UTC,0.0744,No high-risk rules triggered,Model finds this transaction low risk with no strong anomaly indicators (score 0.074),"{""source"": ""transactions_a.csv"", ""channel"": ""POS"", ""tx_type"": ""transfer"", ""currency"": ""USD"", ""amount"": 55.68, ""amount_in_usd"": 55.68}",No action (low risk cleared),Pending review,Awaiting investigator
TXN_369477,2026-09-18 12:10:41 UTC,0.0641,No high-risk rules triggered,Model finds this transaction low risk with no strong anomaly indicators (score 0.064),"{""source"": ""transactions_a.csv"", ""channel"": ""ATM"", ""tx_type"": ""withdrawal"", ""currency"": ""USD"", ""amount"": 4.01, ""amount_in_usd"": 4.01}",No action (low risk cleared),Pending review,Awaiting investigator
TXN_732160,2026-09-18 12:10:41 UTC,0.0235,Weekend transaction,Model finds this transaction low risk due to weekend timing (score 0.024),"{""source"": ""transactions_a.csv"", ""channel"": ""Branch"", ""tx_type"": ""withdrawal"", ""currency"": ""USD"", ""amount"": 20.45, ""amount_in_usd"": 20.45}",No action (low risk cleared),Pending review,Awaiting investigator
TXN_839373,2026-09-18 12:10:41 UTC,0.1117,Weekend transaction,Model finds this transaction low risk due to weekend timing (score 0.112),"{""source"": ""transactions_a.csv"", ""channel"": ""Branch"", ""tx_type"": ""transfer"", ""currency"": ""USD"", ""amount"": 194.33, ""amount_in_usd"": 194.33}",No action (low risk cleared),Pending review,Awaiting investigator
TXN_838637,2026-09-18 12:10:41 UTC,0.8155,Weekend transaction; Online + international (typical fraud vector); Late-night online purchase,"Model strongly flags this transaction due to online and international, weekend timing (score 0.816)","{""source"": ""transactions_a.csv"", ""channel"": ""Mobile"", ""tx_type"": ""withdrawal"", ""currency"": ""USD"", ""amount"": 24.31, ""amount_in_usd"": 24.31}",Flagged for review,Pending review,Awaiting investigator
TXN_630229,2026-09-18 12:10:41 UTC,0.0802,No high-risk rules triggered,Model finds this transaction low risk with no strong anomaly indicators (score 0.080),"{""source"": ""transactions_a.csv"", ""channel"": ""POS"", ""tx_type"": ""transfer"", ""currency"": ""USD"", ""amount"": 1.25, ""amount_in_usd"": 1.25}",No action (low risk cleared),Pending review,Awaiting investigator
TXN_389838,2026-09-18 12:10:41 UTC,0.0264,No high-risk rules triggered,Model finds this transaction low risk with no strong anomaly indicators (score 0.026),"{""source"": ""transactions_a.csv"", ""channel"": ""Online"", ""tx_type"": ""withdrawal"", ""currency"": ""USD"", ""amount"": 39.62, ""amount_in_usd"": 39.62}",No action (low risk cleared),Pending review,Awaiting investigator
TXN_168371,2026-09-18 12:10:41 UTC,0.0152,No high-risk rules triggered,Model finds this transaction low risk with no strong anomaly indicators (score 0.015),"{""source"": ""transactions_a.csv"", ""channel"": ""Branch"", ""tx_type"": ""purchase"", ""currency"": ""USD"", ""amount"": 56.83, ""amount_in_usd"": 56.83}",No action (low risk cleared),Pending review,Awaiting investigator
TXN_351754,2026-09-18 12:10:41 UTC,0.0459,No high-risk rules triggered,Model finds this transaction low risk with no strong anomaly indicators (score 0.046),"{""source"": ""transactions_a.csv"", ""channel"": ""Branch"", ""tx_type"": ""purchase"", ""currency"": ""USD"", ""amount"": 172.34, ""amount_in_usd"": 172.34}",No action (low risk cleared),Pending review,Awaiting investigator
TXN_549827,2026-09-18 12:10:41 UTC,0.0253,No high-risk rules triggered,Model finds this transaction low risk with no strong anomaly indicators (score 0.025),"{""source"": ""transactions_a.csv"", ""channel"": ""Mobile"", ""tx_type"": ""payment"", ""currency"": ""USD"", ""amount"": 60.9, ""amount_in_usd"": 60.9}",No action (low risk cleared),Pending review,Awaiting investigator
TXN_932279,2026-09-18 12:10:41 UTC,0.1000,"Unusual hour (night, outside 06:00-22:00); Weekend transaction","Model finds this transaction low risk due to occurred at night, weekend timing (score 0.100)","{""source"": ""transactions_a.csv"", ""channel"": ""Mobile"", ""tx_type"": ""payment"", ""currency"": ""USD"", ""amount"": 115.67, ""amount_in_usd"": 115.67}",No action (low risk cleared),Pending review,Awaiting investigator
TXN_496709,2026-09-18 12:10:41 UTC,0.0419,No high-risk rules triggered,Model finds this transaction low risk with no strong anomaly indicators (score 0.042),"{""source"": ""transactions_a.csv"", ""channel"": ""Online"", ""tx_type"": ""withdrawal"", ""currency"": ""USD"", ""amount"": 5.36, ""amount_in_usd"": 5.36}",No action (low risk cleared),Pending review,Awaiting investigator
TXN_227835,2026-09-18 12:10:41 UTC,0.0654,No high-risk rules triggered,Model finds this transaction low risk with no strong anomaly indicators (score 0.065),"{""source"": ""transactions_a.csv"", ""channel"": ""POS"", ""tx_type"": ""payment"", ""currency"": ""USD"", ""amount"": 2.75, ""amount_in_usd"": 2.75}",No action (low risk cleared),Pending review,Awaiting investigator
TXN_716977,2026-09-18 12:10:41 UTC,0.0478,No high-risk rules triggered,Model finds this transaction low risk with no strong anomaly indicators (score 0.048),"{""source"": ""transactions_a.csv"", ""channel"": ""Online"", ""tx_type"": ""purchase"", ""currency"": ""USD"", ""amount"": 256.89, ""amount_in_usd"": 256.89}",No action (low risk cleared),Pending review,Awaiting investigator
TXN_428567,2026-09-18 12:10:41 UTC,0.0311,Weekend transaction,Model finds this transaction low risk due to weekend timing (score 0.031),"{""source"": ""transactions_a.csv"", ""channel"": ""Mobile"", ""tx_type"": ""transfer"", ""currency"": ""USD"", ""amount"": 20.19, ""amount_in_usd"": 20.19}",No action (low risk cleared),Pending review,Awaiting investigator
TXN_882055,2026-09-18 12:10:41 UTC,0.1150,"Unusual hour (night, outside 06:00-22:00); Weekend transaction","Model finds this transaction low risk due to occurred at night, weekend timing (score 0.115)","{""source"": ""transactions_a.csv"", ""channel"": ""Online"", ""tx_type"": ""payment"", ""currency"": ""USD"", ""amount"": 178.32, ""amount_in_usd"": 178.32}",No action (low risk cleared),Pending review,Awaiting investigator
TXN_102333,2026-09-18 12:10:41 UTC,0.0233,No high-risk rules triggered,Model finds this transaction low risk with no strong anomaly indicators (score 0.023),"{""source"": ""transactions_a.csv"", ""channel"": ""Online"", ""tx_type"": ""purchase"", ""currency"": ""USD"", ""amount"": 80.63, ""amount_in_usd"": 80.63}",No action (low risk cleared),Pending review,Awaiting investigator
TXN_549991,2026-09-18 12:10:41 UTC,0.0198,Weekend transaction,Model finds this transaction low risk due to weekend timing (score 0.020),"{""source"": ""transactions_a.csv"", ""channel"": ""Online"", ""tx_type"": ""transfer"", ""currency"": ""USD"", ""amount"": 69.82, ""amount_in_usd"": 69.82}",No action (low risk cleared),Pending review,Awaiting investigator
TXN_115052,2026-09-18 12:10:41 UTC,0.0467,No high-risk rules triggered,Model finds this transaction low risk with no strong anomaly indicators (score 0.047),"{""source"": ""transactions_a.csv"", ""channel"": ""Online"", ""tx_type"": ""purchase"", ""currency"": ""USD"", ""amount"": 243.84, ""amount_in_usd"": 243.84}",No action (low risk cleared),Pending review,Awaiting investigator
TXN_293624,2026-09-18 12:10:41 UTC,0.0873,Weekend transaction,Model finds this transaction low risk due to weekend timing (score 0.087),"{""source"": ""transactions_a.csv"", ""channel"": ""Online"", ""tx_type"": ""withdrawal"", ""currency"": ""USD"", ""amount"": 389.86, ""amount_in_usd"": 389.86}",No action (low risk cleared),Pending review,Awaiting investigator
TXN_141798,2026-09-18 12:10:41 UTC,0.0682,Weekend transaction,Model finds this transaction low risk due to weekend timing (score 0.068),"{""source"": ""transactions_a.csv"", ""channel"": ""Mobile"", ""tx_type"": ""purchase"", ""currency"": ""USD"", ""amount"": 205.13, ""amount_in_usd"": 205.13}",No action (low risk cleared),Pending review,Awaiting investigator
TXN_103457,2026-09-18 12:10:41 UTC,0.0611,No high-risk rules triggered,Model finds this transaction low risk with no strong anomaly indicators (score 0.061),"{""source"": ""transactions_a.csv"", ""channel"": ""POS"", ""tx_type"": ""purchase"", ""currency"": ""USD"", ""amount"": 193.46, ""amount_in_usd"": 193.46}",No action (low risk cleared),Pending review,Awaiting investigator
TXN_173727,2026-09-18 12:10:41 UTC,0.0382,No high-risk rules triggered,Model finds this transaction low risk with no strong anomaly indicators (score 0.038),"{""source"": ""transactions_a.csv"", ""channel"": ""Mobile"", ""tx_type"": ""purchase"", ""currency"": ""USD"", ""amount"": 15.94, ""amount_in_usd"": 15.94}",No action (low risk cleared),Pending review,Awaiting investigator
TXN_726809,2026-09-18 12:10:41 UTC,0.1298,"Unusual hour (night, outside 06:00-22:00); Weekend transaction","Model finds this transaction low risk due to occurred at night, weekend timing (score 0.130)","{""source"": ""transactions_a.csv"", ""channel"": ""Branch"", ""tx_type"": ""purchase"", ""currency"": ""USD"", ""amount"": 39.33, ""amount_in_usd"": 39.33}",No action (low risk cleared),Pending review,Awaiting investigator
TXN_928830,2026-09-18 12:10:41 UTC,0.0585,No high-risk rules triggered,Model finds this transaction low risk with no strong anomaly indicators (score 0.059),"{""source"": ""transactions_a.csv"", ""channel"": ""Online"", ""tx_type"": ""purchase"", ""currency"": ""USD"", ""amount"": 220.99, ""amount_in_usd"": 220.99}",No action (low risk cleared),Pending review,Awaiting investigator
TXN_305423,2026-09-18 12:10:41 UTC,0.0352,Online + international (typical fraud vector),Model finds this transaction low risk due to online and international (score 0.035),"{""source"": ""transactions_a.csv"", ""channel"": ""Online"", ""tx_type"": ""withdrawal"", ""currency"": ""USD"", ""amount"": 35.19, ""amount_in_usd"": 35.19}",No action (low risk cleared),Pending review,Awaiting investigator
TXN_374963,2026-09-18 12:10:41 UTC,0.0345,Weekend transaction,Model finds this transaction low risk due to weekend timing (score 0.035),"{""source"": ""transactions_a.csv"", ""channel"": ""POS"", ""tx_type"": ""transfer"", ""currency"": ""USD"", ""amount"": 73.3, ""amount_in_usd"": 73.3}",No action (low risk cleared),Pending review,Awaiting investigator
TXN_968126,2026-09-18 12:10:41 UTC,0.0300,No high-risk rules triggered,Model finds this transaction low risk with no strong anomaly indicators (score 0.030),"{""source"": ""transactions_a.csv"", ""channel"": ""Online"", ""tx_type"": ""purchase"", ""currency"": ""USD"", ""amount"": 92.19, ""amount_in_usd"": 92.19}",No action (low risk cleared),Pending review,Awaiting investigator
TXN_600439,2026-09-18 12:10:41 UTC,0.0442,Weekend transaction,Model finds this transaction low risk due to weekend timing (score 0.044),"{""source"": ""transactions_a.csv"", ""channel"": ""Mobile"", ""tx_type"": ""payment"", ""currency"": ""USD"", ""amount"": 42.19, ""amount_in_usd"": 42.19}",No action (low risk cleared),Pending review,Awaiting investigator
TXN_817792,2026-09-18 12:10:41 UTC,0.0490,Weekend transaction,Model finds this transaction low risk due to weekend timing (score 0.049),"{""source"": ""transactions_a.csv"", ""channel"": ""POS"", ""tx_type"": ""transfer"", ""currency"": ""USD"", ""amount"": 8.34, ""amount_in_usd"": 8.34}",No action (low risk cleared),Pending review,Awaiting investigator
TXN_518705,2026-09-18 12:10:41 UTC,0.0514,Weekend transaction,Model finds this transaction low risk due to weekend timing (score 0.051),"{""source"": ""transactions_a.csv"", ""channel"": ""POS"", ""tx_type"": ""payment"", ""currency"": ""USD"", ""amount"": 20.4, ""amount_in_usd"": 20.4}",No action (low risk cleared),Pending review,Awaiting investigator
TXN_531868,2026-09-18 12:10:41 UTC,0.0808,Weekend transaction,Model finds this transaction low risk due to weekend timing (score 0.081),"{""source"": ""transactions_a.csv"", ""channel"": ""POS"", ""tx_type"": ""withdrawal"", ""currency"": ""USD"", ""amount"": 275.51, ""amount_in_usd"": 275.51}",No action (low risk cleared),Pending review,Awaiting investigator
TXN_855318,2026-09-18 12:10:41 UTC,0.0139,No high-risk rules triggered,Model finds this transaction low risk with no strong anomaly indicators (score 0.014),"{""source"": ""transactions_a.csv"", ""channel"": ""Online"", ""tx_type"": ""purchase"", ""currency"": ""USD"", ""amount"": 51.9, ""amount_in_usd"": 51.9}",No action (low risk cleared),Pending review,Awaiting investigator
TXN_538937,2026-09-18 12:10:41 UTC,0.0590,Weekend transaction,Model finds this transaction low risk due to weekend timing (score 0.059),"{""source"": ""transactions_a.csv"", ""channel"": ""Online"", ""tx_type"": ""withdrawal"", ""currency"": ""USD"", ""amount"": 78.28, ""amount_in_usd"": 78.28}",No action (low risk cleared),Pending review,Awaiting investigator
TXN_953271,2026-09-18 12:10:41 UTC,0.0594,No high-risk rules triggered,Model finds this transaction low risk with no strong anomaly indicators (score 0.059),"{""source"": ""transactions_a.csv"", ""channel"": ""ATM"", ""tx_type"": ""purchase"", ""currency"": ""USD"", ""amount"": 45.29, ""amount_in_usd"": 45.29}",No action (low risk cleared),Pending review,Awaiting investigator
TXN_339132,2026-09-18 12:10:41 UTC,0.0215,No high-risk rules triggered,Model finds this transaction low risk with no strong anomaly indicators (score 0.021),"{""source"": ""transactions_a.csv"", ""channel"": ""Branch"", ""tx_type"": ""purchase"", ""currency"": ""USD"", ""amount"": 46.97, ""amount_in_usd"": 46.97}",No action (low risk cleared),Pending review,Awaiting investigator
TXN_948837,2026-09-18 12:10:41 UTC,0.0776,Online + international (typical fraud vector),Model finds this transaction low risk due to online and international (score 0.078),"{""source"": ""transactions_a.csv"", ""channel"": ""Mobile"", ""tx_type"": ""withdrawal"", ""currency"": ""USD"", ""amount"": 159.48, ""amount_in_usd"": 159.48}",No action (low risk cleared),Pending review,Awaiting investigator
TXN_731535,2026-09-18 12:10:42 UTC,0.0388,No high-risk rules triggered,Model finds this transaction low risk with no strong anomaly indicators (score 0.039),"{""source"": ""transactions_a.csv"", ""channel"": ""POS"", ""tx_type"": ""withdrawal"", ""currency"": ""USD"", ""amount"": 12.79, ""amount_in_usd"": 12.79}",No action (low risk cleared),Pending review,Awaiting investigator
TXN_817732,2026-09-18 12:10:42 UTC,0.0186,No high-risk rules triggered,Model finds this transaction low risk with no strong anomaly indicators (score 0.019),"{""source"": ""transactions_a.csv"", ""channel"": ""Online"", ""tx_type"": ""purchase"", ""currency"": ""USD"", ""amount"": 29.57, ""amount_in_usd"": 29.57}",No action (low risk cleared),Pending review,Awaiting investigator
TXN_411037,2026-09-18 12:10:42 UTC,0.0159,No high-risk rules triggered,Model finds this transaction low risk with no strong anomaly indicators (score 0.016),"{""source"": ""transactions_a.csv"", ""channel"": ""Online"", ""tx_type"": ""purchase"", ""currency"": ""USD"", ""amount"": 45.76, ""amount_in_usd"": 45.76}",No action (low risk cleared),Pending review,Awaiting investigator
TXN_364460,2026-09-18 12:10:42 UTC,0.1026,No high-risk rules triggered,Model finds this transaction low risk with no strong anomaly indicators (score 0.103),"{""source"": ""transactions_a.csv"", ""channel"": ""Branch"", ""tx_type"": ""withdrawal"", ""currency"": ""USD"", ""amount"": 6.68, ""amount_in_usd"": 6.68}",No action (low risk cleared),Pending review,Awaiting investigator
TXN_639382,2026-09-18 12:10:42 UTC,0.0193,No high-risk rules triggered,Model finds this transaction low risk with no strong anomaly indicators (score 0.019),"{""source"": ""transactions_a.csv"", ""channel"": ""Online"", ""tx_type"": ""purchase"", ""currency"": ""USD"", ""amount"": 22.12, ""amount_in_usd"": 22.12}",No action (low risk cleared),Pending review,Awaiting investigator
TXN_988386,2026-09-18 12:10:42 UTC,0.0404,No high-risk rules triggered,Model finds this transaction low risk with no strong anomaly indicators (score 0.040),"{""source"": ""transactions_a.csv"", ""channel"": ""Mobile"", ""tx_type"": ""purchase"", ""currency"": ""USD"", ""amount"": 141.24, ""amount_in_usd"": 141.24}",No action (low risk cleared),Pending review,Awaiting investigator
TXN_901257,2026-09-18 12:10:42 UTC,0.0087,No high-risk rules triggered,Model finds this transaction low risk with no strong anomaly indicators (score 0.009),"{""source"": ""transactions_a.csv"", ""channel"": ""Branch"", ""tx_type"": ""purchase"", ""currency"": ""USD"", ""amount"": 55.7, ""amount_in_usd"": 55.7}",No action (low risk cleared),Pending review,Awaiting investigator
TXN_244051,2026-09-18 12:10:42 UTC,0.0588,No high-risk rules triggered,Model finds this transaction low risk with no strong anomaly indicators (score 0.059),"{""source"": ""transactions_a.csv"", ""channel"": ""POS"", ""tx_type"": ""purchase"", ""currency"": ""USD"", ""amount"": 5.49, ""amount_in_usd"": 5.49}",No action (low risk cleared),Pending review,Awaiting investigator
TXN_460254,2026-09-18 12:10:42 UTC,0.0513,No high-risk rules triggered,Model finds this transaction low risk with no strong anomaly indicators (score 0.051),"{""source"": ""transactions_a.csv"", ""channel"": ""POS"", ""tx_type"": ""purchase"", ""currency"": ""USD"", ""amount"": 12.99, ""amount_in_usd"": 12.99}",No action (low risk cleared),Pending review,Awaiting investigator
TXN_769355,2026-09-18 12:10:42 UTC,0.0760,No high-risk rules triggered,Model finds this transaction low risk with no strong anomaly indicators (score 0.076),"{""source"": ""transactions_a.csv"", ""channel"": ""ATM"", ""tx_type"": ""withdrawal"", ""currency"": ""USD"", ""amount"": 3.02, ""amount_in_usd"": 3.02}",No action (low risk cleared),Pending review,Awaiting investigator
TXN_748819,2026-09-18 12:10:42 UTC,0.2170,"Unusual hour (night, outside 06:00-22:00); Weekend transaction","Model finds this transaction low risk due to occurred at night, weekend timing (score 0.217)","{""source"": ""transactions_a.csv"", ""channel"": ""POS"", ""tx_type"": ""transfer"", ""currency"": ""USD"", ""amount"": 523.96, ""amount_in_usd"": 523.96}",No action (low risk cleared),Pending review,Awaiting investigator
TXN_344041,2026-09-18 12:10:42 UTC,0.0278,No high-risk rules triggered,Model finds this transaction low risk with no strong anomaly indicators (score 0.028),"{""source"": ""transactions_a.csv"", ""channel"": ""Mobile"", ""tx_type"": ""payment"", ""currency"": ""USD"", ""amount"": 15.99, ""amount_in_usd"": 15.99}",No action (low risk cleared),Pending review,Awaiting investigator
TXN_928190,2026-09-18 12:10:42 UTC,0.0514,No high-risk rules triggered,Model finds this transaction low risk with no strong anomaly indicators (score 0.051),"{""source"": ""transactions_a.csv"", ""channel"": ""ATM"", ""tx_type"": ""payment"", ""currency"": ""USD"", ""amount"": 62.22, ""amount_in_usd"": 62.22}",No action (low risk cleared),Pending review,Awaiting investigator
TXN_386549,2026-09-18 12:10:42 UTC,0.0146,No high-risk rules triggered,Model finds this transaction low risk with no strong anomaly indicators (score 0.015),"{""source"": ""transactions_a.csv"", ""channel"": ""Online"", ""tx_type"": ""transfer"", ""currency"": ""USD"", ""amount"": 40.9, ""amount_in_usd"": 40.9}",No action (low risk cleared),Pending review,Awaiting investigator
TXN_311144,2026-09-18 12:10:42 UTC,0.0379,Weekend transaction,Model finds this transaction low risk due to weekend timing (score 0.038),"{""source"": ""transactions_a.csv"", ""channel"": ""POS"", ""tx_type"": ""purchase"", ""currency"": ""USD"", ""amount"": 37.9, ""amount_in_usd"": 37.9}",No action (low risk cleared),Pending review,Awaiting investigator
TXN_289205,2026-09-18 12:10:42 UTC,0.0797,No high-risk rules triggered,Model finds this transaction low risk with no strong anomaly indicators (score 0.080),"{""source"": ""transactions_a.csv"", ""channel"": ""ATM"", ""tx_type"": ""transfer"", ""currency"": ""USD"", ""amount"": 194.13, ""amount_in_usd"": 194.13}",No action (low risk cleared),Pending review,Awaiting investigator
TXN_921180,2026-09-18 12:10:42 UTC,0.0531,Weekend transaction,Model finds this transaction low risk due to weekend timing (score 0.053),"{""source"": ""transactions_a.csv"", ""channel"": ""Branch"", ""tx_type"": ""purchase"", ""currency"": ""USD"", ""amount"": 8.42, ""amount_in_usd"": 8.42}",No action (low risk cleared),Pending review,Awaiting investigator
TXN_921407,2026-09-18 12:10:42 UTC,0.0377,No high-risk rules triggered,Model finds this transaction low risk with no strong anomaly indicators (score 0.038),"{""source"": ""transactions_a.csv"", ""channel"": ""Mobile"", ""tx_type"": ""purchase"", ""currency"": ""USD"", ""amount"": 97.78, ""amount_in_usd"": 97.78}",No action (low risk cleared),Pending review,Awaiting investigator
TXN_199705,2026-09-18 12:10:42 UTC,0.1235,No high-risk rules triggered,Model finds this transaction low risk with no strong anomaly indicators (score 0.123),"{""source"": ""transactions_a.csv"", ""channel"": ""POS"", ""tx_type"": ""payment"", ""currency"": ""USD"", ""amount"": 358.9, ""amount_in_usd"": 358.9}",No action (low risk cleared),Pending review,Awaiting investigator
TXN_336745,2026-09-18 12:10:42 UTC,0.0557,No high-risk rules triggered,Model finds this transaction low risk with no strong anomaly indicators (score 0.056),"{""source"": ""transactions_a.csv"", ""channel"": ""POS"", ""tx_type"": ""transfer"", ""currency"": ""USD"", ""amount"": 213.26, ""amount_in_usd"": 213.26}",No action (low risk cleared),Pending review,Awaiting investigator
TXN_756985,2026-09-18 12:10:42 UTC,0.0327,Weekend transaction,Model finds this transaction low risk due to weekend timing (score 0.033),"{""source"": ""transactions_a.csv"", ""channel"": ""ATM"", ""tx_type"": ""purchase"", ""currency"": ""USD"", ""amount"": 34.28, ""amount_in_usd"": 34.28}",No action (low risk cleared),Pending review,Awaiting investigator
TXN_911617,2026-09-18 12:10:42 UTC,0.0209,No high-risk rules triggered,Model finds this transaction low risk with no strong anomaly indicators (score 0.021),"{""source"": ""transactions_a.csv"", ""channel"": ""Mobile"", ""tx_type"": ""purchase"", ""currency"": ""USD"", ""amount"": 25.87, ""amount_in_usd"": 25.87}",No action (low risk cleared),Pending review,Awaiting investigator
TXN_937989,2026-09-18 12:10:42 UTC,0.0429,Weekend transaction,Model finds this transaction low risk due to weekend timing (score 0.043),"{""source"": ""transactions_a.csv"", ""channel"": ""ATM"", ""tx_type"": ""payment"", ""currency"": ""USD"", ""amount"": 24.49, ""amount_in_usd"": 24.49}",No action (low risk cleared),Pending review,Awaiting investigator
TXN_171464,2026-09-18 12:10:42 UTC,0.0614,No high-risk rules triggered,Model finds this transaction low risk with no strong anomaly indicators (score 0.061),"{""source"": ""transactions_a.csv"", ""channel"": ""Online"", ""tx_type"": ""purchase"", ""currency"": ""USD"", ""amount"": 82.62, ""amount_in_usd"": 82.62}",No action (low risk cleared),Pending review,Awaiting investigator
TXN_166512,2026-09-18 12:10:42 UTC,0.0635,Weekend transaction,Model finds this transaction low risk due to weekend timing (score 0.064),"{""source"": ""transactions_a.csv"", ""channel"": ""ATM"", ""tx_type"": ""purchase"", ""currency"": ""USD"", ""amount"": 181.59, ""amount_in_usd"": 181.59}",No action (low risk cleared),Pending review,Awaiting investigator
TXN_152170,2026-09-18 12:10:42 UTC,0.0510,Online + international (typical fraud vector),Model finds this transaction low risk due to online and international (score 0.051),"{""source"": ""transactions_a.csv"", ""channel"": ""POS"", ""tx_type"": ""transfer"", ""currency"": ""USD"", ""amount"": 12.3, ""amount_in_usd"": 12.3}",No action (low risk cleared),Pending review,Awaiting investigator
TXN_417893,2026-09-18 12:10:42 UTC,0.0878,Online + international (typical fraud vector),Model finds this transaction low risk due to online and international (score 0.088),"{""source"": ""transactions_a.csv"", ""channel"": ""Branch"", ""tx_type"": ""purchase"", ""currency"": ""USD"", ""amount"": 8.89, ""amount_in_usd"": 8.89}",No action (low risk cleared),Pending review,Awaiting investigator
TXN_663151,2026-09-18 12:10:42 UTC,0.0334,Weekend transaction,Model finds this transaction low risk due to weekend timing (score 0.033),"{""source"": ""transactions_a.csv"", ""channel"": ""POS"", ""tx_type"": ""withdrawal"", ""currency"": ""USD"", ""amount"": 25.12, ""amount_in_usd"": 25.12}",No action (low risk cleared),Pending review,Awaiting investigator
TXN_504734,2026-09-18 12:10:42 UTC,0.0245,No high-risk rules triggered,Model finds this transaction low risk with no strong anomaly indicators (score 0.025),"{""source"": ""transactions_a.csv"", ""channel"": ""ATM"", ""tx_type"": ""transfer"", ""currency"": ""USD"", ""amount"": 50.77, ""amount_in_usd"": 50.77}",No action (low risk cleared),Pending review,Awaiting investigator
TXN_994295,2026-09-18 12:10:42 UTC,0.0493,Online + international (typical fraud vector),Model finds this transaction low risk due to online and international (score 0.049),"{""source"": ""transactions_a.csv"", ""channel"": ""Online"", ""tx_type"": ""transfer"", ""currency"": ""USD"", ""amount"": 92.03, ""amount_in_usd"": 92.03}",No action (low risk cleared),Pending review,Awaiting investigator
TXN_962107,2026-09-18 12:10:42 UTC,0.0428,Weekend transaction,Model finds this transaction low risk due to weekend timing (score 0.043),"{""source"": ""transactions_a.csv"", ""channel"": ""Online"", ""tx_type"": ""withdrawal"", ""currency"": ""USD"", ""amount"": 52.99, ""amount_in_usd"": 52.99}",No action (low risk cleared),Pending review,Awaiting investigator
TXN_308747,2026-09-18 12:10:42 UTC,0.1530,Weekend transaction,Model finds this transaction low risk due to weekend timing (score 0.153),"{""source"": ""transactions_a.csv"", ""channel"": ""Mobile"", ""tx_type"": ""purchase"", ""currency"": ""USD"", ""amount"": 213.9, ""amount_in_usd"": 213.9}",No action (low risk cleared),Pending review,Awaiting investigator
TXN_786668,2026-09-18 12:10:42 UTC,0.0258,No high-risk rules triggered,Model finds this transaction low risk with no strong anomaly indicators (score 0.026),"{""source"": ""transactions_a.csv"", ""channel"": ""ATM"", ""tx_type"": ""purchase"", ""currency"": ""USD"", ""amount"": 21.79, ""amount_in_usd"": 21.79}",No action (low risk cleared),Pending review,Awaiting investigator
TXN_980509,2026-09-18 12:10:42 UTC,0.0791,No high-risk rules triggered,Model finds this transaction low risk with no strong anomaly indicators (score 0.079),"{""source"": ""transactions_a.csv"", ""channel"": ""Online"", ""tx_type"": ""withdrawal"", ""currency"": ""USD"", ""amount"": 250.54, ""amount_in_usd"": 250.54}",No action (low risk cleared),Pending review,Awaiting investigator
TXN_456686,2026-09-18 12:10:42 UTC,0.0493,No high-risk rules triggered,Model finds this transaction low risk with no strong anomaly indicators (score 0.049),"{""source"": ""transactions_a.csv"", ""channel"": ""Online"", ""tx_type"": ""payment"", ""currency"": ""USD"", ""amount"": 12.0, ""amount_in_usd"": 12.0}",No action (low risk cleared),Pending review,Awaiting investigator
TXN_178932,2026-09-18 12:10:42 UTC,0.0327,Weekend transaction,Model finds this transaction low risk due to weekend timing (score 0.033),"{""source"": ""transactions_a.csv"", ""channel"": ""Mobile"", ""tx_type"": ""purchase"", ""currency"": ""USD"", ""amount"": 31.51, ""amount_in_usd"": 31.51}",No action (low risk cleared),Pending review,Awaiting investigator
TXN_573512,2026-09-18 12:10:42 UTC,0.0554,No high-risk rules triggered,Model finds this transaction low risk with no strong anomaly indicators (score 0.055),"{""source"": ""transactions_a.csv"", ""channel"": ""Mobile"", ""tx_type"": ""purchase"", ""currency"": ""USD"", ""amount"": 290.06, ""amount_in_usd"": 290.06}",No action (low risk cleared),Pending review,Awaiting investigator
TXN_676939,2026-09-18 12:10:42 UTC,0.0402,No high-risk rules triggered,Model finds this transaction low risk with no strong anomaly indicators (score 0.040),"{""source"": ""transactions_a.csv"", ""channel"": ""POS"", ""tx_type"": ""transfer"", ""currency"": ""USD"", ""amount"": 34.6, ""amount_in_usd"": 34.6}",No action (low risk cleared),Pending review,Awaiting investigator
TXN_165654,2026-09-18 12:10:42 UTC,0.0736,Weekend transaction,Model finds this transaction low risk due to weekend timing (score 0.074),"{""source"": ""transactions_a.csv"", ""channel"": ""ATM"", ""tx_type"": ""purchase"", ""currency"": ""USD"", ""amount"": 8.64, ""amount_in_usd"": 8.64}",No action (low risk cleared),Pending review,Awaiting investigator
TXN_278616,2026-09-18 12:10:42 UTC,0.0451,No high-risk rules triggered,Model finds this transaction low risk with no strong anomaly indicators (score 0.045),"{""source"": ""transactions_a.csv"", ""channel"": ""POS"", ""tx_type"": ""purchase"", ""currency"": ""USD"", ""amount"": 62.22, ""amount_in_usd"": 62.22}",No action (low risk cleared),Pending review,Awaiting investigator
TXN_142887,2026-09-18 12:10:42 UTC,0.0263,No high-risk rules triggered,Model finds this transaction low risk with no strong anomaly indicators (score 0.026),"{""source"": ""transactions_a.csv"", ""channel"": ""Mobile"", ""tx_type"": ""withdrawal"", ""currency"": ""USD"", ""amount"": 18.85, ""amount_in_usd"": 18.85}",No action (low risk cleared),Pending review,Awaiting investigator
TXN_353148,2026-09-18 12:10:42 UTC,0.0141,No high-risk rules triggered,Model finds this transaction low risk with no strong anomaly indicators (score 0.014),"{""source"": ""transactions_a.csv"", ""channel"": ""Online"", ""tx_type"": ""purchase"", ""currency"": ""USD"", ""amount"": 65.62, ""amount_in_usd"": 65.62}",No action (low risk cleared),Pending review,Awaiting investigator
TXN_955639,2026-09-18 12:10:42 UTC,0.0199,No high-risk rules triggered,Model finds this transaction low risk with no strong anomaly indicators (score 0.020),"{""source"": ""transactions_a.csv"", ""channel"": ""Mobile"", ""tx_type"": ""withdrawal"", ""currency"": ""USD"", ""amount"": 76.78, ""amount_in_usd"": 76.78}",No action (low risk cleared),Pending review,Awaiting investigator
TXN_372251,2026-09-18 12:10:42 UTC,0.4572,Weekend transaction; Online + international (typical fraud vector); Late-night online purchase,"Model shows moderate risk; review advised due to online and international, weekend timing (score 0.457)","{""source"": ""transactions_a.csv"", ""channel"": ""POS"", ""tx_type"": ""transfer"", ""currency"": ""USD"", ""amount"": 62.09, ""amount_in_usd"": 62.09}",No action (low risk cleared),Pending review,Awaiting investigator
TXN_716503,2026-09-18 12:10:42 UTC,0.0325,Weekend transaction,Model finds this transaction low risk due to weekend timing (score 0.033),"{""source"": ""transactions_a.csv"", ""channel"": ""Online"", ""tx_type"": ""transfer"", ""currency"": ""USD"", ""amount"": 20.19, ""amount_in_usd"": 20.19}",No action (low risk cleared),Pending review,Awaiting investigator
TXN_869445,2026-09-18 12:10:42 UTC,0.1025,"Unusual hour (night, outside 06:00-22:00)",Model finds this transaction low risk due to occurred at night (score 0.102),"{""source"": ""transactions_a.csv"", ""channel"": ""Online"", ""tx_type"": ""withdrawal"", ""currency"": ""USD"", ""amount"": 11.01, ""amount_in_usd"": 11.01}",No action (low risk cleared),Pending review,Awaiting investigator
TXN_568748,2026-09-18 12:10:42 UTC,0.1027,Weekend transaction,Model finds this transaction low risk due to weekend timing (score 0.103),"{""source"": ""transactions_a.csv"", ""channel"": ""ATM"", ""tx_type"": ""transfer"", ""currency"": ""USD"", ""amount"": 211.93, ""amount_in_usd"": 211.93}",No action (low risk cleared),Pending review,Awaiting investigator
TXN_897635,2026-09-18 12:10:42 UTC,0.0469,No high-risk rules triggered,Model finds this transaction low risk with no strong anomaly indicators (score 0.047),"{""source"": ""transactions_a.csv"", ""channel"": ""ATM"", ""tx_type"": ""payment"", ""currency"": ""USD"", ""amount"": 109.9, ""amount_in_usd"": 109.9}",No action (low risk cleared),Pending review,Awaiting investigator
TXN_479490,2026-09-18 12:10:42 UTC,0.0164,No high-risk rules triggered,Model finds this transaction low risk with no strong anomaly indicators (score 0.016),"{""source"": ""transactions_a.csv"", ""channel"": ""Online"", ""tx_type"": ""transfer"", ""currency"": ""USD"", ""amount"": 24.06, ""amount_in_usd"": 24.06}",No action (low risk cleared),Pending review,Awaiting investigator
TXN_625584,2026-09-18 12:10:42 UTC,0.8954,No high-risk rules triggered,Model strongly flags this transaction with no strong anomaly indicators (score 0.895),"{""source"": ""transactions_a.csv"", ""channel"": ""Branch"", ""tx_type"": ""transfer"", ""currency"": ""USD"", ""amount"": 738.91, ""amount_in_usd"": 738.91}",Flagged for review,Pending review,Awaiting investigator
TXN_552279,2026-09-18 12:10:42 UTC,0.0287,Weekend transaction,Model finds this transaction low risk due to weekend timing (score 0.029),"{""source"": ""transactions_a.csv"", ""channel"": ""Mobile"", ""tx_type"": ""purchase"", ""currency"": ""USD"", ""amount"": 70.96, ""amount_in_usd"": 70.96}",No action (low risk cleared),Pending review,Awaiting investigator
TXN_550001,2026-09-18 12:10:42 UTC,0.1541,No high-risk rules triggered,Model finds this transaction low risk with no strong anomaly indicators (score 0.154),"{""source"": ""transactions_a.csv"", ""channel"": ""Mobile"", ""tx_type"": ""purchase"", ""currency"": ""USD"", ""amount"": 64.17, ""amount_in_usd"": 64.17}",No action (low risk cleared),Pending review,Awaiting investigator
TXN_384965,2026-09-18 12:10:42 UTC,0.0180,Weekend transaction,Model finds this transaction low risk due to weekend timing (score 0.018),"{""source"": ""transactions_a.csv"", ""channel"": ""Online"", ""tx_type"": ""transfer"", ""currency"": ""USD"", ""amount"": 30.7, ""amount_in_usd"": 30.7}",No action (low risk cleared),Pending review,Awaiting investigator
TXN_821960,2026-09-18 12:10:42 UTC,0.0181,No high-risk rules triggered,Model finds this transaction low risk with no strong anomaly indicators (score 0.018),"{""source"": ""transactions_a.csv"", ""channel"": ""Mobile"", ""tx_type"": ""transfer"", ""currency"": ""USD"", ""amount"": 92.58, ""amount_in_usd"": 92.58}",No action (low risk cleared),Pending review,Awaiting investigator
TXN_605345,2026-09-18 12:10:42 UTC,0.0395,Weekend transaction,Model finds this transaction low risk due to weekend timing (score 0.040),"{""source"": ""transactions_a.csv"", ""channel"": ""Mobile"", ""tx_type"": ""purchase"", ""currency"": ""USD"", ""amount"": 45.84, ""amount_in_usd"": 45.84}",No action (low risk cleared),Pending review,Awaiting investigator
TXN_464789,2026-09-18 12:10:42 UTC,0.0544,Online + international (typical fraud vector),Model finds this transaction low risk due to online and international (score 0.054),"{""source"": ""transactions_a.csv"", ""channel"": ""Mobile"", ""tx_type"": ""purchase"", ""currency"": ""USD"", ""amount"": 4.98, ""amount_in_usd"": 4.98}",No action (low risk cleared),Pending review,Awaiting investigator
TXN_228968,2026-09-18 12:10:42 UTC,0.0296,No high-risk rules triggered,Model finds this transaction low risk with no strong anomaly indicators (score 0.030),"{""source"": ""transactions_a.csv"", ""channel"": ""Branch"", ""tx_type"": ""purchase"", ""currency"": ""USD"", ""amount"": 30.03, ""amount_in_usd"": 30.03}",No action (low risk cleared),Pending review,Awaiting investigator
TXN_742914,2026-09-18 12:10:42 UTC,0.1606,"Unusual hour (night, outside 06:00-22:00)",Model finds this transaction low risk due to occurred at night (score 0.161),"{""source"": ""transactions_a.csv"", ""channel"": ""Branch"", ""tx_type"": ""purchase"", ""currency"": ""USD"", ""amount"": 97.32, ""amount_in_usd"": 97.32}",No action (low risk cleared),Pending review,Awaiting investigator
TXN_529462,2026-09-18 12:10:42 UTC,0.1801,"Unusual hour (night, outside 06:00-22:00)",Model finds this transaction low risk due to occurred at night (score 0.180),"{""source"": ""transactions_a.csv"", ""channel"": ""Branch"", ""tx_type"": ""purchase"", ""currency"": ""USD"", ""amount"": 0.57, ""amount_in_usd"": 0.57}",No action (low risk cleared),Pending review,Awaiting investigator
TXN_377618,2026-09-18 12:10:42 UTC,0.0299,Weekend transaction,Model finds this transaction low risk due to weekend timing (score 0.030),"{""source"": ""transactions_a.csv"", ""channel"": ""POS"", ""tx_type"": ""purchase"", ""currency"": ""USD"", ""amount"": 60.3, ""amount_in_usd"": 60.3}",No action (low risk cleared),Pending review,Awaiting investigator
TXN_901046,2026-09-18 12:10:42 UTC,0.0122,No high-risk rules triggered,Model finds this transaction low risk with no strong anomaly indicators (score 0.012),"{""source"": ""transactions_a.csv"", ""channel"": ""Mobile"", ""tx_type"": ""transfer"", ""currency"": ""USD"", ""amount"": 52.6, ""amount_in_usd"": 52.6}",No action (low risk cleared),Pending review,Awaiting investigator
TXN_186641,2026-09-18 12:10:42 UTC,0.0753,Weekend transaction,Model finds this transaction low risk due to weekend timing (score 0.075),"{""source"": ""transactions_a.csv"", ""channel"": ""Online"", ""tx_type"": ""purchase"", ""currency"": ""USD"", ""amount"": 406.65, ""amount_in_usd"": 406.65}",No action (low risk cleared),Pending review,Awaiting investigator
TXN_154558,2026-09-18 12:10:42 UTC,0.0166,Weekend transaction,Model finds this transaction low risk due to weekend timing (score 0.017),"{""source"": ""transactions_a.csv"", ""channel"": ""Mobile"", ""tx_type"": ""purchase"", ""currency"": ""USD"", ""amount"": 53.65, ""amount_in_usd"": 53.65}",No action (low risk cleared),Pending review,Awaiting investigator
TXN_882475,2026-09-18 12:10:42 UTC,0.1035,No high-risk rules triggered,Model finds this transaction low risk with no strong anomaly indicators (score 0.103),"{""source"": ""transactions_a.csv"", ""channel"": ""POS"", ""tx_type"": ""withdrawal"", ""currency"": ""USD"", ""amount"": 284.05, ""amount_in_usd"": 284.05}",No action (low risk cleared),Pending review,Awaiting investigator
TXN_697004,2026-09-18 12:10:42 UTC,0.0333,No high-risk rules triggered,Model finds this transaction low risk with no strong anomaly indicators (score 0.033),"{""source"": ""transactions_a.csv"", ""channel"": ""Online"", ""tx_type"": ""withdrawal"", ""currency"": ""USD"", ""amount"": 80.35, ""amount_in_usd"": 80.35}",No action (low risk cleared),Pending review,Awaiting investigator
TXN_973560,2026-09-18 12:10:42 UTC,0.0213,No high-risk rules triggered,Model finds this transaction low risk with no strong anomaly indicators (score 0.021),"{""source"": ""transactions_a.csv"", ""channel"": ""Mobile"", ""tx_type"": ""withdrawal"", ""currency"": ""USD"", ""amount"": 16.98, ""amount_in_usd"": 16.98}",No action (low risk cleared),Pending review,Awaiting investigator
TXN_136839,2026-09-18 12:10:42 UTC,0.0491,No high-risk rules triggered,Model finds this transaction low risk with no strong anomaly indicators (score 0.049),"{""source"": ""transactions_a.csv"", ""channel"": ""Online"", ""tx_type"": ""purchase"", ""currency"": ""USD"", ""amount"": 4.94, ""amount_in_usd"": 4.94}",No action (low risk cleared),Pending review,Awaiting investigator
TXN_665654,2026-09-18 12:10:42 UTC,0.1939,Weekend transaction,Model finds this transaction low risk due to weekend timing (score 0.194),"{""source"": ""transactions_a.csv"", ""channel"": ""Branch"", ""tx_type"": ""purchase"", ""currency"": ""USD"", ""amount"": 105.82, ""amount_in_usd"": 105.82}",No action (low risk cleared),Pending review,Awaiting investigator
TXN_705122,2026-09-18 12:10:42 UTC,0.0167,No high-risk rules triggered,Model finds this transaction low risk with no strong anomaly indicators (score 0.017),"{""source"": ""transactions_a.csv"", ""channel"": ""Online"", ""tx_type"": ""withdrawal"", ""currency"": ""USD"", ""amount"": 27.77, ""amount_in_usd"": 27.77}",No action (low risk cleared),Pending review,Awaiting investigator
TXN_694725,2026-09-18 12:10:42 UTC,0.0254,No high-risk rules triggered,Model finds this transaction low risk with no strong anomaly indicators (score 0.025),"{""source"": ""transactions_a.csv"", ""channel"": ""Mobile"", ""tx_type"": ""purchase"", ""currency"": ""USD"", ""amount"": 37.69, ""amount_in_usd"": 37.69}",No action (low risk cleared),Pending review,Awaiting investigator
TXN_630455,2026-09-18 12:10:42 UTC,0.0327,No high-risk rules triggered,Model finds this transaction low risk with no strong anomaly indicators (score 0.033),"{""source"": ""transactions_a.csv"", ""channel"": ""Mobile"", ""tx_type"": ""payment"", ""currency"": ""USD"", ""amount"": 28.08, ""amount_in_usd"": 28.08}",No action (low risk cleared),Pending review,Awaiting investigator
TXN_841021,2026-09-18 12:10:42 UTC,0.0221,No high-risk rules triggered,Model finds this transaction low risk with no strong anomaly indicators (score 0.022),"{""source"": ""transactions_a.csv"", ""channel"": ""Mobile"", ""tx_type"": ""transfer"", ""currency"": ""USD"", ""amount"": 74.9, ""amount_in_usd"": 74.9}",No action (low risk cleared),Pending review,Awaiting investigator
TXN_190328,2026-09-18 12:10:42 UTC,0.0788,No high-risk rules triggered,Model finds this transaction low risk with no strong anomaly indicators (score 0.079),"{""source"": ""transactions_a.csv"", ""channel"": ""Online"", ""tx_type"": ""payment"", ""currency"": ""USD"", ""amount"": 98.59, ""amount_in_usd"": 98.59}",No action (low risk cleared),Pending review,Awaiting investigator
TXN_310680,2026-09-18 12:10:42 UTC,0.0407,Weekend transaction,Model finds this transaction low risk due to weekend timing (score 0.041),"{""source"": ""transactions_a.csv"", ""channel"": ""Online"", ""tx_type"": ""payment"", ""currency"": ""USD"", ""amount"": 68.2, ""amount_in_usd"": 68.2}",No action (low risk cleared),Pending review,Awaiting investigator
TXN_680528,2026-09-18 12:10:42 UTC,0.8688,Weekend transaction; Online + international (typical fraud vector),"Model strongly flags this transaction due to online and international, weekend timing (score 0.869)","{""source"": ""transactions_a.csv"", ""channel"": ""Online"", ""tx_type"": ""purchase"", ""currency"": ""USD"", ""amount"": 398.01, ""amount_in_usd"": 398.01}",Flagged for review,Pending review,Awaiting investigator
TXN_531553,2026-09-18 12:10:42 UTC,0.0252,Weekend transaction,Model finds this transaction low risk due to weekend timing (score 0.025),"{""source"": ""transactions_a.csv"", ""channel"": ""Mobile"", ""tx_type"": ""purchase"", ""currency"": ""USD"", ""amount"": 14.52, ""amount_in_usd"": 14.52}",No action (low risk cleared),Pending review,Awaiting investigator
TXN_616263,2026-09-18 12:10:42 UTC,0.0301,No high-risk rules triggered,Model finds this transaction low risk with no strong anomaly indicators (score 0.030),"{""source"": ""transactions_a.csv"", ""channel"": ""ATM"", ""tx_type"": ""purchase"", ""currency"": ""USD"", ""amount"": 20.01, ""amount_in_usd"": 20.01}",No action (low risk cleared),Pending review,Awaiting investigator
TXN_573652,2026-09-18 12:10:42 UTC,0.0937,"Unusual hour (night, outside 06:00-22:00); Late-night online purchase",Model finds this transaction low risk due to occurred at night (score 0.094),"{""source"": ""transactions_a.csv"", ""channel"": ""POS"", ""tx_type"": ""purchase"", ""currency"": ""USD"", ""amount"": 116.01, ""amount_in_usd"": 116.01}",No action (low risk cleared),Pending review,Awaiting investigator
TXN_105098,2026-09-18 12:10:42 UTC,0.0794,Weekend transaction,Model finds this transaction low risk due to weekend timing (score 0.079),"{""source"": ""transactions_a.csv"", ""channel"": ""Mobile"", ""tx_type"": ""purchase"", ""currency"": ""USD"", ""amount"": 22.31, ""amount_in_usd"": 22.31}",No action (low risk cleared),Pending review,Awaiting investigator
TXN_929214,2026-09-18 12:10:42 UTC,0.0313,No high-risk rules triggered,Model finds this transaction low risk with no strong anomaly indicators (score 0.031),"{""source"": ""transactions_a.csv"", ""channel"": ""Online"", ""tx_type"": ""purchase"", ""currency"": ""USD"", ""amount"": 186.89, ""amount_in_usd"": 186.89}",No action (low risk cleared),Pending review,Awaiting investigator
TXN_584437,2026-09-18 12:10:42 UTC,0.0271,No high-risk rules triggered,Model finds this transaction low risk with no strong anomaly indicators (score 0.027),"{""source"": ""transactions_a.csv"", ""channel"": ""ATM"", ""tx_type"": ""transfer"", ""currency"": ""USD"", ""amount"": 37.95, ""amount_in_usd"": 37.95}",No action (low risk cleared),Pending review,Awaiting investigator
TXN_479268,2026-09-18 12:10:42 UTC,0.0153,No high-risk rules triggered,Model finds this transaction low risk with no strong anomaly indicators (score 0.015),"{""source"": ""transactions_a.csv"", ""channel"": ""Online"", ""tx_type"": ""withdrawal"", ""currency"": ""USD"", ""amount"": 33.63, ""amount_in_usd"": 33.63}",No action (low risk cleared),Pending review,Awaiting investigator
TXN_294645,2026-09-18 12:10:42 UTC,0.0972,No high-risk rules triggered,Model finds this transaction low risk with no strong anomaly indicators (score 0.097),"{""source"": ""transactions_a.csv"", ""channel"": ""Mobile"", ""tx_type"": ""purchase"", ""currency"": ""USD"", ""amount"": 67.04, ""amount_in_usd"": 67.04}",No action (low risk cleared),Pending review,Awaiting investigator
TXN_560106,2026-09-18 12:10:42 UTC,0.0284,No high-risk rules triggered,Model finds this transaction low risk with no strong anomaly indicators (score 0.028),"{""source"": ""transactions_a.csv"", ""channel"": ""Online"", ""tx_type"": ""purchase"", ""currency"": ""USD"", ""amount"": 28.24, ""amount_in_usd"": 28.24}",No action (low risk cleared),Pending review,Awaiting investigator
TXN_758804,2026-09-18 12:10:42 UTC,0.0650,No high-risk rules triggered,Model finds this transaction low risk with no strong anomaly indicators (score 0.065),"{""source"": ""transactions_a.csv"", ""channel"": ""POS"", ""tx_type"": ""transfer"", ""currency"": ""USD"", ""amount"": 271.77, ""amount_in_usd"": 271.77}",No action (low risk cleared),Pending review,Awaiting investigator
TXN_239516,2026-09-18 12:10:42 UTC,0.0280,Weekend transaction,Model finds this transaction low risk due to weekend timing (score 0.028),"{""source"": ""transactions_a.csv"", ""channel"": ""Online"", ""tx_type"": ""withdrawal"", ""currency"": ""USD"", ""amount"": 67.13, ""amount_in_usd"": 67.13}",No action (low risk cleared),Pending review,Awaiting investigator
TXN_957102,2026-09-18 12:10:42 UTC,0.0370,No high-risk rules triggered,Model finds this transaction low risk with no strong anomaly indicators (score 0.037),"{""source"": ""transactions_a.csv"", ""channel"": ""Branch"", ""tx_type"": ""transfer"", ""currency"": ""USD"", ""amount"": 138.86, ""amount_in_usd"": 138.86}",No action (low risk cleared),Pending review,Awaiting investigator
TXN_148175,2026-09-18 12:10:42 UTC,0.8862,Online + international (typical fraud vector),Model strongly flags this transaction due to online and international (score 0.886),"{""source"": ""transactions_a.csv"", ""channel"": ""Branch"", ""tx_type"": ""purchase"", ""currency"": ""USD"", ""amount"": 340.92, ""amount_in_usd"": 340.92}",Flagged for review,Pending review,Awaiting investigator
TXN_480782,2026-09-18 12:10:42 UTC,0.1008,No high-risk rules triggered,Model finds this transaction low risk with no strong anomaly indicators (score 0.101),"{""source"": ""transactions_a.csv"", ""channel"": ""Online"", ""tx_type"": ""transfer"", ""currency"": ""USD"", ""amount"": 451.03, ""amount_in_usd"": 451.03}",No action (low risk cleared),Pending review,Awaiting investigator
TXN_525136,2026-09-18 12:10:42 UTC,0.0338,No high-risk rules triggered,Model finds this transaction low risk with no strong anomaly indicators (score 0.034),"{""source"": ""transactions_a.csv"", ""channel"": ""POS"", ""tx_type"": ""withdrawal"", ""currency"": ""USD"", ""amount"": 12.38, ""amount_in_usd"": 12.38}",No action (low risk cleared),Pending review,Awaiting investigator
TXN_532537,2026-09-18 12:10:42 UTC,0.0493,Weekend transaction,Model finds this transaction low risk due to weekend timing (score 0.049),"{""source"": ""transactions_a.csv"", ""channel"": ""Online"", ""tx_type"": ""purchase"", ""currency"": ""USD"", ""amount"": 140.05, ""amount_in_usd"": 140.05}",No action (low risk cleared),Pending review,Awaiting investigator
TXN_955931,2026-09-18 12:10:42 UTC,0.0516,Weekend transaction,Model finds this transaction low risk due to weekend timing (score 0.052),"{""source"": ""transactions_a.csv"", ""channel"": ""Online"", ""tx_type"": ""purchase"", ""currency"": ""USD"", ""amount"": 30.47, ""amount_in_usd"": 30.47}",No action (low risk cleared),Pending review,Awaiting investigator
TXN_741903,2026-09-18 12:10:42 UTC,0.0172,No high-risk rules triggered,Model finds this transaction low risk with no strong anomaly indicators (score 0.017),"{""source"": ""transactions_a.csv"", ""channel"": ""POS"", ""tx_type"": ""transfer"", ""currency"": ""USD"", ""amount"": 50.59, ""amount_in_usd"": 50.59}",No action (low risk cleared),Pending review,Awaiting investigator
TXN_730105,2026-09-18 12:10:42 UTC,0.0394,Weekend transaction,Model finds this transaction low risk due to weekend timing (score 0.039),"{""source"": ""transactions_a.csv"", ""channel"": ""Mobile"", ""tx_type"": ""purchase"", ""currency"": ""USD"", ""amount"": 5.89, ""amount_in_usd"": 5.89}",No action (low risk cleared),Pending review,Awaiting investigator
TXN_331637,2026-09-18 12:10:42 UTC,0.0288,No high-risk rules triggered,Model finds this transaction low risk with no strong anomaly indicators (score 0.029),"{""source"": ""transactions_a.csv"", ""channel"": ""Online"", ""tx_type"": ""purchase"", ""currency"": ""USD"", ""amount"": 37.55, ""amount_in_usd"": 37.55}",No action (low risk cleared),Pending review,Awaiting investigator
TXN_603849,2026-09-18 12:10:42 UTC,0.0235,No high-risk rules triggered,Model finds this transaction low risk with no strong anomaly indicators (score 0.024),"{""source"": ""transactions_a.csv"", ""channel"": ""POS"", ""tx_type"": ""payment"", ""currency"": ""USD"", ""amount"": 23.43, ""amount_in_usd"": 23.43}",No action (low risk cleared),Pending review,Awaiting investigator
TXN_883670,2026-09-18 12:10:42 UTC,0.0276,No high-risk rules triggered,Model finds this transaction low risk with no strong anomaly indicators (score 0.028),"{""source"": ""transactions_a.csv"", ""channel"": ""Mobile"", ""tx_type"": ""withdrawal"", ""currency"": ""USD"", ""amount"": 11.6, ""amount_in_usd"": 11.6}",No action (low risk cleared),Pending review,Awaiting investigator
TXN_679979,2026-09-18 12:10:42 UTC,0.0183,No high-risk rules triggered,Model finds this transaction low risk with no strong anomaly indicators (score 0.018),"{""source"": ""transactions_a.csv"", ""channel"": ""Mobile"", ""tx_type"": ""purchase"", ""currency"": ""USD"", ""amount"": 74.23, ""amount_in_usd"": 74.23}",No action (low risk cleared),Pending review,Awaiting investigator
TXN_670379,2026-09-18 12:10:42 UTC,0.0234,Weekend transaction,Model finds this transaction low risk due to weekend timing (score 0.023),"{""source"": ""transactions_a.csv"", ""channel"": ""Branch"", ""tx_type"": ""purchase"", ""currency"": ""USD"", ""amount"": 22.18, ""amount_in_usd"": 22.18}",No action (low risk cleared),Pending review,Awaiting investigator
TXN_706829,2026-09-18 12:10:42 UTC,0.0420,No high-risk rules triggered,Model finds this transaction low risk with no strong anomaly indicators (score 0.042),"{""source"": ""transactions_a.csv"", ""channel"": ""POS"", ""tx_type"": ""purchase"", ""currency"": ""USD"", ""amount"": 28.39, ""amount_in_usd"": 28.39}",No action (low risk cleared),Pending review,Awaiting investigator
TXN_224407,2026-09-18 12:10:42 UTC,0.0483,Weekend transaction,Model finds this transaction low risk due to weekend timing (score 0.048),"{""source"": ""transactions_a.csv"", ""channel"": ""Mobile"", ""tx_type"": ""transfer"", ""currency"": ""USD"", ""amount"": 7.33, ""amount_in_usd"": 7.33}",No action (low risk cleared),Pending review,Awaiting investigator
TXN_621103,2026-09-18 12:10:42 UTC,0.1002,Online + international (typical fraud vector),Model finds this transaction low risk due to online and international (score 0.100),"{""source"": ""transactions_a.csv"", ""channel"": ""POS"", ""tx_type"": ""purchase"", ""currency"": ""USD"", ""amount"": 256.08, ""amount_in_usd"": 256.08}",No action (low risk cleared),Pending review,Awaiting investigator
TXN_894017,2026-09-18 12:10:42 UTC,0.0474,No high-risk rules triggered,Model finds this transaction low risk with no strong anomaly indicators (score 0.047),"{""source"": ""transactions_a.csv"", ""channel"": ""ATM"", ""tx_type"": ""purchase"", ""currency"": ""USD"", ""amount"": 82.48, ""amount_in_usd"": 82.48}",No action (low risk cleared),Pending review,Awaiting investigator
TXN_991829,2026-09-18 12:10:42 UTC,0.0252,No high-risk rules triggered,Model finds this transaction low risk with no strong anomaly indicators (score 0.025),"{""source"": ""transactions_a.csv"", ""channel"": ""POS"", ""tx_type"": ""withdrawal"", ""currency"": ""USD"", ""amount"": 42.92, ""amount_in_usd"": 42.92}",No action (low risk cleared),Pending review,Awaiting investigator
TXN_454594,2026-09-18 12:10:42 UTC,0.0199,No high-risk rules triggered,Model finds this transaction low risk with no strong anomaly indicators (score 0.020),"{""source"": ""transactions_a.csv"", ""channel"": ""Mobile"", ""tx_type"": ""purchase"", ""currency"": ""USD"", ""amount"": 97.69, ""amount_in_usd"": 97.69}",No action (low risk cleared),Pending review,Awaiting investigator
TXN_885680,2026-09-18 12:10:42 UTC,0.0541,No high-risk rules triggered,Model finds this transaction low risk with no strong anomaly indicators (score 0.054),"{""source"": ""transactions_a.csv"", ""channel"": ""Mobile"", ""tx_type"": ""withdrawal"", ""currency"": ""USD"", ""amount"": 4.6, ""amount_in_usd"": 4.6}",No action (low risk cleared),Pending review,Awaiting investigator
TXN_750855,2026-09-18 12:10:42 UTC,0.0630,No high-risk rules triggered,Model finds this transaction low risk with no strong anomaly indicators (score 0.063),"{""source"": ""transactions_a.csv"", ""channel"": ""Mobile"", ""tx_type"": ""payment"", ""currency"": ""USD"", ""amount"": 2.09, ""amount_in_usd"": 2.09}",No action (low risk cleared),Pending review,Awaiting investigator
TXN_465499,2026-09-18 12:10:42 UTC,0.0371,No high-risk rules triggered,Model finds this transaction low risk with no strong anomaly indicators (score 0.037),"{""source"": ""transactions_a.csv"", ""channel"": ""POS"", ""tx_type"": ""payment"", ""currency"": ""USD"", ""amount"": 7.79, ""amount_in_usd"": 7.79}",No action (low risk cleared),Pending review,Awaiting investigator
TXN_512712,2026-09-18 12:10:42 UTC,0.0454,No high-risk rules triggered,Model finds this transaction low risk with no strong anomaly indicators (score 0.045),"{""source"": ""transactions_a.csv"", ""channel"": ""Mobile"", ""tx_type"": ""purchase"", ""currency"": ""USD"", ""amount"": 63.65, ""amount_in_usd"": 63.65}",No action (low risk cleared),Pending review,Awaiting investigator
TXN_491821,2026-09-18 12:10:42 UTC,0.0345,Weekend transaction,Model finds this transaction low risk due to weekend timing (score 0.035),"{""source"": ""transactions_a.csv"", ""channel"": ""ATM"", ""tx_type"": ""purchase"", ""currency"": ""USD"", ""amount"": 17.24, ""amount_in_usd"": 17.24}",No action (low risk cleared),Pending review,Awaiting investigator
TXN_517525,2026-09-18 12:10:42 UTC,0.0299,Weekend transaction,Model finds this transaction low risk due to weekend timing (score 0.030),"{""source"": ""transactions_a.csv"", ""channel"": ""Online"", ""tx_type"": ""withdrawal"", ""currency"": ""USD"", ""amount"": 41.62, ""amount_in_usd"": 41.62}",No action (low risk cleared),Pending review,Awaiting investigator
TXN_495023,2026-09-18 12:10:42 UTC,0.0416,No high-risk rules triggered,Model finds this transaction low risk with no strong anomaly indicators (score 0.042),"{""source"": ""transactions_a.csv"", ""channel"": ""Branch"", ""tx_type"": ""transfer"", ""currency"": ""USD"", ""amount"": 120.09, ""amount_in_usd"": 120.09}",No action (low risk cleared),Pending review,Awaiting investigator
TXN_621404,2026-09-18 12:10:42 UTC,0.0360,Weekend transaction,Model finds this transaction low risk due to weekend timing (score 0.036),"{""source"": ""transactions_a.csv"", ""channel"": ""Mobile"", ""tx_type"": ""transfer"", ""currency"": ""USD"", ""amount"": 24.68, ""amount_in_usd"": 24.68}",No action (low risk cleared),Pending review,Awaiting investigator
TXN_900489,2026-09-18 12:10:42 UTC,0.0385,Weekend transaction,Model finds this transaction low risk due to weekend timing (score 0.038),"{""source"": ""transactions_a.csv"", ""channel"": ""Mobile"", ""tx_type"": ""transfer"", ""currency"": ""USD"", ""amount"": 5.58, ""amount_in_usd"": 5.58}",No action (low risk cleared),Pending review,Awaiting investigator
TXN_173317,2026-09-18 12:10:42 UTC,0.0710,No high-risk rules triggered,Model finds this transaction low risk with no strong anomaly indicators (score 0.071),"{""source"": ""transactions_a.csv"", ""channel"": ""POS"", ""tx_type"": ""payment"", ""currency"": ""USD"", ""amount"": 48.93, ""amount_in_usd"": 48.93}",No action (low risk cleared),Pending review,Awaiting investigator
TXN_340738,2026-09-18 12:10:42 UTC,0.0253,No high-risk rules triggered,Model finds this transaction low risk with no strong anomaly indicators (score 0.025),"{""source"": ""transactions_a.csv"", ""channel"": ""Online"", ""tx_type"": ""withdrawal"", ""currency"": ""USD"", ""amount"": 45.24, ""amount_in_usd"": 45.24}",No action (low risk cleared),Pending review,Awaiting investigator
TXN_690146,2026-09-18 12:10:42 UTC,0.0287,No high-risk rules triggered,Model finds this transaction low risk with no strong anomaly indicators (score 0.029),"{""source"": ""transactions_a.csv"", ""channel"": ""POS"", ""tx_type"": ""withdrawal"", ""currency"": ""USD"", ""amount"": 76.79, ""amount_in_usd"": 76.79}",No action (low risk cleared),Pending review,Awaiting investigator
TXN_259082,2026-09-18 12:10:42 UTC,0.0109,No high-risk rules triggered,Model finds this transaction low risk with no strong anomaly indicators (score 0.011),"{""source"": ""transactions_a.csv"", ""channel"": ""POS"", ""tx_type"": ""purchase"", ""currency"": ""USD"", ""amount"": 46.29, ""amount_in_usd"": 46.29}",No action (low risk cleared),Pending review,Awaiting investigator
TXN_985474,2026-09-18 12:10:42 UTC,0.0378,Weekend transaction,Model finds this transaction low risk due to weekend timing (score 0.038),"{""source"": ""transactions_a.csv"", ""channel"": ""ATM"", ""tx_type"": ""purchase"", ""currency"": ""USD"", ""amount"": 30.47, ""amount_in_usd"": 30.47}",No action (low risk cleared),Pending review,Awaiting investigator
TXN_113020,2026-09-18 12:10:42 UTC,0.0907,No high-risk rules triggered,Model finds this transaction low risk with no strong anomaly indicators (score 0.091),"{""source"": ""transactions_a.csv"", ""channel"": ""Online"", ""tx_type"": ""withdrawal"", ""currency"": ""USD"", ""amount"": 107.41, ""amount_in_usd"": 107.41}",No action (low risk cleared),Pending review,Awaiting investigator
TXN_962914,2026-09-18 12:10:42 UTC,0.0264,No high-risk rules triggered,Model finds this transaction low risk with no strong anomaly indicators (score 0.026),"{""source"": ""transactions_a.csv"", ""channel"": ""POS"", ""tx_type"": ""withdrawal"", ""currency"": ""USD"", ""amount"": 20.87, ""amount_in_usd"": 20.87}",No action (low risk cleared),Pending review,Awaiting investigator
TXN_747724,2026-09-18 12:10:42 UTC,0.0298,No high-risk rules triggered,Model finds this transaction low risk with no strong anomaly indicators (score 0.030),"{""source"": ""transactions_a.csv"", ""channel"": ""POS"", ""tx_type"": ""withdrawal"", ""currency"": ""USD"", ""amount"": 21.53, ""amount_in_usd"": 21.53}",No action (low risk cleared),Pending review,Awaiting investigator
TXN_659806,2026-09-18 12:10:42 UTC,0.0583,Weekend transaction; Online + international (typical fraud vector),"Model finds this transaction low risk due to online and international, weekend timing (score 0.058)","{""source"": ""transactions_a.csv"", ""channel"": ""Mobile"", ""tx_type"": ""withdrawal"", ""currency"": ""USD"", ""amount"": 13.65, ""amount_in_usd"": 13.65}",No action (low risk cleared),Pending review,Awaiting investigator
TXN_156374,2026-09-18 12:10:42 UTC,0.0459,Weekend transaction,Model finds this transaction low risk due to weekend timing (score 0.046),"{""source"": ""transactions_a.csv"", ""channel"": ""ATM"", ""tx_type"": ""purchase"", ""currency"": ""USD"", ""amount"": 37.36, ""amount_in_usd"": 37.36}",No action (low risk cleared),Pending review,Awaiting investigator
TXN_308533,2026-09-18 12:10:42 UTC,0.0319,Weekend transaction,Model finds this transaction low risk due to weekend timing (score 0.032),"{""source"": ""transactions_a.csv"", ""channel"": ""Online"", ""tx_type"": ""withdrawal"", ""currency"": ""USD"", ""amount"": 26.93, ""amount_in_usd"": 26.93}",No action (low risk cleared),Pending review,Awaiting investigator
TXN_290003,2026-09-18 12:10:42 UTC,0.0370,No high-risk rules triggered,Model finds this transaction low risk with no strong anomaly indicators (score 0.037),"{""source"": ""transactions_a.csv"", ""channel"": ""POS"", ""tx_type"": ""withdrawal"", ""currency"": ""USD"", ""amount"": 75.74, ""amount_in_usd"": 75.74}",No action (low risk cleared),Pending review,Awaiting investigator
TXN_746137,2026-09-18 12:10:42 UTC,0.0260,Weekend transaction,Model finds this transaction low risk due to weekend timing (score 0.026),"{""source"": ""transactions_a.csv"", ""channel"": ""POS"", ""tx_type"": ""purchase"", ""currency"": ""USD"", ""amount"": 58.92, ""amount_in_usd"": 58.92}",No action (low risk cleared),Pending review,Awaiting investigator
TXN_295283,2026-09-18 12:10:42 UTC,0.0101,No high-risk rules triggered,Model finds this transaction low risk with no strong anomaly indicators (score 0.010),"{""source"": ""transactions_a.csv"", ""channel"": ""Mobile"", ""tx_type"": ""purchase"", ""currency"": ""USD"", ""amount"": 53.41, ""amount_in_usd"": 53.41}",No action (low risk cleared),Pending review,Awaiting investigator
TXN_317350,2026-09-18 12:10:42 UTC,0.0389,No high-risk rules triggered,Model finds this transaction low risk with no strong anomaly indicators (score 0.039),"{""source"": ""transactions_a.csv"", ""channel"": ""POS"", ""tx_type"": ""withdrawal"", ""currency"": ""USD"", ""amount"": 132.79, ""amount_in_usd"": 132.79}",No action (low risk cleared),Pending review,Awaiting investigator
TXN_994154,2026-09-18 12:10:42 UTC,0.0549,No high-risk rules triggered,Model finds this transaction low risk with no strong anomaly indicators (score 0.055),"{""source"": ""transactions_a.csv"", ""channel"": ""Online"", ""tx_type"": ""transfer"", ""currency"": ""USD"", ""amount"": 8.47, ""amount_in_usd"": 8.47}",No action (low risk cleared),Pending review,Awaiting investigator
TXN_480101,2026-09-18 12:10:42 UTC,0.0476,Weekend transaction,Model finds this transaction low risk due to weekend timing (score 0.048),"{""source"": ""transactions_a.csv"", ""channel"": ""ATM"", ""tx_type"": ""withdrawal"", ""currency"": ""USD"", ""amount"": 43.05, ""amount_in_usd"": 43.05}",No action (low risk cleared),Pending review,Awaiting investigator
TXN_678038,2026-09-18 12:10:42 UTC,0.0773,No high-risk rules triggered,Model finds this transaction low risk with no strong anomaly indicators (score 0.077),"{""source"": ""transactions_a.csv"", ""channel"": ""Online"", ""tx_type"": ""payment"", ""currency"": ""USD"", ""amount"": 2.07, ""amount_in_usd"": 2.07}",No action (low risk cleared),Pending review,Awaiting investigator
TXN_875476,2026-09-18 12:10:42 UTC,0.0202,No high-risk rules triggered,Model finds this transaction low risk with no strong anomaly indicators (score 0.020),"{""source"": ""transactions_a.csv"", ""channel"": ""Branch"", ""tx_type"": ""transfer"", ""currency"": ""USD"", ""amount"": 16.98, ""amount_in_usd"": 16.98}",No action (low risk cleared),Pending review,Awaiting investigator
TXN_364742,2026-09-18 12:10:42 UTC,0.0318,Weekend transaction,Model finds this transaction low risk due to weekend timing (score 0.032),"{""source"": ""transactions_a.csv"", ""channel"": ""Online"", ""tx_type"": ""purchase"", ""currency"": ""USD"", ""amount"": 22.12, ""amount_in_usd"": 22.12}",No action (low risk cleared),Pending review,Awaiting investigator
TXN_196248,2026-09-18 12:10:42 UTC,0.0315,No high-risk rules triggered,Model finds this transaction low risk with no strong anomaly indicators (score 0.032),"{""source"": ""transactions_a.csv"", ""channel"": ""Online"", ""tx_type"": ""purchase"", ""currency"": ""USD"", ""amount"": 2.83, ""amount_in_usd"": 2.83}",No action (low risk cleared),Pending review,Awaiting investigator
TXN_680946,2026-09-18 12:10:42 UTC,0.0262,No high-risk rules triggered,Model finds this transaction low risk with no strong anomaly indicators (score 0.026),"{""source"": ""transactions_a.csv"", ""channel"": ""Online"", ""tx_type"": ""purchase"", ""currency"": ""USD"", ""amount"": 48.1, ""amount_in_usd"": 48.1}",No action (low risk cleared),Pending review,Awaiting investigator
TXN_771833,2026-09-18 12:10:42 UTC,0.0375,No high-risk rules triggered,Model finds this transaction low risk with no strong anomaly indicators (score 0.037),"{""source"": ""transactions_a.csv"", ""channel"": ""ATM"", ""tx_type"": ""purchase"", ""currency"": ""USD"", ""amount"": 72.39, ""amount_in_usd"": 72.39}",No action (low risk cleared),Pending review,Awaiting investigator
TXN_446028,2026-09-18 12:10:42 UTC,0.0408,No high-risk rules triggered,Model finds this transaction low risk with no strong anomaly indicators (score 0.041),"{""source"": ""transactions_a.csv"", ""channel"": ""POS"", ""tx_type"": ""withdrawal"", ""currency"": ""USD"", ""amount"": 191.77, ""amount_in_usd"": 191.77}",No action (low risk cleared),Pending review,Awaiting investigator
TXN_735336,2026-09-18 12:10:42 UTC,0.0059,No high-risk rules triggered,Model finds this transaction low risk with no strong anomaly indicators (score 0.006),"{""source"": ""transactions_a.csv"", ""channel"": ""POS"", ""tx_type"": ""purchase"", ""currency"": ""USD"", ""amount"": 43.35, ""amount_in_usd"": 43.35}",No action (low risk cleared),Pending review,Awaiting investigator
TXN_236580,2026-09-18 12:10:42 UTC,0.0275,No high-risk rules triggered,Model finds this transaction low risk with no strong anomaly indicators (score 0.028),"{""source"": ""transactions_a.csv"", ""channel"": ""Online"", ""tx_type"": ""purchase"", ""currency"": ""USD"", ""amount"": 119.75, ""amount_in_usd"": 119.75}",No action (low risk cleared),Pending review,Awaiting investigator
TXN_477717,2026-09-18 12:10:42 UTC,0.0671,No high-risk rules triggered,Model finds this transaction low risk with no strong anomaly indicators (score 0.067),"{""source"": ""transactions_a.csv"", ""channel"": ""ATM"", ""tx_type"": ""transfer"", ""currency"": ""USD"", ""amount"": 88.19, ""amount_in_usd"": 88.19}",No action (low risk cleared),Pending review,Awaiting investigator
TXN_435150,2026-09-18 12:10:42 UTC,0.0646,Weekend transaction,Model finds this transaction low risk due to weekend timing (score 0.065),"{""source"": ""transactions_a.csv"", ""channel"": ""POS"", ""tx_type"": ""payment"", ""currency"": ""USD"", ""amount"": 175.51, ""amount_in_usd"": 175.51}",No action (low risk cleared),Pending review,Awaiting investigator
TXN_371886,2026-09-18 12:10:42 UTC,0.0163,No high-risk rules triggered,Model finds this transaction low risk with no strong anomaly indicators (score 0.016),"{""source"": ""transactions_a.csv"", ""channel"": ""Mobile"", ""tx_type"": ""withdrawal"", ""currency"": ""USD"", ""amount"": 21.8, ""amount_in_usd"": 21.8}",No action (low risk cleared),Pending review,Awaiting investigator
TXN_734643,2026-09-18 12:10:42 UTC,0.0523,No high-risk rules triggered,Model finds this transaction low risk with no strong anomaly indicators (score 0.052),"{""source"": ""transactions_a.csv"", ""channel"": ""POS"", ""tx_type"": ""withdrawal"", ""currency"": ""USD"", ""amount"": 32.98, ""amount_in_usd"": 32.98}",No action (low risk cleared),Pending review,Awaiting investigator
TXN_464788,2026-09-18 12:10:42 UTC,0.0792,Weekend transaction,Model finds this transaction low risk due to weekend timing (score 0.079),"{""source"": ""transactions_a.csv"", ""channel"": ""ATM"", ""tx_type"": ""withdrawal"", ""currency"": ""USD"", ""amount"": 203.46, ""amount_in_usd"": 203.46}",No action (low risk cleared),Pending review,Awaiting investigator
TXN_667356,2026-09-18 12:10:42 UTC,0.0747,No high-risk rules triggered,Model finds this transaction low risk with no strong anomaly indicators (score 0.075),"{""source"": ""transactions_a.csv"", ""channel"": ""POS"", ""tx_type"": ""purchase"", ""currency"": ""USD"", ""amount"": 258.63, ""amount_in_usd"": 258.63}",No action (low risk cleared),Pending review,Awaiting investigator
TXN_345913,2026-09-18 12:10:42 UTC,0.9728,"Amount exceeds 150% of available balance; Unusual hour (night, outside 06:00-22:00); Online + international (typical fraud vector); Transaction drove balance negative; Late-night online purchase","Model strongly flags this transaction due to amount far exceeds balance, occurred at night, online and international, left balance negative (score 0.973)","{""source"": ""transactions_a.csv"", ""channel"": ""Mobile"", ""tx_type"": ""purchase"", ""currency"": ""USD"", ""amount"": 315.78, ""amount_in_usd"": 315.78}",Flagged for review,Pending review,Awaiting investigator
TXN_306404,2026-09-18 12:10:42 UTC,0.8869,No high-risk rules triggered,Model strongly flags this transaction with no strong anomaly indicators (score 0.887),"{""source"": ""transactions_a.csv"", ""channel"": ""Mobile"", ""tx_type"": ""purchase"", ""currency"": ""USD"", ""amount"": 1229.16, ""amount_in_usd"": 1229.16}",Flagged for review,Pending review,Awaiting investigator
TXN_460504,2026-09-18 12:10:42 UTC,0.0179,Weekend transaction,Model finds this transaction low risk due to weekend timing (score 0.018),"{""source"": ""transactions_a.csv"", ""channel"": ""POS"", ""tx_type"": ""purchase"", ""currency"": ""USD"", ""amount"": 52.43, ""amount_in_usd"": 52.43}",No action (low risk cleared),Pending review,Awaiting investigator
TXN_881905,2026-09-18 12:10:42 UTC,0.0412,No high-risk rules triggered,Model finds this transaction low risk with no strong anomaly indicators (score 0.041),"{""source"": ""transactions_a.csv"", ""channel"": ""ATM"", ""tx_type"": ""withdrawal"", ""currency"": ""USD"", ""amount"": 53.58, ""amount_in_usd"": 53.58}",No action (low risk cleared),Pending review,Awaiting investigator
TXN_213872,2026-09-18 12:10:42 UTC,0.0874,No high-risk rules triggered,Model finds this transaction low risk with no strong anomaly indicators (score 0.087),"{""source"": ""transactions_a.csv"", ""channel"": ""POS"", ""tx_type"": ""withdrawal"", ""currency"": ""USD"", ""amount"": 1.63, ""amount_in_usd"": 1.63}",No action (low risk cleared),Pending review,Awaiting investigator
TXN_958426,2026-09-18 12:10:42 UTC,0.0508,No high-risk rules triggered,Model finds this transaction low risk with no strong anomaly indicators (score 0.051),"{""source"": ""transactions_a.csv"", ""channel"": ""POS"", ""tx_type"": ""withdrawal"", ""currency"": ""USD"", ""amount"": 135.89, ""amount_in_usd"": 135.89}",No action (low risk cleared),Pending review,Awaiting investigator
TXN_418855,2026-09-18 12:10:42 UTC,0.0139,No high-risk rules triggered,Model finds this transaction low risk with no strong anomaly indicators (score 0.014),"{""source"": ""transactions_a.csv"", ""channel"": ""Online"", ""tx_type"": ""purchase"", ""currency"": ""USD"", ""amount"": 28.33, ""amount_in_usd"": 28.33}",No action (low risk cleared),Pending review,Awaiting investigator
TXN_672868,2026-09-18 12:10:42 UTC,0.0342,No high-risk rules triggered,Model finds this transaction low risk with no strong anomaly indicators (score 0.034),"{""source"": ""transactions_a.csv"", ""channel"": ""Mobile"", ""tx_type"": ""transfer"", ""currency"": ""USD"", ""amount"": 28.56, ""amount_in_usd"": 28.56}",No action (low risk cleared),Pending review,Awaiting investigator
TXN_845319,2026-09-18 12:10:42 UTC,0.8859,"Unusual hour (night, outside 06:00-22:00)",Model strongly flags this transaction due to occurred at night (score 0.886),"{""source"": ""transactions_a.csv"", ""channel"": ""Mobile"", ""tx_type"": ""transfer"", ""currency"": ""USD"", ""amount"": 108.96, ""amount_in_usd"": 108.96}",Flagged for review,Pending review,Awaiting investigator
TXN_932865,2026-09-18 12:10:42 UTC,0.0195,No high-risk rules triggered,Model finds this transaction low risk with no strong anomaly indicators (score 0.019),"{""source"": ""transactions_a.csv"", ""channel"": ""Branch"", ""tx_type"": ""transfer"", ""currency"": ""USD"", ""amount"": 17.34, ""amount_in_usd"": 17.34}",No action (low risk cleared),Pending review,Awaiting investigator
TXN_131357,2026-09-18 12:10:42 UTC,0.0357,No high-risk rules triggered,Model finds this transaction low risk with no strong anomaly indicators (score 0.036),"{""source"": ""transactions_a.csv"", ""channel"": ""POS"", ""tx_type"": ""purchase"", ""currency"": ""USD"", ""amount"": 28.02, ""amount_in_usd"": 28.02}",No action (low risk cleared),Pending review,Awaiting investigator
TXN_234186,2026-09-18 12:10:42 UTC,0.0127,Weekend transaction,Model finds this transaction low risk due to weekend timing (score 0.013),"{""source"": ""transactions_a.csv"", ""channel"": ""Mobile"", ""tx_type"": ""purchase"", ""currency"": ""USD"", ""amount"": 31.65, ""amount_in_usd"": 31.65}",No action (low risk cleared),Pending review,Awaiting investigator
TXN_974103,2026-09-18 12:10:42 UTC,0.1320,Late-night online purchase,Model finds this transaction low risk with no strong anomaly indicators (score 0.132),"{""source"": ""transactions_a.csv"", ""channel"": ""Online"", ""tx_type"": ""payment"", ""currency"": ""USD"", ""amount"": 69.87, ""amount_in_usd"": 69.87}",No action (low risk cleared),Pending review,Awaiting investigator
TXN_992948,2026-09-18 12:10:42 UTC,0.0553,Weekend transaction,Model finds this transaction low risk due to weekend timing (score 0.055),"{""source"": ""transactions_a.csv"", ""channel"": ""ATM"", ""tx_type"": ""withdrawal"", ""currency"": ""USD"", ""amount"": 16.95, ""amount_in_usd"": 16.95}",No action (low risk cleared),Pending review,Awaiting investigator
TXN_178834,2026-09-18 12:10:42 UTC,0.0289,No high-risk rules triggered,Model finds this transaction low risk with no strong anomaly indicators (score 0.029),"{""source"": ""transactions_a.csv"", ""channel"": ""Online"", ""tx_type"": ""transfer"", ""currency"": ""USD"", ""amount"": 31.03, ""amount_in_usd"": 31.03}",No action (low risk cleared),Pending review,Awaiting investigator
TXN_235665,2026-09-18 12:10:42 UTC,0.0608,No high-risk rules triggered,Model finds this transaction low risk with no strong anomaly indicators (score 0.061),"{""source"": ""transactions_a.csv"", ""channel"": ""POS"", ""tx_type"": ""purchase"", ""currency"": ""USD"", ""amount"": 9.82, ""amount_in_usd"": 9.82}",No action (low risk cleared),Pending review,Awaiting investigator
TXN_192665,2026-09-18 12:10:42 UTC,0.0354,Weekend transaction,Model finds this transaction low risk due to weekend timing (score 0.035),"{""source"": ""transactions_a.csv"", ""channel"": ""ATM"", ""tx_type"": ""purchase"", ""currency"": ""USD"", ""amount"": 32.11, ""amount_in_usd"": 32.11}",No action (low risk cleared),Pending review,Awaiting investigator
TXN_942937,2026-09-18 12:10:42 UTC,0.0311,No high-risk rules triggered,Model finds this transaction low risk with no strong anomaly indicators (score 0.031),"{""source"": ""transactions_a.csv"", ""channel"": ""Online"", ""tx_type"": ""purchase"", ""currency"": ""USD"", ""amount"": 25.73, ""amount_in_usd"": 25.73}",No action (low risk cleared),Pending review,Awaiting investigator
TXN_495343,2026-09-18 12:10:42 UTC,0.0262,No high-risk rules triggered,Model finds this transaction low risk with no strong anomaly indicators (score 0.026),"{""source"": ""transactions_a.csv"", ""channel"": ""Mobile"", ""tx_type"": ""purchase"", ""currency"": ""USD"", ""amount"": 92.67, ""amount_in_usd"": 92.67}",No action (low risk cleared),Pending review,Awaiting investigator
TXN_633027,2026-09-18 12:10:42 UTC,0.0456,No high-risk rules triggered,Model finds this transaction low risk with no strong anomaly indicators (score 0.046),"{""source"": ""transactions_a.csv"", ""channel"": ""POS"", ""tx_type"": ""transfer"", ""currency"": ""USD"", ""amount"": 9.14, ""amount_in_usd"": 9.14}",No action (low risk cleared),Pending review,Awaiting investigator
TXN_189881,2026-09-18 12:10:42 UTC,0.0506,No high-risk rules triggered,Model finds this transaction low risk with no strong anomaly indicators (score 0.051),"{""source"": ""transactions_a.csv"", ""channel"": ""ATM"", ""tx_type"": ""withdrawal"", ""currency"": ""USD"", ""amount"": 11.78, ""amount_in_usd"": 11.78}",No action (low risk cleared),Pending review,Awaiting investigator
TXN_550553,2026-09-18 12:10:42 UTC,0.1896,"Unusual hour (night, outside 06:00-22:00); Late-night online purchase",Model finds this transaction low risk due to occurred at night (score 0.190),"{""source"": ""transactions_a.csv"", ""channel"": ""ATM"", ""tx_type"": ""purchase"", ""currency"": ""USD"", ""amount"": 155.01, ""amount_in_usd"": 155.01}",No action (low risk cleared),Pending review,Awaiting investigator
TXN_482564,2026-09-18 12:10:42 UTC,0.0487,No high-risk rules triggered,Model finds this transaction low risk with no strong anomaly indicators (score 0.049),"{""source"": ""transactions_a.csv"", ""channel"": ""ATM"", ""tx_type"": ""withdrawal"", ""currency"": ""USD"", ""amount"": 80.85, ""amount_in_usd"": 80.85}",No action (low risk cleared),Pending review,Awaiting investigator
TXN_543457,2026-09-18 12:10:42 UTC,0.0491,Weekend transaction; Online + international (typical fraud vector),"Model finds this transaction low risk due to online and international, weekend timing (score 0.049)","{""source"": ""transactions_a.csv"", ""channel"": ""POS"", ""tx_type"": ""purchase"", ""currency"": ""USD"", ""amount"": 15.44, ""amount_in_usd"": 15.44}",No action (low risk cleared),Pending review,Awaiting investigator
TXN_528779,2026-09-18 12:10:42 UTC,0.0396,No high-risk rules triggered,Model finds this transaction low risk with no strong anomaly indicators (score 0.040),"{""source"": ""transactions_a.csv"", ""channel"": ""Online"", ""tx_type"": ""payment"", ""currency"": ""USD"", ""amount"": 137.43, ""amount_in_usd"": 137.43}",No action (low risk cleared),Pending review,Awaiting investigator
TXN_120406,2026-09-18 12:10:42 UTC,0.0476,Weekend transaction,Model finds this transaction low risk due to weekend timing (score 0.048),"{""source"": ""transactions_a.csv"", ""channel"": ""Mobile"", ""tx_type"": ""transfer"", ""currency"": ""USD"", ""amount"": 11.94, ""amount_in_usd"": 11.94}",No action (low risk cleared),Pending review,Awaiting investigator
TXN_341119,2026-09-18 12:10:42 UTC,0.0873,No high-risk rules triggered,Model finds this transaction low risk with no strong anomaly indicators (score 0.087),"{""source"": ""transactions_a.csv"", ""channel"": ""ATM"", ""tx_type"": ""purchase"", ""currency"": ""USD"", ""amount"": 552.42, ""amount_in_usd"": 552.42}",No action (low risk cleared),Pending review,Awaiting investigator
TXN_925213,2026-09-18 12:10:42 UTC,0.0527,No high-risk rules triggered,Model finds this transaction low risk with no strong anomaly indicators (score 0.053),"{""source"": ""transactions_a.csv"", ""channel"": ""Mobile"", ""tx_type"": ""payment"", ""currency"": ""USD"", ""amount"": 5.99, ""amount_in_usd"": 5.99}",No action (low risk cleared),Pending review,Awaiting investigator
TXN_980398,2026-09-18 12:10:42 UTC,0.0667,No high-risk rules triggered,Model finds this transaction low risk with no strong anomaly indicators (score 0.067),"{""source"": ""transactions_a.csv"", ""channel"": ""Online"", ""tx_type"": ""purchase"", ""currency"": ""USD"", ""amount"": 6.52, ""amount_in_usd"": 6.52}",No action (low risk cleared),Pending review,Awaiting investigator
TXN_148325,2026-09-18 12:10:42 UTC,0.0393,Weekend transaction,Model finds this transaction low risk due to weekend timing (score 0.039),"{""source"": ""transactions_a.csv"", ""channel"": ""POS"", ""tx_type"": ""withdrawal"", ""currency"": ""USD"", ""amount"": 12.34, ""amount_in_usd"": 12.34}",No action (low risk cleared),Pending review,Awaiting investigator
TXN_936185,2026-09-18 12:10:42 UTC,0.0332,No high-risk rules triggered,Model finds this transaction low risk with no strong anomaly indicators (score 0.033),"{""source"": ""transactions_a.csv"", ""channel"": ""Mobile"", ""tx_type"": ""purchase"", ""currency"": ""USD"", ""amount"": 74.81, ""amount_in_usd"": 74.81}",No action (low risk cleared),Pending review,Awaiting investigator
TXN_494950,2026-09-18 12:10:42 UTC,0.0395,No high-risk rules triggered,Model finds this transaction low risk with no strong anomaly indicators (score 0.040),"{""source"": ""transactions_a.csv"", ""channel"": ""Online"", ""tx_type"": ""withdrawal"", ""currency"": ""USD"", ""amount"": 81.85, ""amount_in_usd"": 81.85}",No action (low risk cleared),Pending review,Awaiting investigator
TXN_799957,2026-09-18 12:10:42 UTC,0.0118,No high-risk rules triggered,Model finds this transaction low risk with no strong anomaly indicators (score 0.012),"{""source"": ""transactions_a.csv"", ""channel"": ""Online"", ""tx_type"": ""withdrawal"", ""currency"": ""USD"", ""amount"": 16.21, ""amount_in_usd"": 16.21}",No action (low risk cleared),Pending review,Awaiting investigator
TXN_507226,2026-09-18 12:10:42 UTC,0.0429,No high-risk rules triggered,Model finds this transaction low risk with no strong anomaly indicators (score 0.043),"{""source"": ""transactions_a.csv"", ""channel"": ""Online"", ""tx_type"": ""withdrawal"", ""currency"": ""USD"", ""amount"": 109.52, ""amount_in_usd"": 109.52}",No action (low risk cleared),Pending review,Awaiting investigator
TXN_539450,2026-09-18 12:10:42 UTC,0.0359,No high-risk rules triggered,Model finds this transaction low risk with no strong anomaly indicators (score 0.036),"{""source"": ""transactions_a.csv"", ""channel"": ""Mobile"", ""tx_type"": ""withdrawal"", ""currency"": ""USD"", ""amount"": 105.44, ""amount_in_usd"": 105.44}",No action (low risk cleared),Pending review,Awaiting investigator
TXN_697639,2026-09-18 12:10:42 UTC,0.0514,Weekend transaction,Model finds this transaction low risk due to weekend timing (score 0.051),"{""source"": ""transactions_a.csv"", ""channel"": ""POS"", ""tx_type"": ""transfer"", ""currency"": ""USD"", ""amount"": 18.17, ""amount_in_usd"": 18.17}",No action (low risk cleared),Pending review,Awaiting investigator
TXN_356638,2026-09-18 12:10:42 UTC,0.1325,"Unusual hour (night, outside 06:00-22:00); Late-night online purchase",Model finds this transaction low risk due to occurred at night (score 0.133),"{""source"": ""transactions_a.csv"", ""channel"": ""Branch"", ""tx_type"": ""payment"", ""currency"": ""USD"", ""amount"": 58.7, ""amount_in_usd"": 58.7}",No action (low risk cleared),Pending review,Awaiting investigator
TXN_979442,2026-09-18 12:10:42 UTC,0.0702,No high-risk rules triggered,Model finds this transaction low risk with no strong anomaly indicators (score 0.070),"{""source"": ""transactions_a.csv"", ""channel"": ""Online"", ""tx_type"": ""transfer"", ""currency"": ""USD"", ""amount"": 175.3, ""amount_in_usd"": 175.3}",No action (low risk cleared),Pending review,Awaiting investigator
TXN_795745,2026-09-18 12:10:42 UTC,0.0296,No high-risk rules triggered,Model finds this transaction low risk with no strong anomaly indicators (score 0.030),"{""source"": ""transactions_a.csv"", ""channel"": ""Mobile"", ""tx_type"": ""transfer"", ""currency"": ""USD"", ""amount"": 87.53, ""amount_in_usd"": 87.53}",No action (low risk cleared),Pending review,Awaiting investigator
TXN_134200,2026-09-18 12:10:42 UTC,0.0090,No high-risk rules triggered,Model finds this transaction low risk with no strong anomaly indicators (score 0.009),"{""source"": ""transactions_a.csv"", ""channel"": ""Online"", ""tx_type"": ""purchase"", ""currency"": ""USD"", ""amount"": 29.95, ""amount_in_usd"": 29.95}",No action (low risk cleared),Pending review,Awaiting investigator
TXN_593582,2026-09-18 12:10:42 UTC,0.0604,No high-risk rules triggered,Model finds this transaction low risk with no strong anomaly indicators (score 0.060),"{""source"": ""transactions_a.csv"", ""channel"": ""Mobile"", ""tx_type"": ""purchase"", ""currency"": ""USD"", ""amount"": 3.86, ""amount_in_usd"": 3.86}",No action (low risk cleared),Pending review,Awaiting investigator
TXN_446002,2026-09-18 12:10:42 UTC,0.0663,No high-risk rules triggered,Model finds this transaction low risk with no strong anomaly indicators (score 0.066),"{""source"": ""transactions_a.csv"", ""channel"": ""POS"", ""tx_type"": ""purchase"", ""currency"": ""USD"", ""amount"": 1.9, ""amount_in_usd"": 1.9}",No action (low risk cleared),Pending review,Awaiting investigator
TXN_468576,2026-09-18 12:10:42 UTC,0.0219,No high-risk rules triggered,Model finds this transaction low risk with no strong anomaly indicators (score 0.022),"{""source"": ""transactions_a.csv"", ""channel"": ""Mobile"", ""tx_type"": ""withdrawal"", ""currency"": ""USD"", ""amount"": 26.02, ""amount_in_usd"": 26.02}",No action (low risk cleared),Pending review,Awaiting investigator
TXN_853031,2026-09-18 12:10:42 UTC,0.0336,No high-risk rules triggered,Model finds this transaction low risk with no strong anomaly indicators (score 0.034),"{""source"": ""transactions_a.csv"", ""channel"": ""Mobile"", ""tx_type"": ""purchase"", ""currency"": ""USD"", ""amount"": 36.76, ""amount_in_usd"": 36.76}",No action (low risk cleared),Pending review,Awaiting investigator
TXN_967428,2026-09-18 12:10:42 UTC,0.0646,Weekend transaction,Model finds this transaction low risk due to weekend timing (score 0.065),"{""source"": ""transactions_a.csv"", ""channel"": ""ATM"", ""tx_type"": ""withdrawal"", ""currency"": ""USD"", ""amount"": 42.79, ""amount_in_usd"": 42.79}",No action (low risk cleared),Pending review,Awaiting investigator
TXN_938189,2026-09-18 12:10:42 UTC,0.0338,No high-risk rules triggered,Model finds this transaction low risk with no strong anomaly indicators (score 0.034),"{""source"": ""transactions_a.csv"", ""channel"": ""POS"", ""tx_type"": ""purchase"", ""currency"": ""USD"", ""amount"": 60.8, ""amount_in_usd"": 60.8}",No action (low risk cleared),Pending review,Awaiting investigator
TXN_377053,2026-09-18 12:10:42 UTC,0.1155,Online + international (typical fraud vector),Model finds this transaction low risk due to online and international (score 0.116),"{""source"": ""transactions_a.csv"", ""channel"": ""Branch"", ""tx_type"": ""withdrawal"", ""currency"": ""USD"", ""amount"": 109.32, ""amount_in_usd"": 109.32}",No action (low risk cleared),Pending review,Awaiting investigator
TXN_851331,2026-09-18 12:10:42 UTC,0.0625,Weekend transaction,Model finds this transaction low risk due to weekend timing (score 0.062),"{""source"": ""transactions_a.csv"", ""channel"": ""ATM"", ""tx_type"": ""transfer"", ""currency"": ""USD"", ""amount"": 18.26, ""amount_in_usd"": 18.26}",No action (low risk cleared),Pending review,Awaiting investigator
TXN_769543,2026-09-18 12:10:42 UTC,0.0285,No high-risk rules triggered,Model finds this transaction low risk with no strong anomaly indicators (score 0.029),"{""source"": ""transactions_a.csv"", ""channel"": ""Mobile"", ""tx_type"": ""payment"", ""currency"": ""USD"", ""amount"": 45.62, ""amount_in_usd"": 45.62}",No action (low risk cleared),Pending review,Awaiting investigator
TXN_582692,2026-09-18 12:10:42 UTC,0.0153,No high-risk rules triggered,Model finds this transaction low risk with no strong anomaly indicators (score 0.015),"{""source"": ""transactions_a.csv"", ""channel"": ""Mobile"", ""tx_type"": ""payment"", ""currency"": ""USD"", ""amount"": 56.73, ""amount_in_usd"": 56.73}",No action (low risk cleared),Pending review,Awaiting investigator
TXN_988550,2026-09-18 12:10:42 UTC,0.0448,Weekend transaction,Model finds this transaction low risk due to weekend timing (score 0.045),"{""source"": ""transactions_a.csv"", ""channel"": ""Online"", ""tx_type"": ""transfer"", ""currency"": ""USD"", ""amount"": 51.19, ""amount_in_usd"": 51.19}",No action (low risk cleared),Pending review,Awaiting investigator
TXN_420320,2026-09-18 12:10:42 UTC,0.0536,Weekend transaction,Model finds this transaction low risk due to weekend timing (score 0.054),"{""source"": ""transactions_a.csv"", ""channel"": ""ATM"", ""tx_type"": ""purchase"", ""currency"": ""USD"", ""amount"": 5.22, ""amount_in_usd"": 5.22}",No action (low risk cleared),Pending review,Awaiting investigator
TXN_835165,2026-09-18 12:10:42 UTC,0.0354,No high-risk rules triggered,Model finds this transaction low risk with no strong anomaly indicators (score 0.035),"{""source"": ""transactions_a.csv"", ""channel"": ""Online"", ""tx_type"": ""purchase"", ""currency"": ""USD"", ""amount"": 21.1, ""amount_in_usd"": 21.1}",No action (low risk cleared),Pending review,Awaiting investigator
TXN_785831,2026-09-18 12:10:42 UTC,0.0191,No high-risk rules triggered,Model finds this transaction low risk with no strong anomaly indicators (score 0.019),"{""source"": ""transactions_a.csv"", ""channel"": ""Branch"", ""tx_type"": ""transfer"", ""currency"": ""USD"", ""amount"": 24.01, ""amount_in_usd"": 24.01}",No action (low risk cleared),Pending review,Awaiting investigator
TXN_502533,2026-09-18 12:10:42 UTC,0.1925,No high-risk rules triggered,Model finds this transaction low risk with no strong anomaly indicators (score 0.193),"{""source"": ""transactions_a.csv"", ""channel"": ""ATM"", ""tx_type"": ""purchase"", ""currency"": ""USD"", ""amount"": 227.38, ""amount_in_usd"": 227.38}",No action (low risk cleared),Pending review,Awaiting investigator
TXN_600662,2026-09-18 12:10:42 UTC,0.0236,Weekend transaction,Model finds this transaction low risk due to weekend timing (score 0.024),"{""source"": ""transactions_a.csv"", ""channel"": ""Online"", ""tx_type"": ""transfer"", ""currency"": ""USD"", ""amount"": 17.44, ""amount_in_usd"": 17.44}",No action (low risk cleared),Pending review,Awaiting investigator
TXN_452860,2026-09-18 12:10:42 UTC,0.1792,Online + international (typical fraud vector),Model finds this transaction low risk due to online and international (score 0.179),"{""source"": ""transactions_a.csv"", ""channel"": ""ATM"", ""tx_type"": ""purchase"", ""currency"": ""USD"", ""amount"": 120.56, ""amount_in_usd"": 120.56}",No action (low risk cleared),Pending review,Awaiting investigator
TXN_149669,2026-09-18 12:10:42 UTC,0.0369,No high-risk rules triggered,Model finds this transaction low risk with no strong anomaly indicators (score 0.037),"{""source"": ""transactions_a.csv"", ""channel"": ""POS"", ""tx_type"": ""payment"", ""currency"": ""USD"", ""amount"": 10.69, ""amount_in_usd"": 10.69}",No action (low risk cleared),Pending review,Awaiting investigator
TXN_784586,2026-09-18 12:10:42 UTC,0.0429,No high-risk rules triggered,Model finds this transaction low risk with no strong anomaly indicators (score 0.043),"{""source"": ""transactions_a.csv"", ""channel"": ""ATM"", ""tx_type"": ""payment"", ""currency"": ""USD"", ""amount"": 37.68, ""amount_in_usd"": 37.68}",No action (low risk cleared),Pending review,Awaiting investigator
TXN_364348,2026-09-18 12:10:42 UTC,0.1086,"Unusual hour (night, outside 06:00-22:00); Online + international (typical fraud vector); Late-night online purchase","Model finds this transaction low risk due to occurred at night, online and international (score 0.109)","{""source"": ""transactions_a.csv"", ""channel"": ""Mobile"", ""tx_type"": ""purchase"", ""currency"": ""USD"", ""amount"": 14.28, ""amount_in_usd"": 14.28}",No action (low risk cleared),Pending review,Awaiting investigator
TXN_633100,2026-09-18 12:10:42 UTC,0.0794,No high-risk rules triggered,Model finds this transaction low risk with no strong anomaly indicators (score 0.079),"{""source"": ""transactions_a.csv"", ""channel"": ""Mobile"", ""tx_type"": ""transfer"", ""currency"": ""USD"", ""amount"": 169.51, ""amount_in_usd"": 169.51}",No action (low risk cleared),Pending review,Awaiting investigator
TXN_278701,2026-09-18 12:10:42 UTC,0.0863,Weekend transaction,Model finds this transaction low risk due to weekend timing (score 0.086),"{""source"": ""transactions_a.csv"", ""channel"": ""POS"", ""tx_type"": ""transfer"", ""currency"": ""USD"", ""amount"": 15.31, ""amount_in_usd"": 15.31}",No action (low risk cleared),Pending review,Awaiting investigator
TXN_246088,2026-09-18 12:10:42 UTC,0.0420,No high-risk rules triggered,Model finds this transaction low risk with no strong anomaly indicators (score 0.042),"{""source"": ""transactions_a.csv"", ""channel"": ""Online"", ""tx_type"": ""purchase"", ""currency"": ""USD"", ""amount"": 13.36, ""amount_in_usd"": 13.36}",No action (low risk cleared),Pending review,Awaiting investigator
TXN_370108,2026-09-18 12:10:42 UTC,0.0450,No high-risk rules triggered,Model finds this transaction low risk with no strong anomaly indicators (score 0.045),"{""source"": ""transactions_a.csv"", ""channel"": ""POS"", ""tx_type"": ""purchase"", ""currency"": ""USD"", ""amount"": 162.05, ""amount_in_usd"": 162.05}",No action (low risk cleared),Pending review,Awaiting investigator
TXN_548098,2026-09-18 12:10:42 UTC,0.0778,No high-risk rules triggered,Model finds this transaction low risk with no strong anomaly indicators (score 0.078),"{""source"": ""transactions_a.csv"", ""channel"": ""POS"", ""tx_type"": ""payment"", ""currency"": ""USD"", ""amount"": 222.8, ""amount_in_usd"": 222.8}",No action (low risk cleared),Pending review,Awaiting investigator
TXN_304496,2026-09-18 12:10:42 UTC,0.0200,No high-risk rules triggered,Model finds this transaction low risk with no strong anomaly indicators (score 0.020),"{""source"": ""transactions_a.csv"", ""channel"": ""Mobile"", ""tx_type"": ""purchase"", ""currency"": ""USD"", ""amount"": 28.4, ""amount_in_usd"": 28.4}",No action (low risk cleared),Pending review,Awaiting investigator
TXN_479097,2026-09-18 12:10:42 UTC,0.0730,No high-risk rules triggered,Model finds this transaction low risk with no strong anomaly indicators (score 0.073),"{""source"": ""transactions_a.csv"", ""channel"": ""POS"", ""tx_type"": ""payment"", ""currency"": ""USD"", ""amount"": 2.62, ""amount_in_usd"": 2.62}",No action (low risk cleared),Pending review,Awaiting investigator
TXN_583364,2026-09-18 12:10:42 UTC,0.7602,"Unusual hour (night, outside 06:00-22:00); Late-night online purchase",Model indicates elevated fraud risk due to occurred at night (score 0.760),"{""source"": ""transactions_a.csv"", ""channel"": ""Branch"", ""tx_type"": ""transfer"", ""currency"": ""USD"", ""amount"": 59.94, ""amount_in_usd"": 59.94}",Flagged for review,Pending review,Awaiting investigator
TXN_289205,2026-09-18 12:10:42 UTC,0.0274,No high-risk rules triggered,Model finds this transaction low risk with no strong anomaly indicators (score 0.027),"{""source"": ""transactions_a.csv"", ""channel"": ""Branch"", ""tx_type"": ""purchase"", ""currency"": ""USD"", ""amount"": 10.54, ""amount_in_usd"": 10.54}",No action (low risk cleared),Pending review,Awaiting investigator
TXN_727092,2026-09-18 12:10:42 UTC,0.0675,Weekend transaction,Model finds this transaction low risk due to weekend timing (score 0.068),"{""source"": ""transactions_a.csv"", ""channel"": ""Online"", ""tx_type"": ""transfer"", ""currency"": ""USD"", ""amount"": 89.15, ""amount_in_usd"": 89.15}",No action (low risk cleared),Pending review,Awaiting investigator
TXN_266802,2026-09-18 12:10:42 UTC,0.8594,"Unusual hour (night, outside 06:00-22:00)",Model strongly flags this transaction due to occurred at night (score 0.859),"{""source"": ""transactions_a.csv"", ""channel"": ""POS"", ""tx_type"": ""purchase"", ""currency"": ""USD"", ""amount"": 59.63, ""amount_in_usd"": 59.63}",Flagged for review,Pending review,Awaiting investigator
TXN_560571,2026-09-18 12:10:42 UTC,0.0786,No high-risk rules triggered,Model finds this transaction low risk with no strong anomaly indicators (score 0.079),"{""source"": ""transactions_a.csv"", ""channel"": ""Branch"", ""tx_type"": ""withdrawal"", ""currency"": ""USD"", ""amount"": 390.98, ""amount_in_usd"": 390.98}",No action (low risk cleared),Pending review,Awaiting investigator
TXN_743754,2026-09-18 12:10:42 UTC,0.0030,No high-risk rules triggered,Model finds this transaction low risk with no strong anomaly indicators (score 0.003),"{""source"": ""transactions_a.csv"", ""channel"": ""Online"", ""tx_type"": ""purchase"", ""currency"": ""USD"", ""amount"": 38.99, ""amount_in_usd"": 38.99}",No action (low risk cleared),Pending review,Awaiting investigator
TXN_154472,2026-09-18 12:10:42 UTC,0.0412,Weekend transaction,Model finds this transaction low risk due to weekend timing (score 0.041),"{""source"": ""transactions_a.csv"", ""channel"": ""Branch"", ""tx_type"": ""payment"", ""currency"": ""USD"", ""amount"": 54.36, ""amount_in_usd"": 54.36}",No action (low risk cleared),Pending review,Awaiting investigator
TXN_111839,2026-09-18 12:10:42 UTC,0.0488,No high-risk rules triggered,Model finds this transaction low risk with no strong anomaly indicators (score 0.049),"{""source"": ""transactions_a.csv"", ""channel"": ""Online"", ""tx_type"": ""purchase"", ""currency"": ""USD"", ""amount"": 13.49, ""amount_in_usd"": 13.49}",No action (low risk cleared),Pending review,Awaiting investigator
TXN_197419,2026-09-18 12:10:42 UTC,0.1213,Late-night online purchase,Model finds this transaction low risk with no strong anomaly indicators (score 0.121),"{""source"": ""transactions_a.csv"", ""channel"": ""POS"", ""tx_type"": ""payment"", ""currency"": ""USD"", ""amount"": 48.39, ""amount_in_usd"": 48.39}",No action (low risk cleared),Pending review,Awaiting investigator
TXN_416116,2026-09-18 12:10:42 UTC,0.0543,Weekend transaction,Model finds this transaction low risk due to weekend timing (score 0.054),"{""source"": ""transactions_a.csv"", ""channel"": ""POS"", ""tx_type"": ""withdrawal"", ""currency"": ""USD"", ""amount"": 13.79, ""amount_in_usd"": 13.79}",No action (low risk cleared),Pending review,Awaiting investigator
TXN_354756,2026-09-18 12:10:42 UTC,0.0501,No high-risk rules triggered,Model finds this transaction low risk with no strong anomaly indicators (score 0.050),"{""source"": ""transactions_a.csv"", ""channel"": ""Mobile"", ""tx_type"": ""withdrawal"", ""currency"": ""USD"", ""amount"": 251.18, ""amount_in_usd"": 251.18}",No action (low risk cleared),Pending review,Awaiting investigator
TXN_379623,2026-09-18 12:10:42 UTC,0.0391,No high-risk rules triggered,Model finds this transaction low risk with no strong anomaly indicators (score 0.039),"{""source"": ""transactions_a.csv"", ""channel"": ""ATM"", ""tx_type"": ""purchase"", ""currency"": ""USD"", ""amount"": 42.02, ""amount_in_usd"": 42.02}",No action (low risk cleared),Pending review,Awaiting investigator
TXN_388253,2026-09-18 12:10:42 UTC,0.0294,No high-risk rules triggered,Model finds this transaction low risk with no strong anomaly indicators (score 0.029),"{""source"": ""transactions_a.csv"", ""channel"": ""POS"", ""tx_type"": ""purchase"", ""currency"": ""USD"", ""amount"": 58.29, ""amount_in_usd"": 58.29}",No action (low risk cleared),Pending review,Awaiting investigator
TXN_711185,2026-09-18 12:10:42 UTC,0.0270,No high-risk rules triggered,Model finds this transaction low risk with no strong anomaly indicators (score 0.027),"{""source"": ""transactions_a.csv"", ""channel"": ""Mobile"", ""tx_type"": ""withdrawal"", ""currency"": ""USD"", ""amount"": 22.2, ""amount_in_usd"": 22.2}",No action (low risk cleared),Pending review,Awaiting investigator
TXN_930395,2026-09-18 12:10:42 UTC,0.1605,No high-risk rules triggered,Model finds this transaction low risk with no strong anomaly indicators (score 0.161),"{""source"": ""transactions_a.csv"", ""channel"": ""ATM"", ""tx_type"": ""transfer"", ""currency"": ""USD"", ""amount"": 937.75, ""amount_in_usd"": 937.75}",No action (low risk cleared),Pending review,Awaiting investigator
TXN_709901,2026-09-18 12:10:42 UTC,0.0389,No high-risk rules triggered,Model finds this transaction low risk with no strong anomaly indicators (score 0.039),"{""source"": ""transactions_a.csv"", ""channel"": ""Mobile"", ""tx_type"": ""withdrawal"", ""currency"": ""USD"", ""amount"": 9.46, ""amount_in_usd"": 9.46}",No action (low risk cleared),Pending review,Awaiting investigator
TXN_571887,2026-09-18 12:10:43 UTC,0.0828,Weekend transaction,Model finds this transaction low risk due to weekend timing (score 0.083),"{""source"": ""transactions_a.csv"", ""channel"": ""ATM"", ""tx_type"": ""purchase"", ""currency"": ""USD"", ""amount"": 127.97, ""amount_in_usd"": 127.97}",No action (low risk cleared),Pending review,Awaiting investigator
TXN_521717,2026-09-18 12:10:43 UTC,0.0316,No high-risk rules triggered,Model finds this transaction low risk with no strong anomaly indicators (score 0.032),"{""source"": ""transactions_a.csv"", ""channel"": ""Mobile"", ""tx_type"": ""payment"", ""currency"": ""USD"", ""amount"": 9.22, ""amount_in_usd"": 9.22}",No action (low risk cleared),Pending review,Awaiting investigator
TXN_570442,2026-09-18 12:10:43 UTC,0.0241,No high-risk rules triggered,Model finds this transaction low risk with no strong anomaly indicators (score 0.024),"{""source"": ""transactions_a.csv"", ""channel"": ""Mobile"", ""tx_type"": ""withdrawal"", ""currency"": ""USD"", ""amount"": 16.18, ""amount_in_usd"": 16.18}",No action (low risk cleared),Pending review,Awaiting investigator
TXN_537508,2026-09-18 12:10:43 UTC,0.0534,Weekend transaction; Online + international (typical fraud vector),"Model finds this transaction low risk due to online and international, weekend timing (score 0.053)","{""source"": ""transactions_a.csv"", ""channel"": ""Mobile"", ""tx_type"": ""transfer"", ""currency"": ""USD"", ""amount"": 71.02, ""amount_in_usd"": 71.02}",No action (low risk cleared),Pending review,Awaiting investigator
TXN_377028,2026-09-18 12:10:43 UTC,0.0220,No high-risk rules triggered,Model finds this transaction low risk with no strong anomaly indicators (score 0.022),"{""source"": ""transactions_a.csv"", ""channel"": ""Online"", ""tx_type"": ""withdrawal"", ""currency"": ""USD"", ""amount"": 31.5, ""amount_in_usd"": 31.5}",No action (low risk cleared),Pending review,Awaiting investigator
TXN_292787,2026-09-18 12:10:43 UTC,0.0370,No high-risk rules triggered,Model finds this transaction low risk with no strong anomaly indicators (score 0.037),"{""source"": ""transactions_a.csv"", ""channel"": ""Mobile"", ""tx_type"": ""withdrawal"", ""currency"": ""USD"", ""amount"": 75.25, ""amount_in_usd"": 75.25}",No action (low risk cleared),Pending review,Awaiting investigator
TXN_250525,2026-09-18 12:10:43 UTC,0.0198,No high-risk rules triggered,Model finds this transaction low risk with no strong anomaly indicators (score 0.020),"{""source"": ""transactions_a.csv"", ""channel"": ""Online"", ""tx_type"": ""purchase"", ""currency"": ""USD"", ""amount"": 6.81, ""amount_in_usd"": 6.81}",No action (low risk cleared),Pending review,Awaiting investigator
TXN_164562,2026-09-18 12:10:43 UTC,0.0686,Weekend transaction,Model finds this transaction low risk due to weekend timing (score 0.069),"{""source"": ""transactions_a.csv"", ""channel"": ""ATM"", ""tx_type"": ""purchase"", ""currency"": ""USD"", ""amount"": 38.74, ""amount_in_usd"": 38.74}",No action (low risk cleared),Pending review,Awaiting investigator
TXN_825705,2026-09-18 12:10:43 UTC,0.0235,No high-risk rules triggered,Model finds this transaction low risk with no strong anomaly indicators (score 0.024),"{""source"": ""transactions_a.csv"", ""channel"": ""Mobile"", ""tx_type"": ""purchase"", ""currency"": ""USD"", ""amount"": 12.24, ""amount_in_usd"": 12.24}",No action (low risk cleared),Pending review,Awaiting investigator
TXN_242548,2026-09-18 12:10:43 UTC,0.0382,Weekend transaction,Model finds this transaction low risk due to weekend timing (score 0.038),"{""source"": ""transactions_a.csv"", ""channel"": ""Mobile"", ""tx_type"": ""purchase"", ""currency"": ""USD"", ""amount"": 26.67, ""amount_in_usd"": 26.67}",No action (low risk cleared),Pending review,Awaiting investigator
TXN_670715,2026-09-18 12:10:43 UTC,0.0524,No high-risk rules triggered,Model finds this transaction low risk with no strong anomaly indicators (score 0.052),"{""source"": ""transactions_a.csv"", ""channel"": ""POS"", ""tx_type"": ""withdrawal"", ""currency"": ""USD"", ""amount"": 10.84, ""amount_in_usd"": 10.84}",No action (low risk cleared),Pending review,Awaiting investigator
TXN_513536,2026-09-18 12:10:43 UTC,0.0487,Weekend transaction,Model finds this transaction low risk due to weekend timing (score 0.049),"{""source"": ""transactions_a.csv"", ""channel"": ""ATM"", ""tx_type"": ""payment"", ""currency"": ""USD"", ""amount"": 36.76, ""amount_in_usd"": 36.76}",No action (low risk cleared),Pending review,Awaiting investigator
TXN_270065,2026-09-18 12:10:43 UTC,0.0358,Weekend transaction,Model finds this transaction low risk due to weekend timing (score 0.036),"{""source"": ""transactions_a.csv"", ""channel"": ""POS"", ""tx_type"": ""purchase"", ""currency"": ""USD"", ""amount"": 94.34, ""amount_in_usd"": 94.34}",No action (low risk cleared),Pending review,Awaiting investigator
TXN_275233,2026-09-18 12:10:43 UTC,0.0372,No high-risk rules triggered,Model finds this transaction low risk with no strong anomaly indicators (score 0.037),"{""source"": ""transactions_a.csv"", ""channel"": ""Mobile"", ""tx_type"": ""payment"", ""currency"": ""USD"", ""amount"": 51.48, ""amount_in_usd"": 51.48}",No action (low risk cleared),Pending review,Awaiting investigator
TXN_536398,2026-09-18 12:10:43 UTC,0.0489,Weekend transaction,Model finds this transaction low risk due to weekend timing (score 0.049),"{""source"": ""transactions_a.csv"", ""channel"": ""Online"", ""tx_type"": ""purchase"", ""currency"": ""USD"", ""amount"": 4.09, ""amount_in_usd"": 4.09}",No action (low risk cleared),Pending review,Awaiting investigator
TXN_166892,2026-09-18 12:10:43 UTC,0.0142,No high-risk rules triggered,Model finds this transaction low risk with no strong anomaly indicators (score 0.014),"{""source"": ""transactions_a.csv"", ""channel"": ""POS"", ""tx_type"": ""purchase"", ""currency"": ""USD"", ""amount"": 23.0, ""amount_in_usd"": 23.0}",No action (low risk cleared),Pending review,Awaiting investigator
TXN_821431,2026-09-18 12:10:43 UTC,0.0285,No high-risk rules triggered,Model finds this transaction low risk with no strong anomaly indicators (score 0.029),"{""source"": ""transactions_a.csv"", ""channel"": ""Online"", ""tx_type"": ""transfer"", ""currency"": ""USD"", ""amount"": 92.39, ""amount_in_usd"": 92.39}",No action (low risk cleared),Pending review,Awaiting investigator
TXN_891795,2026-09-18 12:10:43 UTC,0.0857,Weekend transaction,Model finds this transaction low risk due to weekend timing (score 0.086),"{""source"": ""transactions_a.csv"", ""channel"": ""POS"", ""tx_type"": ""transfer"", ""currency"": ""USD"", ""amount"": 0.5, ""amount_in_usd"": 0.5}",No action (low risk cleared),Pending review,Awaiting investigator
TXN_668055,2026-09-18 12:10:43 UTC,0.0948,No high-risk rules triggered,Model finds this transaction low risk with no strong anomaly indicators (score 0.095),"{""source"": ""transactions_a.csv"", ""channel"": ""Mobile"", ""tx_type"": ""withdrawal"", ""currency"": ""USD"", ""amount"": 626.4, ""amount_in_usd"": 626.4}",No action (low risk cleared),Pending review,Awaiting investigator
TXN_356046,2026-09-18 12:10:43 UTC,0.0270,No high-risk rules triggered,Model finds this transaction low risk with no strong anomaly indicators (score 0.027),"{""source"": ""transactions_a.csv"", ""channel"": ""POS"", ""tx_type"": ""transfer"", ""currency"": ""USD"", ""amount"": 27.24, ""amount_in_usd"": 27.24}",No action (low risk cleared),Pending review,Awaiting investigator
TXN_153826,2026-09-18 12:10:43 UTC,0.0308,Weekend transaction,Model finds this transaction low risk due to weekend timing (score 0.031),"{""source"": ""transactions_a.csv"", ""channel"": ""Mobile"", ""tx_type"": ""purchase"", ""currency"": ""USD"", ""amount"": 23.65, ""amount_in_usd"": 23.65}",No action (low risk cleared),Pending review,Awaiting investigator
TXN_175977,2026-09-18 12:10:43 UTC,0.0276,Weekend transaction,Model finds this transaction low risk due to weekend timing (score 0.028),"{""source"": ""transactions_a.csv"", ""channel"": ""POS"", ""tx_type"": ""withdrawal"", ""currency"": ""USD"", ""amount"": 13.12, ""amount_in_usd"": 13.12}",No action (low risk cleared),Pending review,Awaiting investigator
TXN_988666,2026-09-18 12:10:43 UTC,0.0180,No high-risk rules triggered,Model finds this transaction low risk with no strong anomaly indicators (score 0.018),"{""source"": ""transactions_a.csv"", ""channel"": ""ATM"", ""tx_type"": ""purchase"", ""currency"": ""USD"", ""amount"": 47.96, ""amount_in_usd"": 47.96}",No action (low risk cleared),Pending review,Awaiting investigator
TXN_918487,2026-09-18 12:10:43 UTC,0.0741,"Unusual hour (night, outside 06:00-22:00)",Model finds this transaction low risk due to occurred at night (score 0.074),"{""source"": ""transactions_a.csv"", ""channel"": ""Mobile"", ""tx_type"": ""purchase"", ""currency"": ""USD"", ""amount"": 27.99, ""amount_in_usd"": 27.99}",No action (low risk cleared),Pending review,Awaiting investigator
TXN_659425,2026-09-18 12:10:43 UTC,0.0334,No high-risk rules triggered,Model finds this transaction low risk with no strong anomaly indicators (score 0.033),"{""source"": ""transactions_a.csv"", ""channel"": ""POS"", ""tx_type"": ""purchase"", ""currency"": ""USD"", ""amount"": 62.62, ""amount_in_usd"": 62.62}",No action (low risk cleared),Pending review,Awaiting investigator
TXN_388133,2026-09-18 12:10:43 UTC,0.0986,"Unusual hour (night, outside 06:00-22:00); Late-night online purchase",Model finds this transaction low risk due to occurred at night (score 0.099),"{""source"": ""transactions_a.csv"", ""channel"": ""POS"", ""tx_type"": ""purchase"", ""currency"": ""USD"", ""amount"": 16.71, ""amount_in_usd"": 16.71}",No action (low risk cleared),Pending review,Awaiting investigator
TXN_952036,2026-09-18 12:10:43 UTC,0.8883,"Unusual hour (night, outside 06:00-22:00); Online + international (typical fraud vector); Late-night online purchase","Model strongly flags this transaction due to occurred at night, online and international (score 0.888)","{""source"": ""transactions_a.csv"", ""channel"": ""Mobile"", ""tx_type"": ""purchase"", ""currency"": ""USD"", ""amount"": 121.07, ""amount_in_usd"": 121.07}",Flagged for review,Pending review,Awaiting investigator
TXN_452350,2026-09-18 12:10:43 UTC,0.0153,No high-risk rules triggered,Model finds this transaction low risk with no strong anomaly indicators (score 0.015),"{""source"": ""transactions_a.csv"", ""channel"": ""Mobile"", ""tx_type"": ""transfer"", ""currency"": ""USD"", ""amount"": 29.97, ""amount_in_usd"": 29.97}",No action (low risk cleared),Pending review,Awaiting investigator
TXN_892074,2026-09-18 12:10:43 UTC,0.0238,Weekend transaction,Model finds this transaction low risk due to weekend timing (score 0.024),"{""source"": ""transactions_a.csv"", ""channel"": ""POS"", ""tx_type"": ""purchase"", ""currency"": ""USD"", ""amount"": 33.32, ""amount_in_usd"": 33.32}",No action (low risk cleared),Pending review,Awaiting investigator
TXN_799245,2026-09-18 12:10:43 UTC,0.0068,No high-risk rules triggered,Model finds this transaction low risk with no strong anomaly indicators (score 0.007),"{""source"": ""transactions_a.csv"", ""channel"": ""Online"", ""tx_type"": ""purchase"", ""currency"": ""USD"", ""amount"": 16.92, ""amount_in_usd"": 16.92}",No action (low risk cleared),Pending review,Awaiting investigator
TXN_951421,2026-09-18 12:10:43 UTC,0.0519,No high-risk rules triggered,Model finds this transaction low risk with no strong anomaly indicators (score 0.052),"{""source"": ""transactions_a.csv"", ""channel"": ""Branch"", ""tx_type"": ""payment"", ""currency"": ""USD"", ""amount"": 63.38, ""amount_in_usd"": 63.38}",No action (low risk cleared),Pending review,Awaiting investigator
TXN_780408,2026-09-18 12:10:43 UTC,0.8849,Late-night online purchase,Model strongly flags this transaction with no strong anomaly indicators (score 0.885),"{""source"": ""transactions_a.csv"", ""channel"": ""Mobile"", ""tx_type"": ""payment"", ""currency"": ""USD"", ""amount"": 229.29, ""amount_in_usd"": 229.29}",Flagged for review,Pending review,Awaiting investigator
TXN_572717,2026-09-18 12:10:43 UTC,0.0779,Weekend transaction,Model finds this transaction low risk due to weekend timing (score 0.078),"{""source"": ""transactions_a.csv"", ""channel"": ""Online"", ""tx_type"": ""purchase"", ""currency"": ""USD"", ""amount"": 3.99, ""amount_in_usd"": 3.99}",No action (low risk cleared),Pending review,Awaiting investigator
TXN_771432,2026-09-18 12:10:43 UTC,0.0945,"Unusual hour (night, outside 06:00-22:00); Weekend transaction","Model finds this transaction low risk due to occurred at night, weekend timing (score 0.095)","{""source"": ""transactions_a.csv"", ""channel"": ""POS"", ""tx_type"": ""payment"", ""currency"": ""USD"", ""amount"": 24.29, ""amount_in_usd"": 24.29}",No action (low risk cleared),Pending review,Awaiting investigator
TXN_594499,2026-09-18 12:10:43 UTC,0.0493,No high-risk rules triggered,Model finds this transaction low risk with no strong anomaly indicators (score 0.049),"{""source"": ""transactions_a.csv"", ""channel"": ""ATM"", ""tx_type"": ""transfer"", ""currency"": ""USD"", ""amount"": 11.55, ""amount_in_usd"": 11.55}",No action (low risk cleared),Pending review,Awaiting investigator
TXN_544201,2026-09-18 12:10:43 UTC,0.0227,No high-risk rules triggered,Model finds this transaction low risk with no strong anomaly indicators (score 0.023),"{""source"": ""transactions_a.csv"", ""channel"": ""Mobile"", ""tx_type"": ""payment"", ""currency"": ""USD"", ""amount"": 12.97, ""amount_in_usd"": 12.97}",No action (low risk cleared),Pending review,Awaiting investigator
TXN_622523,2026-09-18 12:10:43 UTC,0.0346,Weekend transaction,Model finds this transaction low risk due to weekend timing (score 0.035),"{""source"": ""transactions_a.csv"", ""channel"": ""Branch"", ""tx_type"": ""purchase"", ""currency"": ""USD"", ""amount"": 21.36, ""amount_in_usd"": 21.36}",No action (low risk cleared),Pending review,Awaiting investigator
TXN_712761,2026-09-18 12:10:43 UTC,0.0379,No high-risk rules triggered,Model finds this transaction low risk with no strong anomaly indicators (score 0.038),"{""source"": ""transactions_a.csv"", ""channel"": ""Online"", ""tx_type"": ""purchase"", ""currency"": ""USD"", ""amount"": 19.17, ""amount_in_usd"": 19.17}",No action (low risk cleared),Pending review,Awaiting investigator
TXN_710907,2026-09-18 12:10:43 UTC,0.0488,Online + international (typical fraud vector),Model finds this transaction low risk due to online and international (score 0.049),"{""source"": ""transactions_a.csv"", ""channel"": ""Online"", ""tx_type"": ""payment"", ""currency"": ""USD"", ""amount"": 30.93, ""amount_in_usd"": 30.93}",No action (low risk cleared),Pending review,Awaiting investigator
TXN_809564,2026-09-18 12:10:43 UTC,0.0314,No high-risk rules triggered,Model finds this transaction low risk with no strong anomaly indicators (score 0.031),"{""source"": ""transactions_a.csv"", ""channel"": ""Mobile"", ""tx_type"": ""withdrawal"", ""currency"": ""USD"", ""amount"": 19.97, ""amount_in_usd"": 19.97}",No action (low risk cleared),Pending review,Awaiting investigator
TXN_123680,2026-09-18 12:10:43 UTC,0.0226,Weekend transaction,Model finds this transaction low risk due to weekend timing (score 0.023),"{""source"": ""transactions_a.csv"", ""channel"": ""POS"", ""tx_type"": ""purchase"", ""currency"": ""USD"", ""amount"": 25.54, ""amount_in_usd"": 25.54}",No action (low risk cleared),Pending review,Awaiting investigator
TXN_824933,2026-09-18 12:10:43 UTC,0.0460,No high-risk rules triggered,Model finds this transaction low risk with no strong anomaly indicators (score 0.046),"{""source"": ""transactions_a.csv"", ""channel"": ""Online"", ""tx_type"": ""payment"", ""currency"": ""USD"", ""amount"": 26.92, ""amount_in_usd"": 26.92}",No action (low risk cleared),Pending review,Awaiting investigator
TXN_542249,2026-09-18 12:10:43 UTC,0.1270,No high-risk rules triggered,Model finds this transaction low risk with no strong anomaly indicators (score 0.127),"{""source"": ""transactions_a.csv"", ""channel"": ""POS"", ""tx_type"": ""purchase"", ""currency"": ""USD"", ""amount"": 1075.53, ""amount_in_usd"": 1075.53}",No action (low risk cleared),Pending review,Awaiting investigator
TXN_695306,2026-09-18 12:10:43 UTC,0.0697,No high-risk rules triggered,Model finds this transaction low risk with no strong anomaly indicators (score 0.070),"{""source"": ""transactions_a.csv"", ""channel"": ""POS"", ""tx_type"": ""withdrawal"", ""currency"": ""USD"", ""amount"": 3.19, ""amount_in_usd"": 3.19}",No action (low risk cleared),Pending review,Awaiting investigator
TXN_804635,2026-09-18 12:10:43 UTC,0.0347,Weekend transaction,Model finds this transaction low risk due to weekend timing (score 0.035),"{""source"": ""transactions_a.csv"", ""channel"": ""POS"", ""tx_type"": ""purchase"", ""currency"": ""USD"", ""amount"": 30.5, ""amount_in_usd"": 30.5}",No action (low risk cleared),Pending review,Awaiting investigator
TXN_536217,2026-09-18 12:10:43 UTC,0.0475,No high-risk rules triggered,Model finds this transaction low risk with no strong anomaly indicators (score 0.048),"{""source"": ""transactions_a.csv"", ""channel"": ""Branch"", ""tx_type"": ""payment"", ""currency"": ""USD"", ""amount"": 52.11, ""amount_in_usd"": 52.11}",No action (low risk cleared),Pending review,Awaiting investigator
TXN_389901,2026-09-18 12:10:43 UTC,0.0363,Weekend transaction,Model finds this transaction low risk due to weekend timing (score 0.036),"{""source"": ""transactions_a.csv"", ""channel"": ""POS"", ""tx_type"": ""transfer"", ""currency"": ""USD"", ""amount"": 6.2, ""amount_in_usd"": 6.2}",No action (low risk cleared),Pending review,Awaiting investigator
TXN_122127,2026-09-18 12:10:43 UTC,0.0207,No high-risk rules triggered,Model finds this transaction low risk with no strong anomaly indicators (score 0.021),"{""source"": ""transactions_a.csv"", ""channel"": ""Online"", ""tx_type"": ""purchase"", ""currency"": ""USD"", ""amount"": 19.49, ""amount_in_usd"": 19.49}",No action (low risk cleared),Pending review,Awaiting investigator
TXN_701450,2026-09-18 12:10:43 UTC,0.1573,"Unusual hour (night, outside 06:00-22:00); Late-night online purchase",Model finds this transaction low risk due to occurred at night (score 0.157),"{""source"": ""transactions_a.csv"", ""channel"": ""POS"", ""tx_type"": ""withdrawal"", ""currency"": ""USD"", ""amount"": 2.22, ""amount_in_usd"": 2.22}",No action (low risk cleared),Pending review,Awaiting investigator
TXN_959799,2026-09-18 12:10:43 UTC,0.0594,Weekend transaction,Model finds this transaction low risk due to weekend timing (score 0.059),"{""source"": ""transactions_a.csv"", ""channel"": ""Online"", ""tx_type"": ""purchase"", ""currency"": ""USD"", ""amount"": 260.34, ""amount_in_usd"": 260.34}",No action (low risk cleared),Pending review,Awaiting investigator
TXN_321051,2026-09-18 12:10:43 UTC,0.0249,No high-risk rules triggered,Model finds this transaction low risk with no strong anomaly indicators (score 0.025),"{""source"": ""transactions_a.csv"", ""channel"": ""Mobile"", ""tx_type"": ""transfer"", ""currency"": ""USD"", ""amount"": 10.43, ""amount_in_usd"": 10.43}",No action (low risk cleared),Pending review,Awaiting investigator
TXN_186867,2026-09-18 12:10:43 UTC,0.0392,No high-risk rules triggered,Model finds this transaction low risk with no strong anomaly indicators (score 0.039),"{""source"": ""transactions_a.csv"", ""channel"": ""Branch"", ""tx_type"": ""purchase"", ""currency"": ""USD"", ""amount"": 42.81, ""amount_in_usd"": 42.81}",No action (low risk cleared),Pending review,Awaiting investigator
TXN_648530,2026-09-18 12:10:43 UTC,0.1377,Weekend transaction; Online + international (typical fraud vector),"Model finds this transaction low risk due to online and international, weekend timing (score 0.138)","{""source"": ""transactions_a.csv"", ""channel"": ""POS"", ""tx_type"": ""purchase"", ""currency"": ""USD"", ""amount"": 232.94, ""amount_in_usd"": 232.94}",No action (low risk cleared),Pending review,Awaiting investigator
TXN_930356,2026-09-18 12:10:43 UTC,0.0381,Weekend transaction,Model finds this transaction low risk due to weekend timing (score 0.038),"{""source"": ""transactions_a.csv"", ""channel"": ""Mobile"", ""tx_type"": ""payment"", ""currency"": ""USD"", ""amount"": 15.0, ""amount_in_usd"": 15.0}",No action (low risk cleared),Pending review,Awaiting investigator
TXN_336784,2026-09-18 12:10:43 UTC,0.0343,No high-risk rules triggered,Model finds this transaction low risk with no strong anomaly indicators (score 0.034),"{""source"": ""transactions_a.csv"", ""channel"": ""Mobile"", ""tx_type"": ""purchase"", ""currency"": ""USD"", ""amount"": 23.52, ""amount_in_usd"": 23.52}",No action (low risk cleared),Pending review,Awaiting investigator
TXN_486221,2026-09-18 12:10:43 UTC,0.0769,Weekend transaction,Model finds this transaction low risk due to weekend timing (score 0.077),"{""source"": ""transactions_a.csv"", ""channel"": ""POS"", ""tx_type"": ""transfer"", ""currency"": ""USD"", ""amount"": 9.56, ""amount_in_usd"": 9.56}",No action (low risk cleared),Pending review,Awaiting investigator
TXN_618680,2026-09-18 12:10:43 UTC,0.0430,No high-risk rules triggered,Model finds this transaction low risk with no strong anomaly indicators (score 0.043),"{""source"": ""transactions_a.csv"", ""channel"": ""POS"", ""tx_type"": ""purchase"", ""currency"": ""USD"", ""amount"": 40.63, ""amount_in_usd"": 40.63}",No action (low risk cleared),Pending review,Awaiting investigator
TXN_344021,2026-09-18 12:10:43 UTC,0.0620,No high-risk rules triggered,Model finds this transaction low risk with no strong anomaly indicators (score 0.062),"{""source"": ""transactions_a.csv"", ""channel"": ""POS"", ""tx_type"": ""purchase"", ""currency"": ""USD"", ""amount"": 211.99, ""amount_in_usd"": 211.99}",No action (low risk cleared),Pending review,Awaiting investigator
TXN_487106,2026-09-18 12:10:43 UTC,0.0252,No high-risk rules triggered,Model finds this transaction low risk with no strong anomaly indicators (score 0.025),"{""source"": ""transactions_a.csv"", ""channel"": ""Online"", ""tx_type"": ""purchase"", ""currency"": ""USD"", ""amount"": 75.12, ""amount_in_usd"": 75.12}",No action (low risk cleared),Pending review,Awaiting investigator
TXN_909778,2026-09-18 12:10:43 UTC,0.8991,"Unusual hour (night, outside 06:00-22:00); Weekend transaction","Model strongly flags this transaction due to occurred at night, weekend timing (score 0.899)","{""source"": ""transactions_a.csv"", ""channel"": ""Online"", ""tx_type"": ""purchase"", ""currency"": ""USD"", ""amount"": 49.97, ""amount_in_usd"": 49.97}",Flagged for review,Pending review,Awaiting investigator
TXN_813002,2026-09-18 12:10:43 UTC,0.0592,No high-risk rules triggered,Model finds this transaction low risk with no strong anomaly indicators (score 0.059),"{""source"": ""transactions_a.csv"", ""channel"": ""Online"", ""tx_type"": ""purchase"", ""currency"": ""USD"", ""amount"": 104.14, ""amount_in_usd"": 104.14}",No action (low risk cleared),Pending review,Awaiting investigator
TXN_406320,2026-09-18 12:10:43 UTC,0.0502,No high-risk rules triggered,Model finds this transaction low risk with no strong anomaly indicators (score 0.050),"{""source"": ""transactions_a.csv"", ""channel"": ""Mobile"", ""tx_type"": ""purchase"", ""currency"": ""USD"", ""amount"": 9.76, ""amount_in_usd"": 9.76}",No action (low risk cleared),Pending review,Awaiting investigator
TXN_234645,2026-09-18 12:10:43 UTC,0.0230,No high-risk rules triggered,Model finds this transaction low risk with no strong anomaly indicators (score 0.023),"{""source"": ""transactions_a.csv"", ""channel"": ""Mobile"", ""tx_type"": ""transfer"", ""currency"": ""USD"", ""amount"": 80.43, ""amount_in_usd"": 80.43}",No action (low risk cleared),Pending review,Awaiting investigator
TXN_912377,2026-09-18 12:10:43 UTC,0.0197,Weekend transaction,Model finds this transaction low risk due to weekend timing (score 0.020),"{""source"": ""transactions_a.csv"", ""channel"": ""Branch"", ""tx_type"": ""transfer"", ""currency"": ""USD"", ""amount"": 12.59, ""amount_in_usd"": 12.59}",No action (low risk cleared),Pending review,Awaiting investigator
TXN_768990,2026-09-18 12:10:43 UTC,0.0355,Weekend transaction,Model finds this transaction low risk due to weekend timing (score 0.035),"{""source"": ""transactions_a.csv"", ""channel"": ""Online"", ""tx_type"": ""withdrawal"", ""currency"": ""USD"", ""amount"": 24.43, ""amount_in_usd"": 24.43}",No action (low risk cleared),Pending review,Awaiting investigator
TXN_121551,2026-09-18 12:10:43 UTC,0.0366,Weekend transaction,Model finds this transaction low risk due to weekend timing (score 0.037),"{""source"": ""transactions_a.csv"", ""channel"": ""Online"", ""tx_type"": ""purchase"", ""currency"": ""USD"", ""amount"": 177.7, ""amount_in_usd"": 177.7}",No action (low risk cleared),Pending review,Awaiting investigator
TXN_518743,2026-09-18 12:10:43 UTC,0.0561,No high-risk rules triggered,Model finds this transaction low risk with no strong anomaly indicators (score 0.056),"{""source"": ""transactions_a.csv"", ""channel"": ""ATM"", ""tx_type"": ""withdrawal"", ""currency"": ""USD"", ""amount"": 20.72, ""amount_in_usd"": 20.72}",No action (low risk cleared),Pending review,Awaiting investigator
TXN_981146,2026-09-18 12:10:43 UTC,0.0186,No high-risk rules triggered,Model finds this transaction low risk with no strong anomaly indicators (score 0.019),"{""source"": ""transactions_a.csv"", ""channel"": ""Online"", ""tx_type"": ""transfer"", ""currency"": ""USD"", ""amount"": 10.98, ""amount_in_usd"": 10.98}",No action (low risk cleared),Pending review,Awaiting investigator
TXN_325571,2026-09-18 12:10:43 UTC,0.0789,Weekend transaction,Model finds this transaction low risk due to weekend timing (score 0.079),"{""source"": ""transactions_a.csv"", ""channel"": ""ATM"", ""tx_type"": ""withdrawal"", ""currency"": ""USD"", ""amount"": 54.77, ""amount_in_usd"": 54.77}",No action (low risk cleared),Pending review,Awaiting investigator
TXN_549593,2026-09-18 12:10:43 UTC,0.0203,No high-risk rules triggered,Model finds this transaction low risk with no strong anomaly indicators (score 0.020),"{""source"": ""transactions_a.csv"", ""channel"": ""POS"", ""tx_type"": ""withdrawal"", ""currency"": ""USD"", ""amount"": 39.45, ""amount_in_usd"": 39.45}",No action (low risk cleared),Pending review,Awaiting investigator
TXN_477656,2026-09-18 12:10:43 UTC,0.0898,No high-risk rules triggered,Model finds this transaction low risk with no strong anomaly indicators (score 0.090),"{""source"": ""transactions_a.csv"", ""channel"": ""POS"", ""tx_type"": ""transfer"", ""currency"": ""USD"", ""amount"": 13.22, ""amount_in_usd"": 13.22}",No action (low risk cleared),Pending review,Awaiting investigator
TXN_136882,2026-09-18 12:10:43 UTC,0.1109,No high-risk rules triggered,Model finds this transaction low risk with no strong anomaly indicators (score 0.111),"{""source"": ""transactions_a.csv"", ""channel"": ""Mobile"", ""tx_type"": ""purchase"", ""currency"": ""USD"", ""amount"": 620.32, ""amount_in_usd"": 620.32}",No action (low risk cleared),Pending review,Awaiting investigator
TXN_634758,2026-09-18 12:10:43 UTC,0.0452,Weekend transaction,Model finds this transaction low risk due to weekend timing (score 0.045),"{""source"": ""transactions_a.csv"", ""channel"": ""Mobile"", ""tx_type"": ""withdrawal"", ""currency"": ""USD"", ""amount"": 140.98, ""amount_in_usd"": 140.98}",No action (low risk cleared),Pending review,Awaiting investigator
TXN_390707,2026-09-18 12:10:43 UTC,0.1462,"Unusual hour (night, outside 06:00-22:00)",Model finds this transaction low risk due to occurred at night (score 0.146),"{""source"": ""transactions_a.csv"", ""channel"": ""ATM"", ""tx_type"": ""purchase"", ""currency"": ""USD"", ""amount"": 65.78, ""amount_in_usd"": 65.78}",No action (low risk cleared),Pending review,Awaiting investigator
TXN_768374,2026-09-18 12:10:43 UTC,0.0361,No high-risk rules triggered,Model finds this transaction low risk with no strong anomaly indicators (score 0.036),"{""source"": ""transactions_a.csv"", ""channel"": ""ATM"", ""tx_type"": ""withdrawal"", ""currency"": ""USD"", ""amount"": 14.85, ""amount_in_usd"": 14.85}",No action (low risk cleared),Pending review,Awaiting investigator
TXN_505159,2026-09-18 12:10:43 UTC,0.0626,No high-risk rules triggered,Model finds this transaction low risk with no strong anomaly indicators (score 0.063),"{""source"": ""transactions_a.csv"", ""channel"": ""Online"", ""tx_type"": ""withdrawal"", ""currency"": ""USD"", ""amount"": 17.74, ""amount_in_usd"": 17.74}",No action (low risk cleared),Pending review,Awaiting investigator
TXN_699718,2026-09-18 12:10:43 UTC,0.0588,Weekend transaction,Model finds this transaction low risk due to weekend timing (score 0.059),"{""source"": ""transactions_a.csv"", ""channel"": ""POS"", ""tx_type"": ""transfer"", ""currency"": ""USD"", ""amount"": 3.83, ""amount_in_usd"": 3.83}",No action (low risk cleared),Pending review,Awaiting investigator
TXN_138632,2026-09-18 12:10:43 UTC,0.0665,Weekend transaction,Model finds this transaction low risk due to weekend timing (score 0.067),"{""source"": ""transactions_a.csv"", ""channel"": ""ATM"", ""tx_type"": ""withdrawal"", ""currency"": ""USD"", ""amount"": 175.01, ""amount_in_usd"": 175.01}",No action (low risk cleared),Pending review,Awaiting investigator
TXN_928035,2026-09-18 12:10:43 UTC,0.0230,No high-risk rules triggered,Model finds this transaction low risk with no strong anomaly indicators (score 0.023),"{""source"": ""transactions_a.csv"", ""channel"": ""Online"", ""tx_type"": ""purchase"", ""currency"": ""USD"", ""amount"": 9.27, ""amount_in_usd"": 9.27}",No action (low risk cleared),Pending review,Awaiting investigator
TXN_928346,2026-09-18 12:10:43 UTC,0.0479,No high-risk rules triggered,Model finds this transaction low risk with no strong anomaly indicators (score 0.048),"{""source"": ""transactions_a.csv"", ""channel"": ""Online"", ""tx_type"": ""purchase"", ""currency"": ""USD"", ""amount"": 137.13, ""amount_in_usd"": 137.13}",No action (low risk cleared),Pending review,Awaiting investigator
TXN_986329,2026-09-18 12:10:43 UTC,0.0466,No high-risk rules triggered,Model finds this transaction low risk with no strong anomaly indicators (score 0.047),"{""source"": ""transactions_a.csv"", ""channel"": ""Mobile"", ""tx_type"": ""purchase"", ""currency"": ""USD"", ""amount"": 3.23, ""amount_in_usd"": 3.23}",No action (low risk cleared),Pending review,Awaiting investigator
TXN_440905,2026-09-18 12:10:43 UTC,0.0164,Weekend transaction,Model finds this transaction low risk due to weekend timing (score 0.016),"{""source"": ""transactions_a.csv"", ""channel"": ""POS"", ""tx_type"": ""purchase"", ""currency"": ""USD"", ""amount"": 27.39, ""amount_in_usd"": 27.39}",No action (low risk cleared),Pending review,Awaiting investigator
TXN_439174,2026-09-18 12:10:43 UTC,0.2624,"Unusual hour (night, outside 06:00-22:00); Late-night online purchase",Model finds this transaction low risk due to occurred at night (score 0.262),"{""source"": ""transactions_a.csv"", ""channel"": ""Branch"", ""tx_type"": ""withdrawal"", ""currency"": ""USD"", ""amount"": 117.14, ""amount_in_usd"": 117.14}",No action (low risk cleared),Pending review,Awaiting investigator
TXN_304281,2026-09-18 12:10:43 UTC,0.0129,Weekend transaction,Model finds this transaction low risk due to weekend timing (score 0.013),"{""source"": ""transactions_a.csv"", ""channel"": ""Online"", ""tx_type"": ""transfer"", ""currency"": ""USD"", ""amount"": 73.07, ""amount_in_usd"": 73.07}",No action (low risk cleared),Pending review,Awaiting investigator
TXN_360551,2026-09-18 12:10:43 UTC,0.0277,Weekend transaction,Model finds this transaction low risk due to weekend timing (score 0.028),"{""source"": ""transactions_a.csv"", ""channel"": ""Online"", ""tx_type"": ""purchase"", ""currency"": ""USD"", ""amount"": 68.98, ""amount_in_usd"": 68.98}",No action (low risk cleared),Pending review,Awaiting investigator
TXN_488922,2026-09-18 12:10:43 UTC,0.0365,Weekend transaction,Model finds this transaction low risk due to weekend timing (score 0.036),"{""source"": ""transactions_a.csv"", ""channel"": ""Online"", ""tx_type"": ""purchase"", ""currency"": ""USD"", ""amount"": 26.97, ""amount_in_usd"": 26.97}",No action (low risk cleared),Pending review,Awaiting investigator
TXN_323357,2026-09-18 12:10:43 UTC,0.0688,Weekend transaction,Model finds this transaction low risk due to weekend timing (score 0.069),"{""source"": ""transactions_a.csv"", ""channel"": ""ATM"", ""tx_type"": ""purchase"", ""currency"": ""USD"", ""amount"": 224.68, ""amount_in_usd"": 224.68}",No action (low risk cleared),Pending review,Awaiting investigator
TXN_473460,2026-09-18 12:10:43 UTC,0.0843,"Unusual hour (night, outside 06:00-22:00)",Model finds this transaction low risk due to occurred at night (score 0.084),"{""source"": ""transactions_a.csv"", ""channel"": ""Online"", ""tx_type"": ""withdrawal"", ""currency"": ""USD"", ""amount"": 37.05, ""amount_in_usd"": 37.05}",No action (low risk cleared),Pending review,Awaiting investigator
TXN_111703,2026-09-18 12:10:43 UTC,0.0500,No high-risk rules triggered,Model finds this transaction low risk with no strong anomaly indicators (score 0.050),"{""source"": ""transactions_a.csv"", ""channel"": ""Online"", ""tx_type"": ""withdrawal"", ""currency"": ""USD"", ""amount"": 239.31, ""amount_in_usd"": 239.31}",No action (low risk cleared),Pending review,Awaiting investigator
TXN_291063,2026-09-18 12:10:43 UTC,0.0470,Online + international (typical fraud vector),Model finds this transaction low risk due to online and international (score 0.047),"{""source"": ""transactions_a.csv"", ""channel"": ""Online"", ""tx_type"": ""purchase"", ""currency"": ""USD"", ""amount"": 5.89, ""amount_in_usd"": 5.89}",No action (low risk cleared),Pending review,Awaiting investigator
TXN_888061,2026-09-18 12:10:43 UTC,0.0000,No high-risk rules triggered,Model finds this transaction low risk with no strong anomaly indicators (score 0.000),"{""source"": ""transactions_a.csv"", ""channel"": ""Mobile"", ""tx_type"": ""purchase"", ""currency"": ""USD"", ""amount"": 46.17, ""amount_in_usd"": 46.17}",No action (low risk cleared),Pending review,Awaiting investigator
TXN_117403,2026-09-18 12:10:43 UTC,0.0334,No high-risk rules triggered,Model finds this transaction low risk with no strong anomaly indicators (score 0.033),"{""source"": ""transactions_a.csv"", ""channel"": ""POS"", ""tx_type"": ""purchase"", ""currency"": ""USD"", ""amount"": 37.72, ""amount_in_usd"": 37.72}",No action (low risk cleared),Pending review,Awaiting investigator
TXN_454522,2026-09-18 12:10:43 UTC,0.0255,No high-risk rules triggered,Model finds this transaction low risk with no strong anomaly indicators (score 0.025),"{""source"": ""transactions_a.csv"", ""channel"": ""Mobile"", ""tx_type"": ""purchase"", ""currency"": ""USD"", ""amount"": 7.03, ""amount_in_usd"": 7.03}",No action (low risk cleared),Pending review,Awaiting investigator
TXN_209445,2026-09-18 12:10:43 UTC,0.0175,Weekend transaction,Model finds this transaction low risk due to weekend timing (score 0.018),"{""source"": ""transactions_a.csv"", ""channel"": ""Mobile"", ""tx_type"": ""purchase"", ""currency"": ""USD"", ""amount"": 11.9, ""amount_in_usd"": 11.9}",No action (low risk cleared),Pending review,Awaiting investigator
TXN_579362,2026-09-18 12:10:43 UTC,0.0137,No high-risk rules triggered,Model finds this transaction low risk with no strong anomaly indicators (score 0.014),"{""source"": ""transactions_a.csv"", ""channel"": ""Mobile"", ""tx_type"": ""withdrawal"", ""currency"": ""USD"", ""amount"": 34.66, ""amount_in_usd"": 34.66}",No action (low risk cleared),Pending review,Awaiting investigator
TXN_304544,2026-09-18 12:10:43 UTC,0.0435,No high-risk rules triggered,Model finds this transaction low risk with no strong anomaly indicators (score 0.043),"{""source"": ""transactions_a.csv"", ""channel"": ""Online"", ""tx_type"": ""transfer"", ""currency"": ""USD"", ""amount"": 4.19, ""amount_in_usd"": 4.19}",No action (low risk cleared),Pending review,Awaiting investigator
TXN_843880,2026-09-18 12:10:43 UTC,0.0574,Weekend transaction,Model finds this transaction low risk due to weekend timing (score 0.057),"{""source"": ""transactions_a.csv"", ""channel"": ""Online"", ""tx_type"": ""purchase"", ""currency"": ""USD"", ""amount"": 38.98, ""amount_in_usd"": 38.98}",No action (low risk cleared),Pending review,Awaiting investigator
TXN_491837,2026-09-18 12:10:43 UTC,0.0833,Online + international (typical fraud vector); Late-night online purchase,Model finds this transaction low risk due to online and international (score 0.083),"{""source"": ""transactions_a.csv"", ""channel"": ""Online"", ""tx_type"": ""transfer"", ""currency"": ""USD"", ""amount"": 39.48, ""amount_in_usd"": 39.48}",No action (low risk cleared),Pending review,Awaiting investigator
TXN_562135,2026-09-18 12:10:43 UTC,0.0479,No high-risk rules triggered,Model finds this transaction low risk with no strong anomaly indicators (score 0.048),"{""source"": ""transactions_a.csv"", ""channel"": ""POS"", ""tx_type"": ""purchase"", ""currency"": ""USD"", ""amount"": 15.69, ""amount_in_usd"": 15.69}",No action (low risk cleared),Pending review,Awaiting investigator
TXN_327730,2026-09-18 12:10:43 UTC,0.0333,No high-risk rules triggered,Model finds this transaction low risk with no strong anomaly indicators (score 0.033),"{""source"": ""transactions_a.csv"", ""channel"": ""POS"", ""tx_type"": ""payment"", ""currency"": ""USD"", ""amount"": 80.87, ""amount_in_usd"": 80.87}",No action (low risk cleared),Pending review,Awaiting investigator
TXN_669560,2026-09-18 12:10:43 UTC,0.0381,Online + international (typical fraud vector),Model finds this transaction low risk due to online and international (score 0.038),"{""source"": ""transactions_a.csv"", ""channel"": ""Branch"", ""tx_type"": ""transfer"", ""currency"": ""USD"", ""amount"": 21.74, ""amount_in_usd"": 21.74}",No action (low risk cleared),Pending review,Awaiting investigator
TXN_540721,2026-09-18 12:10:43 UTC,0.0514,No high-risk rules triggered,Model finds this transaction low risk with no strong anomaly indicators (score 0.051),"{""source"": ""transactions_a.csv"", ""channel"": ""Online"", ""tx_type"": ""payment"", ""currency"": ""USD"", ""amount"": 63.66, ""amount_in_usd"": 63.66}",No action (low risk cleared),Pending review,Awaiting investigator
TXN_744158,2026-09-18 12:10:43 UTC,0.0378,No high-risk rules triggered,Model finds this transaction low risk with no strong anomaly indicators (score 0.038),"{""source"": ""transactions_a.csv"", ""channel"": ""Online"", ""tx_type"": ""purchase"", ""currency"": ""USD"", ""amount"": 30.0, ""amount_in_usd"": 30.0}",No action (low risk cleared),Pending review,Awaiting investigator
TXN_673249,2026-09-18 12:10:43 UTC,0.0359,Weekend transaction,Model finds this transaction low risk due to weekend timing (score 0.036),"{""source"": ""transactions_a.csv"", ""channel"": ""POS"", ""tx_type"": ""payment"", ""currency"": ""USD"", ""amount"": 13.37, ""amount_in_usd"": 13.37}",No action (low risk cleared),Pending review,Awaiting investigator
TXN_609831,2026-09-18 12:10:43 UTC,0.0243,No high-risk rules triggered,Model finds this transaction low risk with no strong anomaly indicators (score 0.024),"{""source"": ""transactions_a.csv"", ""channel"": ""POS"", ""tx_type"": ""purchase"", ""currency"": ""USD"", ""amount"": 78.36, ""amount_in_usd"": 78.36}",No action (low risk cleared),Pending review,Awaiting investigator
TXN_197273,2026-09-18 12:10:43 UTC,0.0366,No high-risk rules triggered,Model finds this transaction low risk with no strong anomaly indicators (score 0.037),"{""source"": ""transactions_a.csv"", ""channel"": ""Branch"", ""tx_type"": ""purchase"", ""currency"": ""USD"", ""amount"": 124.22, ""amount_in_usd"": 124.22}",No action (low risk cleared),Pending review,Awaiting investigator
TXN_358336,2026-09-18 12:10:43 UTC,0.0219,Weekend transaction,Model finds this transaction low risk due to weekend timing (score 0.022),"{""source"": ""transactions_a.csv"", ""channel"": ""Online"", ""tx_type"": ""transfer"", ""currency"": ""USD"", ""amount"": 10.97, ""amount_in_usd"": 10.97}",No action (low risk cleared),Pending review,Awaiting investigator
TXN_950968,2026-09-18 12:10:43 UTC,0.0625,Weekend transaction; Online + international (typical fraud vector),"Model finds this transaction low risk due to online and international, weekend timing (score 0.062)","{""source"": ""transactions_a.csv"", ""channel"": ""POS"", ""tx_type"": ""transfer"", ""currency"": ""USD"", ""amount"": 53.22, ""amount_in_usd"": 53.22}",No action (low risk cleared),Pending review,Awaiting investigator
TXN_276930,2026-09-18 12:10:43 UTC,0.0353,Weekend transaction,Model finds this transaction low risk due to weekend timing (score 0.035),"{""source"": ""transactions_a.csv"", ""channel"": ""Online"", ""tx_type"": ""withdrawal"", ""currency"": ""USD"", ""amount"": 7.73, ""amount_in_usd"": 7.73}",No action (low risk cleared),Pending review,Awaiting investigator
TXN_586376,2026-09-18 12:10:43 UTC,0.0459,No high-risk rules triggered,Model finds this transaction low risk with no strong anomaly indicators (score 0.046),"{""source"": ""transactions_a.csv"", ""channel"": ""ATM"", ""tx_type"": ""purchase"", ""currency"": ""USD"", ""amount"": 3.68, ""amount_in_usd"": 3.68}",No action (low risk cleared),Pending review,Awaiting investigator
TXN_286122,2026-09-18 12:10:43 UTC,0.0393,Weekend transaction,Model finds this transaction low risk due to weekend timing (score 0.039),"{""source"": ""transactions_a.csv"", ""channel"": ""POS"", ""tx_type"": ""purchase"", ""currency"": ""USD"", ""amount"": 78.75, ""amount_in_usd"": 78.75}",No action (low risk cleared),Pending review,Awaiting investigator
TXN_494719,2026-09-18 12:10:43 UTC,0.0844,Weekend transaction,Model finds this transaction low risk due to weekend timing (score 0.084),"{""source"": ""transactions_a.csv"", ""channel"": ""Mobile"", ""tx_type"": ""purchase"", ""currency"": ""USD"", ""amount"": 144.94, ""amount_in_usd"": 144.94}",No action (low risk cleared),Pending review,Awaiting investigator
TXN_109255,2026-09-18 12:10:43 UTC,0.0635,Weekend transaction,Model finds this transaction low risk due to weekend timing (score 0.064),"{""source"": ""transactions_a.csv"", ""channel"": ""Mobile"", ""tx_type"": ""purchase"", ""currency"": ""USD"", ""amount"": 3.35, ""amount_in_usd"": 3.35}",No action (low risk cleared),Pending review,Awaiting investigator
TXN_507335,2026-09-18 12:10:43 UTC,0.0466,No high-risk rules triggered,Model finds this transaction low risk with no strong anomaly indicators (score 0.047),"{""source"": ""transactions_a.csv"", ""channel"": ""Online"", ""tx_type"": ""payment"", ""currency"": ""USD"", ""amount"": 12.46, ""amount_in_usd"": 12.46}",No action (low risk cleared),Pending review,Awaiting investigator
TXN_860907,2026-09-18 12:10:43 UTC,0.0231,Weekend transaction,Model finds this transaction low risk due to weekend timing (score 0.023),"{""source"": ""transactions_a.csv"", ""channel"": ""Mobile"", ""tx_type"": ""purchase"", ""currency"": ""USD"", ""amount"": 7.78, ""amount_in_usd"": 7.78}",No action (low risk cleared),Pending review,Awaiting investigator
TXN_866241,2026-09-18 12:10:43 UTC,0.0509,Online + international (typical fraud vector),Model finds this transaction low risk due to online and international (score 0.051),"{""source"": ""transactions_a.csv"", ""channel"": ""ATM"", ""tx_type"": ""purchase"", ""currency"": ""USD"", ""amount"": 40.02, ""amount_in_usd"": 40.02}",No action (low risk cleared),Pending review,Awaiting investigator
TXN_746183,2026-09-18 12:10:43 UTC,0.0588,Weekend transaction; Online + international (typical fraud vector),"Model finds this transaction low risk due to online and international, weekend timing (score 0.059)","{""source"": ""transactions_a.csv"", ""channel"": ""POS"", ""tx_type"": ""purchase"", ""currency"": ""USD"", ""amount"": 67.33, ""amount_in_usd"": 67.33}",No action (low risk cleared),Pending review,Awaiting investigator
TXN_971075,2026-09-18 12:10:43 UTC,0.0484,No high-risk rules triggered,Model finds this transaction low risk with no strong anomaly indicators (score 0.048),"{""source"": ""transactions_a.csv"", ""channel"": ""Online"", ""tx_type"": ""purchase"", ""currency"": ""USD"", ""amount"": 221.6, ""amount_in_usd"": 221.6}",No action (low risk cleared),Pending review,Awaiting investigator
TXN_121223,2026-09-18 12:10:43 UTC,0.0343,No high-risk rules triggered,Model finds this transaction low risk with no strong anomaly indicators (score 0.034),"{""source"": ""transactions_a.csv"", ""channel"": ""Online"", ""tx_type"": ""transfer"", ""currency"": ""USD"", ""amount"": 135.98, ""amount_in_usd"": 135.98}",No action (low risk cleared),Pending review,Awaiting investigator
TXN_592973,2026-09-18 12:10:43 UTC,0.0891,Weekend transaction; Online + international (typical fraud vector),"Model finds this transaction low risk due to online and international, weekend timing (score 0.089)","{""source"": ""transactions_a.csv"", ""channel"": ""ATM"", ""tx_type"": ""transfer"", ""currency"": ""USD"", ""amount"": 184.14, ""amount_in_usd"": 184.14}",No action (low risk cleared),Pending review,Awaiting investigator
TXN_175750,2026-09-18 12:10:43 UTC,0.0249,No high-risk rules triggered,Model finds this transaction low risk with no strong anomaly indicators (score 0.025),"{""source"": ""transactions_a.csv"", ""channel"": ""Branch"", ""tx_type"": ""purchase"", ""currency"": ""USD"", ""amount"": 27.92, ""amount_in_usd"": 27.92}",No action (low risk cleared),Pending review,Awaiting investigator
TXN_396233,2026-09-18 12:10:43 UTC,0.0358,No high-risk rules triggered,Model finds this transaction low risk with no strong anomaly indicators (score 0.036),"{""source"": ""transactions_a.csv"", ""channel"": ""Online"", ""tx_type"": ""withdrawal"", ""currency"": ""USD"", ""amount"": 150.23, ""amount_in_usd"": 150.23}",No action (low risk cleared),Pending review,Awaiting investigator
TXN_660931,2026-09-18 12:10:43 UTC,0.8077,No high-risk rules triggered,Model strongly flags this transaction with no strong anomaly indicators (score 0.808),"{""source"": ""transactions_a.csv"", ""channel"": ""Online"", ""tx_type"": ""purchase"", ""currency"": ""USD"", ""amount"": 112.23, ""amount_in_usd"": 112.23}",Flagged for review,Pending review,Awaiting investigator
TXN_704972,2026-09-18 12:10:43 UTC,0.0183,No high-risk rules triggered,Model finds this transaction low risk with no strong anomaly indicators (score 0.018),"{""source"": ""transactions_a.csv"", ""channel"": ""Online"", ""tx_type"": ""purchase"", ""currency"": ""USD"", ""amount"": 12.89, ""amount_in_usd"": 12.89}",No action (low risk cleared),Pending review,Awaiting investigator
TXN_448749,2026-09-18 12:10:43 UTC,0.0263,No high-risk rules triggered,Model finds this transaction low risk with no strong anomaly indicators (score 0.026),"{""source"": ""transactions_a.csv"", ""channel"": ""Branch"", ""tx_type"": ""withdrawal"", ""currency"": ""USD"", ""amount"": 37.79, ""amount_in_usd"": 37.79}",No action (low risk cleared),Pending review,Awaiting investigator
TXN_816457,2026-09-18 12:10:43 UTC,0.0434,No high-risk rules triggered,Model finds this transaction low risk with no strong anomaly indicators (score 0.043),"{""source"": ""transactions_a.csv"", ""channel"": ""Online"", ""tx_type"": ""purchase"", ""currency"": ""USD"", ""amount"": 29.16, ""amount_in_usd"": 29.16}",No action (low risk cleared),Pending review,Awaiting investigator
TXN_237312,2026-09-18 12:10:43 UTC,0.1017,Weekend transaction; Late-night online purchase,Model finds this transaction low risk due to weekend timing (score 0.102),"{""source"": ""transactions_a.csv"", ""channel"": ""Branch"", ""tx_type"": ""purchase"", ""currency"": ""USD"", ""amount"": 6.47, ""amount_in_usd"": 6.47}",No action (low risk cleared),Pending review,Awaiting investigator
TXN_973118,2026-09-18 12:10:43 UTC,0.1405,"Unusual hour (night, outside 06:00-22:00); Weekend transaction","Model finds this transaction low risk due to occurred at night, weekend timing (score 0.141)","{""source"": ""transactions_a.csv"", ""channel"": ""Mobile"", ""tx_type"": ""withdrawal"", ""currency"": ""USD"", ""amount"": 5.11, ""amount_in_usd"": 5.11}",No action (low risk cleared),Pending review,Awaiting investigator
TXN_346185,2026-09-18 12:10:43 UTC,0.0719,Weekend transaction,Model finds this transaction low risk due to weekend timing (score 0.072),"{""source"": ""transactions_a.csv"", ""channel"": ""Online"", ""tx_type"": ""purchase"", ""currency"": ""USD"", ""amount"": 93.47, ""amount_in_usd"": 93.47}",No action (low risk cleared),Pending review,Awaiting investigator
TXN_787580,2026-09-18 12:10:43 UTC,0.0198,Weekend transaction,Model finds this transaction low risk due to weekend timing (score 0.020),"{""source"": ""transactions_a.csv"", ""channel"": ""Online"", ""tx_type"": ""purchase"", ""currency"": ""USD"", ""amount"": 16.77, ""amount_in_usd"": 16.77}",No action (low risk cleared),Pending review,Awaiting investigator
TXN_375378,2026-09-18 12:10:43 UTC,0.0650,Weekend transaction,Model finds this transaction low risk due to weekend timing (score 0.065),"{""source"": ""transactions_a.csv"", ""channel"": ""POS"", ""tx_type"": ""payment"", ""currency"": ""USD"", ""amount"": 196.47, ""amount_in_usd"": 196.47}",No action (low risk cleared),Pending review,Awaiting investigator
TXN_342814,2026-09-18 12:10:43 UTC,0.0162,No high-risk rules triggered,Model finds this transaction low risk with no strong anomaly indicators (score 0.016),"{""source"": ""transactions_a.csv"", ""channel"": ""POS"", ""tx_type"": ""transfer"", ""currency"": ""USD"", ""amount"": 48.22, ""amount_in_usd"": 48.22}",No action (low risk cleared),Pending review,Awaiting investigator
TXN_700422,2026-09-18 12:10:43 UTC,0.0555,No high-risk rules triggered,Model finds this transaction low risk with no strong anomaly indicators (score 0.056),"{""source"": ""transactions_a.csv"", ""channel"": ""Online"", ""tx_type"": ""purchase"", ""currency"": ""USD"", ""amount"": 246.1, ""amount_in_usd"": 246.1}",No action (low risk cleared),Pending review,Awaiting investigator
TXN_606370,2026-09-18 12:10:43 UTC,0.0410,Weekend transaction,Model finds this transaction low risk due to weekend timing (score 0.041),"{""source"": ""transactions_a.csv"", ""channel"": ""POS"", ""tx_type"": ""purchase"", ""currency"": ""USD"", ""amount"": 75.5, ""amount_in_usd"": 75.5}",No action (low risk cleared),Pending review,Awaiting investigator
TXN_907996,2026-09-18 12:10:43 UTC,0.0282,No high-risk rules triggered,Model finds this transaction low risk with no strong anomaly indicators (score 0.028),"{""source"": ""transactions_a.csv"", ""channel"": ""Online"", ""tx_type"": ""withdrawal"", ""currency"": ""USD"", ""amount"": 15.84, ""amount_in_usd"": 15.84}",No action (low risk cleared),Pending review,Awaiting investigator
TXN_403000,2026-09-18 12:10:43 UTC,0.0339,No high-risk rules triggered,Model finds this transaction low risk with no strong anomaly indicators (score 0.034),"{""source"": ""transactions_a.csv"", ""channel"": ""Online"", ""tx_type"": ""withdrawal"", ""currency"": ""USD"", ""amount"": 124.98, ""amount_in_usd"": 124.98}",No action (low risk cleared),Pending review,Awaiting investigator
TXN_933264,2026-09-18 12:10:43 UTC,0.0191,No high-risk rules triggered,Model finds this transaction low risk with no strong anomaly indicators (score 0.019),"{""source"": ""transactions_a.csv"", ""channel"": ""Online"", ""tx_type"": ""withdrawal"", ""currency"": ""USD"", ""amount"": 39.33, ""amount_in_usd"": 39.33}",No action (low risk cleared),Pending review,Awaiting investigator
TXN_356705,2026-09-18 12:10:43 UTC,0.0359,No high-risk rules triggered,Model finds this transaction low risk with no strong anomaly indicators (score 0.036),"{""source"": ""transactions_a.csv"", ""channel"": ""Mobile"", ""tx_type"": ""payment"", ""currency"": ""USD"", ""amount"": 18.06, ""amount_in_usd"": 18.06}",No action (low risk cleared),Pending review,Awaiting investigator
TXN_695420,2026-09-18 12:10:43 UTC,0.0375,No high-risk rules triggered,Model finds this transaction low risk with no strong anomaly indicators (score 0.037),"{""source"": ""transactions_a.csv"", ""channel"": ""Online"", ""tx_type"": ""transfer"", ""currency"": ""USD"", ""amount"": 150.44, ""amount_in_usd"": 150.44}",No action (low risk cleared),Pending review,Awaiting investigator
TXN_116005,2026-09-18 12:10:43 UTC,0.0098,No high-risk rules triggered,Model finds this transaction low risk with no strong anomaly indicators (score 0.010),"{""source"": ""transactions_a.csv"", ""channel"": ""Online"", ""tx_type"": ""purchase"", ""currency"": ""USD"", ""amount"": 78.09, ""amount_in_usd"": 78.09}",No action (low risk cleared),Pending review,Awaiting investigator
TXN_468111,2026-09-18 12:10:43 UTC,0.0453,Weekend transaction,Model finds this transaction low risk due to weekend timing (score 0.045),"{""source"": ""transactions_a.csv"", ""channel"": ""Branch"", ""tx_type"": ""withdrawal"", ""currency"": ""USD"", ""amount"": 109.07, ""amount_in_usd"": 109.07}",No action (low risk cleared),Pending review,Awaiting investigator
TXN_557453,2026-09-18 12:10:43 UTC,0.0162,No high-risk rules triggered,Model finds this transaction low risk with no strong anomaly indicators (score 0.016),"{""source"": ""transactions_a.csv"", ""channel"": ""Mobile"", ""tx_type"": ""purchase"", ""currency"": ""USD"", ""amount"": 26.23, ""amount_in_usd"": 26.23}",No action (low risk cleared),Pending review,Awaiting investigator
TXN_229355,2026-09-18 12:10:43 UTC,0.0369,No high-risk rules triggered,Model finds this transaction low risk with no strong anomaly indicators (score 0.037),"{""source"": ""transactions_a.csv"", ""channel"": ""Mobile"", ""tx_type"": ""purchase"", ""currency"": ""USD"", ""amount"": 32.66, ""amount_in_usd"": 32.66}",No action (low risk cleared),Pending review,Awaiting investigator
TXN_328243,2026-09-18 12:10:43 UTC,0.0466,No high-risk rules triggered,Model finds this transaction low risk with no strong anomaly indicators (score 0.047),"{""source"": ""transactions_a.csv"", ""channel"": ""Mobile"", ""tx_type"": ""withdrawal"", ""currency"": ""USD"", ""amount"": 7.48, ""amount_in_usd"": 7.48}",No action (low risk cleared),Pending review,Awaiting investigator
TXN_641365,2026-09-18 12:10:43 UTC,0.0793,Weekend transaction,Model finds this transaction low risk due to weekend timing (score 0.079),"{""source"": ""transactions_a.csv"", ""channel"": ""ATM"", ""tx_type"": ""payment"", ""currency"": ""USD"", ""amount"": 93.79, ""amount_in_usd"": 93.79}",No action (low risk cleared),Pending review,Awaiting investigator
TXN_590394,2026-09-18 12:10:43 UTC,0.9075,"Unusual hour (night, outside 06:00-22:00); Weekend transaction; Online + international (typical fraud vector); Late-night online purchase","Model strongly flags this transaction due to occurred at night, online and international, weekend timing (score 0.907)","{""source"": ""transactions_a.csv"", ""channel"": ""POS"", ""tx_type"": ""purchase"", ""currency"": ""USD"", ""amount"": 46.39, ""amount_in_usd"": 46.39}",Flagged for review,Pending review,Awaiting investigator
TXN_132028,2026-09-18 12:10:43 UTC,0.0441,No high-risk rules triggered,Model finds this transaction low risk with no strong anomaly indicators (score 0.044),"{""source"": ""transactions_a.csv"", ""channel"": ""POS"", ""tx_type"": ""withdrawal"", ""currency"": ""USD"", ""amount"": 7.01, ""amount_in_usd"": 7.01}",No action (low risk cleared),Pending review,Awaiting investigator
TXN_559456,2026-09-18 12:10:43 UTC,0.0260,Weekend transaction,Model finds this transaction low risk due to weekend timing (score 0.026),"{""source"": ""transactions_a.csv"", ""channel"": ""Online"", ""tx_type"": ""withdrawal"", ""currency"": ""USD"", ""amount"": 19.58, ""amount_in_usd"": 19.58}",No action (low risk cleared),Pending review,Awaiting investigator
TXN_532165,2026-09-18 12:10:43 UTC,0.0259,No high-risk rules triggered,Model finds this transaction low risk with no strong anomaly indicators (score 0.026),"{""source"": ""transactions_a.csv"", ""channel"": ""Online"", ""tx_type"": ""purchase"", ""currency"": ""USD"", ""amount"": 44.91, ""amount_in_usd"": 44.91}",No action (low risk cleared),Pending review,Awaiting investigator
TXN_261327,2026-09-18 12:10:43 UTC,0.0460,No high-risk rules triggered,Model finds this transaction low risk with no strong anomaly indicators (score 0.046),"{""source"": ""transactions_a.csv"", ""channel"": ""POS"", ""tx_type"": ""withdrawal"", ""currency"": ""USD"", ""amount"": 4.21, ""amount_in_usd"": 4.21}",No action (low risk cleared),Pending review,Awaiting investigator
TXN_596064,2026-09-18 12:10:43 UTC,0.0504,No high-risk rules triggered,Model finds this transaction low risk with no strong anomaly indicators (score 0.050),"{""source"": ""transactions_a.csv"", ""channel"": ""Online"", ""tx_type"": ""payment"", ""currency"": ""USD"", ""amount"": 4.29, ""amount_in_usd"": 4.29}",No action (low risk cleared),Pending review,Awaiting investigator
TXN_343617,2026-09-18 12:10:43 UTC,0.0180,No high-risk rules triggered,Model finds this transaction low risk with no strong anomaly indicators (score 0.018),"{""source"": ""transactions_a.csv"", ""channel"": ""Branch"", ""tx_type"": ""purchase"", ""currency"": ""USD"", ""amount"": 13.75, ""amount_in_usd"": 13.75}",No action (low risk cleared),Pending review,Awaiting investigator
TXN_867727,2026-09-18 12:10:43 UTC,0.0084,No high-risk rules triggered,Model finds this transaction low risk with no strong anomaly indicators (score 0.008),"{""source"": ""transactions_a.csv"", ""channel"": ""POS"", ""tx_type"": ""purchase"", ""currency"": ""USD"", ""amount"": 61.3, ""amount_in_usd"": 61.3}",No action (low risk cleared),Pending review,Awaiting investigator
TXN_689186,2026-09-18 12:10:43 UTC,0.0160,No high-risk rules triggered,Model finds this transaction low risk with no strong anomaly indicators (score 0.016),"{""source"": ""transactions_a.csv"", ""channel"": ""Online"", ""tx_type"": ""payment"", ""currency"": ""USD"", ""amount"": 34.49, ""amount_in_usd"": 34.49}",No action (low risk cleared),Pending review,Awaiting investigator
TXN_239915,2026-09-18 12:10:43 UTC,0.0147,No high-risk rules triggered,Model finds this transaction low risk with no strong anomaly indicators (score 0.015),"{""source"": ""transactions_a.csv"", ""channel"": ""POS"", ""tx_type"": ""purchase"", ""currency"": ""USD"", ""amount"": 40.14, ""amount_in_usd"": 40.14}",No action (low risk cleared),Pending review,Awaiting investigator
TXN_877012,2026-09-18 12:10:43 UTC,0.0271,No high-risk rules triggered,Model finds this transaction low risk with no strong anomaly indicators (score 0.027),"{""source"": ""transactions_a.csv"", ""channel"": ""POS"", ""tx_type"": ""withdrawal"", ""currency"": ""USD"", ""amount"": 48.89, ""amount_in_usd"": 48.89}",No action (low risk cleared),Pending review,Awaiting investigator
TXN_410799,2026-09-18 12:10:43 UTC,0.0934,Weekend transaction; Online + international (typical fraud vector),"Model finds this transaction low risk due to online and international, weekend timing (score 0.093)","{""source"": ""transactions_a.csv"", ""channel"": ""POS"", ""tx_type"": ""purchase"", ""currency"": ""USD"", ""amount"": 7.95, ""amount_in_usd"": 7.95}",No action (low risk cleared),Pending review,Awaiting investigator
TXN_374205,2026-09-18 12:10:43 UTC,0.0639,Weekend transaction,Model finds this transaction low risk due to weekend timing (score 0.064),"{""source"": ""transactions_a.csv"", ""channel"": ""ATM"", ""tx_type"": ""purchase"", ""currency"": ""USD"", ""amount"": 6.71, ""amount_in_usd"": 6.71}",No action (low risk cleared),Pending review,Awaiting investigator
TXN_696791,2026-09-18 12:10:43 UTC,0.0547,Weekend transaction,Model finds this transaction low risk due to weekend timing (score 0.055),"{""source"": ""transactions_a.csv"", ""channel"": ""POS"", ""tx_type"": ""purchase"", ""currency"": ""USD"", ""amount"": 8.73, ""amount_in_usd"": 8.73}",No action (low risk cleared),Pending review,Awaiting investigator
TXN_958436,2026-09-18 12:10:43 UTC,0.0792,No high-risk rules triggered,Model finds this transaction low risk with no strong anomaly indicators (score 0.079),"{""source"": ""transactions_a.csv"", ""channel"": ""ATM"", ""tx_type"": ""withdrawal"", ""currency"": ""USD"", ""amount"": 209.58, ""amount_in_usd"": 209.58}",No action (low risk cleared),Pending review,Awaiting investigator
TXN_210282,2026-09-18 12:10:43 UTC,0.0251,No high-risk rules triggered,Model finds this transaction low risk with no strong anomaly indicators (score 0.025),"{""source"": ""transactions_a.csv"", ""channel"": ""ATM"", ""tx_type"": ""transfer"", ""currency"": ""USD"", ""amount"": 13.19, ""amount_in_usd"": 13.19}",No action (low risk cleared),Pending review,Awaiting investigator
TXN_242633,2026-09-18 12:10:43 UTC,0.0514,Online + international (typical fraud vector),Model finds this transaction low risk due to online and international (score 0.051),"{""source"": ""transactions_a.csv"", ""channel"": ""Online"", ""tx_type"": ""purchase"", ""currency"": ""USD"", ""amount"": 15.12, ""amount_in_usd"": 15.12}",No action (low risk cleared),Pending review,Awaiting investigator
TXN_653388,2026-09-18 12:10:43 UTC,0.0667,No high-risk rules triggered,Model finds this transaction low risk with no strong anomaly indicators (score 0.067),"{""source"": ""transactions_a.csv"", ""channel"": ""POS"", ""tx_type"": ""purchase"", ""currency"": ""USD"", ""amount"": 4.11, ""amount_in_usd"": 4.11}",No action (low risk cleared),Pending review,Awaiting investigator
TXN_697489,2026-09-18 12:10:43 UTC,0.0874,No high-risk rules triggered,Model finds this transaction low risk with no strong anomaly indicators (score 0.087),"{""source"": ""transactions_a.csv"", ""channel"": ""Mobile"", ""tx_type"": ""withdrawal"", ""currency"": ""USD"", ""amount"": 107.96, ""amount_in_usd"": 107.96}",No action (low risk cleared),Pending review,Awaiting investigator
TXN_132705,2026-09-18 12:10:43 UTC,0.0323,No high-risk rules triggered,Model finds this transaction low risk with no strong anomaly indicators (score 0.032),"{""source"": ""transactions_a.csv"", ""channel"": ""POS"", ""tx_type"": ""purchase"", ""currency"": ""USD"", ""amount"": 111.64, ""amount_in_usd"": 111.64}",No action (low risk cleared),Pending review,Awaiting investigator
TXN_436784,2026-09-18 12:10:43 UTC,0.0696,No high-risk rules triggered,Model finds this transaction low risk with no strong anomaly indicators (score 0.070),"{""source"": ""transactions_a.csv"", ""channel"": ""ATM"", ""tx_type"": ""payment"", ""currency"": ""USD"", ""amount"": 120.63, ""amount_in_usd"": 120.63}",No action (low risk cleared),Pending review,Awaiting investigator
TXN_997937,2026-09-18 12:10:43 UTC,0.1031,No high-risk rules triggered,Model finds this transaction low risk with no strong anomaly indicators (score 0.103),"{""source"": ""transactions_a.csv"", ""channel"": ""Online"", ""tx_type"": ""withdrawal"", ""currency"": ""USD"", ""amount"": 405.79, ""amount_in_usd"": 405.79}",No action (low risk cleared),Pending review,Awaiting investigator
TXN_362828,2026-09-18 12:10:43 UTC,0.0325,No high-risk rules triggered,Model finds this transaction low risk with no strong anomaly indicators (score 0.033),"{""source"": ""transactions_a.csv"", ""channel"": ""POS"", ""tx_type"": ""purchase"", ""currency"": ""USD"", ""amount"": 101.61, ""amount_in_usd"": 101.61}",No action (low risk cleared),Pending review,Awaiting investigator
TXN_133825,2026-09-18 12:10:43 UTC,0.0405,No high-risk rules triggered,Model finds this transaction low risk with no strong anomaly indicators (score 0.041),"{""source"": ""transactions_a.csv"", ""channel"": ""POS"", ""tx_type"": ""withdrawal"", ""currency"": ""USD"", ""amount"": 19.35, ""amount_in_usd"": 19.35}",No action (low risk cleared),Pending review,Awaiting investigator
TXN_407356,2026-09-18 12:10:43 UTC,0.0164,Weekend transaction,Model finds this transaction low risk due to weekend timing (score 0.016),"{""source"": ""transactions_a.csv"", ""channel"": ""Branch"", ""tx_type"": ""purchase"", ""currency"": ""USD"", ""amount"": 28.89, ""amount_in_usd"": 28.89}",No action (low risk cleared),Pending review,Awaiting investigator
TXN_207790,2026-09-18 12:10:43 UTC,0.9657,"Amount exceeds 150% of available balance; Unusual hour (night, outside 06:00-22:00); Transaction drove balance negative","Model strongly flags this transaction due to amount far exceeds balance, occurred at night, left balance negative (score 0.966)","{""source"": ""transactions_a.csv"", ""channel"": ""POS"", ""tx_type"": ""withdrawal"", ""currency"": ""USD"", ""amount"": 1475.81, ""amount_in_usd"": 1475.81}",Flagged for review,Pending review,Awaiting investigator
TXN_222620,2026-09-18 12:10:43 UTC,0.0388,Weekend transaction,Model finds this transaction low risk due to weekend timing (score 0.039),"{""source"": ""transactions_a.csv"", ""channel"": ""Online"", ""tx_type"": ""purchase"", ""currency"": ""USD"", ""amount"": 60.02, ""amount_in_usd"": 60.02}",No action (low risk cleared),Pending review,Awaiting investigator
TXN_950663,2026-09-18 12:10:43 UTC,0.0354,No high-risk rules triggered,Model finds this transaction low risk with no strong anomaly indicators (score 0.035),"{""source"": ""transactions_a.csv"", ""channel"": ""Online"", ""tx_type"": ""withdrawal"", ""currency"": ""USD"", ""amount"": 12.04, ""amount_in_usd"": 12.04}",No action (low risk cleared),Pending review,Awaiting investigator
TXN_351778,2026-09-18 12:10:43 UTC,0.0813,Online + international (typical fraud vector),Model finds this transaction low risk due to online and international (score 0.081),"{""source"": ""transactions_a.csv"", ""channel"": ""Mobile"", ""tx_type"": ""purchase"", ""currency"": ""USD"", ""amount"": 125.83, ""amount_in_usd"": 125.83}",No action (low risk cleared),Pending review,Awaiting investigator
TXN_877163,2026-09-18 12:10:43 UTC,0.0413,Weekend transaction,Model finds this transaction low risk due to weekend timing (score 0.041),"{""source"": ""transactions_a.csv"", ""channel"": ""Online"", ""tx_type"": ""purchase"", ""currency"": ""USD"", ""amount"": 77.54, ""amount_in_usd"": 77.54}",No action (low risk cleared),Pending review,Awaiting investigator
TXN_915690,2026-09-18 12:10:43 UTC,0.1744,Weekend transaction; Late-night online purchase,Model finds this transaction low risk due to weekend timing (score 0.174),"{""source"": ""transactions_a.csv"", ""channel"": ""POS"", ""tx_type"": ""purchase"", ""currency"": ""USD"", ""amount"": 94.12, ""amount_in_usd"": 94.12}",No action (low risk cleared),Pending review,Awaiting investigator
TXN_241582,2026-09-18 12:10:43 UTC,0.0037,No high-risk rules triggered,Model finds this transaction low risk with no strong anomaly indicators (score 0.004),"{""source"": ""transactions_a.csv"", ""channel"": ""POS"", ""tx_type"": ""purchase"", ""currency"": ""USD"", ""amount"": 65.18, ""amount_in_usd"": 65.18}",No action (low risk cleared),Pending review,Awaiting investigator
TXN_817790,2026-09-18 12:10:43 UTC,0.0094,No high-risk rules triggered,Model finds this transaction low risk with no strong anomaly indicators (score 0.009),"{""source"": ""transactions_a.csv"", ""channel"": ""Branch"", ""tx_type"": ""purchase"", ""currency"": ""USD"", ""amount"": 10.43, ""amount_in_usd"": 10.43}",No action (low risk cleared),Pending review,Awaiting investigator
TXN_822726,2026-09-18 12:10:43 UTC,0.0538,Weekend transaction,Model finds this transaction low risk due to weekend timing (score 0.054),"{""source"": ""transactions_a.csv"", ""channel"": ""Branch"", ""tx_type"": ""purchase"", ""currency"": ""USD"", ""amount"": 15.73, ""amount_in_usd"": 15.73}",No action (low risk cleared),Pending review,Awaiting investigator
TXN_822586,2026-09-18 12:10:43 UTC,0.0461,No high-risk rules triggered,Model finds this transaction low risk with no strong anomaly indicators (score 0.046),"{""source"": ""transactions_a.csv"", ""channel"": ""POS"", ""tx_type"": ""payment"", ""currency"": ""USD"", ""amount"": 67.93, ""amount_in_usd"": 67.93}",No action (low risk cleared),Pending review,Awaiting investigator
TXN_663587,2026-09-18 12:10:43 UTC,0.0186,No high-risk rules triggered,Model finds this transaction low risk with no strong anomaly indicators (score 0.019),"{""source"": ""transactions_a.csv"", ""channel"": ""POS"", ""tx_type"": ""transfer"", ""currency"": ""USD"", ""amount"": 70.27, ""amount_in_usd"": 70.27}",No action (low risk cleared),Pending review,Awaiting investigator
TXN_342909,2026-09-18 12:10:43 UTC,0.0349,No high-risk rules triggered,Model finds this transaction low risk with no strong anomaly indicators (score 0.035),"{""source"": ""transactions_a.csv"", ""channel"": ""Mobile"", ""tx_type"": ""purchase"", ""currency"": ""USD"", ""amount"": 108.06, ""amount_in_usd"": 108.06}",No action (low risk cleared),Pending review,Awaiting investigator
TXN_914313,2026-09-18 12:10:43 UTC,0.0288,Weekend transaction,Model finds this transaction low risk due to weekend timing (score 0.029),"{""source"": ""transactions_a.csv"", ""channel"": ""POS"", ""tx_type"": ""purchase"", ""currency"": ""USD"", ""amount"": 31.32, ""amount_in_usd"": 31.32}",No action (low risk cleared),Pending review,Awaiting investigator
TXN_742635,2026-09-18 12:10:43 UTC,0.0944,No high-risk rules triggered,Model finds this transaction low risk with no strong anomaly indicators (score 0.094),"{""source"": ""transactions_a.csv"", ""channel"": ""ATM"", ""tx_type"": ""payment"", ""currency"": ""USD"", ""amount"": 4.07, ""amount_in_usd"": 4.07}",No action (low risk cleared),Pending review,Awaiting investigator
TXN_650253,2026-09-18 12:10:43 UTC,0.0102,No high-risk rules triggered,Model finds this transaction low risk with no strong anomaly indicators (score 0.010),"{""source"": ""transactions_a.csv"", ""channel"": ""Mobile"", ""tx_type"": ""purchase"", ""currency"": ""USD"", ""amount"": 84.89, ""amount_in_usd"": 84.89}",No action (low risk cleared),Pending review,Awaiting investigator
TXN_496133,2026-09-18 12:10:43 UTC,0.0327,No high-risk rules triggered,Model finds this transaction low risk with no strong anomaly indicators (score 0.033),"{""source"": ""transactions_a.csv"", ""channel"": ""ATM"", ""tx_type"": ""purchase"", ""currency"": ""USD"", ""amount"": 59.52, ""amount_in_usd"": 59.52}",No action (low risk cleared),Pending review,Awaiting investigator
TXN_785557,2026-09-18 12:10:43 UTC,0.0347,No high-risk rules triggered,Model finds this transaction low risk with no strong anomaly indicators (score 0.035),"{""source"": ""transactions_a.csv"", ""channel"": ""Branch"", ""tx_type"": ""withdrawal"", ""currency"": ""USD"", ""amount"": 19.95, ""amount_in_usd"": 19.95}",No action (low risk cleared),Pending review,Awaiting investigator
TXN_667724,2026-09-18 12:10:43 UTC,0.0494,No high-risk rules triggered,Model finds this transaction low risk with no strong anomaly indicators (score 0.049),"{""source"": ""transactions_a.csv"", ""channel"": ""Online"", ""tx_type"": ""transfer"", ""currency"": ""USD"", ""amount"": 76.29, ""amount_in_usd"": 76.29}",No action (low risk cleared),Pending review,Awaiting investigator
TXN_108233,2026-09-18 12:10:43 UTC,0.0372,No high-risk rules triggered,Model finds this transaction low risk with no strong anomaly indicators (score 0.037),"{""source"": ""transactions_a.csv"", ""channel"": ""Mobile"", ""tx_type"": ""payment"", ""currency"": ""USD"", ""amount"": 111.88, ""amount_in_usd"": 111.88}",No action (low risk cleared),Pending review,Awaiting investigator
TXN_264606,2026-09-18 12:10:43 UTC,0.0606,No high-risk rules triggered,Model finds this transaction low risk with no strong anomaly indicators (score 0.061),"{""source"": ""transactions_a.csv"", ""channel"": ""Mobile"", ""tx_type"": ""purchase"", ""currency"": ""USD"", ""amount"": 54.69, ""amount_in_usd"": 54.69}",No action (low risk cleared),Pending review,Awaiting investigator
TXN_672047,2026-09-18 12:10:43 UTC,0.0659,No high-risk rules triggered,Model finds this transaction low risk with no strong anomaly indicators (score 0.066),"{""source"": ""transactions_a.csv"", ""channel"": ""Mobile"", ""tx_type"": ""purchase"", ""currency"": ""USD"", ""amount"": 2.36, ""amount_in_usd"": 2.36}",No action (low risk cleared),Pending review,Awaiting investigator
TXN_162585,2026-09-18 12:10:43 UTC,0.0746,No high-risk rules triggered,Model finds this transaction low risk with no strong anomaly indicators (score 0.075),"{""source"": ""transactions_a.csv"", ""channel"": ""POS"", ""tx_type"": ""payment"", ""currency"": ""USD"", ""amount"": 3.13, ""amount_in_usd"": 3.13}",No action (low risk cleared),Pending review,Awaiting investigator
TXN_630789,2026-09-18 12:10:43 UTC,0.0366,Weekend transaction,Model finds this transaction low risk due to weekend timing (score 0.037),"{""source"": ""transactions_a.csv"", ""channel"": ""Mobile"", ""tx_type"": ""transfer"", ""currency"": ""USD"", ""amount"": 142.77, ""amount_in_usd"": 142.77}",No action (low risk cleared),Pending review,Awaiting investigator
TXN_420121,2026-09-18 12:10:43 UTC,0.0330,No high-risk rules triggered,Model finds this transaction low risk with no strong anomaly indicators (score 0.033),"{""source"": ""transactions_a.csv"", ""channel"": ""POS"", ""tx_type"": ""purchase"", ""currency"": ""USD"", ""amount"": 53.8, ""amount_in_usd"": 53.8}",No action (low risk cleared),Pending review,Awaiting investigator
TXN_828206,2026-09-18 12:10:43 UTC,0.0424,Weekend transaction,Model finds this transaction low risk due to weekend timing (score 0.042),"{""source"": ""transactions_a.csv"", ""channel"": ""Online"", ""tx_type"": ""purchase"", ""currency"": ""USD"", ""amount"": 44.57, ""amount_in_usd"": 44.57}",No action (low risk cleared),Pending review,Awaiting investigator
TXN_230394,2026-09-18 12:10:43 UTC,0.1028,No high-risk rules triggered,Model finds this transaction low risk with no strong anomaly indicators (score 0.103),"{""source"": ""transactions_a.csv"", ""channel"": ""ATM"", ""tx_type"": ""purchase"", ""currency"": ""USD"", ""amount"": 320.36, ""amount_in_usd"": 320.36}",No action (low risk cleared),Pending review,Awaiting investigator
TXN_825649,2026-09-18 12:10:43 UTC,0.0229,No high-risk rules triggered,Model finds this transaction low risk with no strong anomaly indicators (score 0.023),"{""source"": ""transactions_a.csv"", ""channel"": ""Online"", ""tx_type"": ""purchase"", ""currency"": ""USD"", ""amount"": 24.84, ""amount_in_usd"": 24.84}",No action (low risk cleared),Pending review,Awaiting investigator
TXN_490086,2026-09-18 12:10:43 UTC,0.0654,No high-risk rules triggered,Model finds this transaction low risk with no strong anomaly indicators (score 0.065),"{""source"": ""transactions_a.csv"", ""channel"": ""ATM"", ""tx_type"": ""purchase"", ""currency"": ""USD"", ""amount"": 3.4, ""amount_in_usd"": 3.4}",No action (low risk cleared),Pending review,Awaiting investigator
TXN_513565,2026-09-18 12:10:43 UTC,0.0313,No high-risk rules triggered,Model finds this transaction low risk with no strong anomaly indicators (score 0.031),"{""source"": ""transactions_a.csv"", ""channel"": ""ATM"", ""tx_type"": ""transfer"", ""currency"": ""USD"", ""amount"": 17.03, ""amount_in_usd"": 17.03}",No action (low risk cleared),Pending review,Awaiting investigator
TXN_701233,2026-09-18 12:10:43 UTC,0.0138,No high-risk rules triggered,Model finds this transaction low risk with no strong anomaly indicators (score 0.014),"{""source"": ""transactions_a.csv"", ""channel"": ""Branch"", ""tx_type"": ""transfer"", ""currency"": ""USD"", ""amount"": 56.48, ""amount_in_usd"": 56.48}",No action (low risk cleared),Pending review,Awaiting investigator
TXN_645395,2026-09-18 12:10:43 UTC,0.0716,No high-risk rules triggered,Model finds this transaction low risk with no strong anomaly indicators (score 0.072),"{""source"": ""transactions_b.csv"", ""channel"": ""Branch"", ""tx_type"": ""purchase"", ""currency"": ""USD"", ""amount"": 343.21, ""amount_in_usd"": 343.21}",No action (low risk cleared),Pending review,Awaiting investigator
TXN_180127,2026-09-18 12:10:43 UTC,0.9740,"Unusual hour (night, outside 06:00-22:00); Late-night online purchase",Model strongly flags this transaction due to occurred at night (score 0.974),"{""source"": ""transactions_b.csv"", ""channel"": ""POS"", ""tx_type"": ""payment"", ""currency"": ""USD"", ""amount"": 1579.26, ""amount_in_usd"": 1579.26}",Flagged for review,Pending review,Awaiting investigator
TXN_646098,2026-09-18 12:10:43 UTC,0.0108,No high-risk rules triggered,Model finds this transaction low risk with no strong anomaly indicators (score 0.011),"{""source"": ""transactions_b.csv"", ""channel"": ""POS"", ""tx_type"": ""purchase"", ""currency"": ""USD"", ""amount"": 43.65, ""amount_in_usd"": 43.65}",No action (low risk cleared),Pending review,Awaiting investigator
TXN_620511,2026-09-18 12:10:43 UTC,0.0119,No high-risk rules triggered,Model finds this transaction low risk with no strong anomaly indicators (score 0.012),"{""source"": ""transactions_b.csv"", ""channel"": ""Mobile"", ""tx_type"": ""purchase"", ""currency"": ""USD"", ""amount"": 22.6, ""amount_in_usd"": 22.6}",No action (low risk cleared),Pending review,Awaiting investigator
TXN_448726,2026-09-18 12:10:43 UTC,0.0495,No high-risk rules triggered,Model finds this transaction low risk with no strong anomaly indicators (score 0.050),"{""source"": ""transactions_b.csv"", ""channel"": ""Mobile"", ""tx_type"": ""withdrawal"", ""currency"": ""USD"", ""amount"": 111.98, ""amount_in_usd"": 111.98}",No action (low risk cleared),Pending review,Awaiting investigator
TXN_845420,2026-09-18 12:10:43 UTC,0.0612,No high-risk rules triggered,Model finds this transaction low risk with no strong anomaly indicators (score 0.061),"{""source"": ""transactions_b.csv"", ""channel"": ""Mobile"", ""tx_type"": ""withdrawal"", ""currency"": ""USD"", ""amount"": 3.96, ""amount_in_usd"": 3.96}",No action (low risk cleared),Pending review,Awaiting investigator
TXN_694425,2026-09-18 12:10:43 UTC,0.1463,No high-risk rules triggered,Model finds this transaction low risk with no strong anomaly indicators (score 0.146),"{""source"": ""transactions_b.csv"", ""channel"": ""Branch"", ""tx_type"": ""purchase"", ""currency"": ""USD"", ""amount"": 347.66, ""amount_in_usd"": 347.66}",No action (low risk cleared),Pending review,Awaiting investigator
TXN_762514,2026-09-18 12:10:43 UTC,0.1104,"Unusual hour (night, outside 06:00-22:00)",Model finds this transaction low risk due to occurred at night (score 0.110),"{""source"": ""transactions_b.csv"", ""channel"": ""ATM"", ""tx_type"": ""purchase"", ""currency"": ""USD"", ""amount"": 7.83, ""amount_in_usd"": 7.83}",No action (low risk cleared),Pending review,Awaiting investigator
TXN_250020,2026-09-18 12:10:43 UTC,0.0451,No high-risk rules triggered,Model finds this transaction low risk with no strong anomaly indicators (score 0.045),"{""source"": ""transactions_b.csv"", ""channel"": ""POS"", ""tx_type"": ""purchase"", ""currency"": ""USD"", ""amount"": 148.22, ""amount_in_usd"": 148.22}",No action (low risk cleared),Pending review,Awaiting investigator
TXN_655563,2026-09-18 12:10:43 UTC,0.0474,No high-risk rules triggered,Model finds this transaction low risk with no strong anomaly indicators (score 0.047),"{""source"": ""transactions_b.csv"", ""channel"": ""Mobile"", ""tx_type"": ""withdrawal"", ""currency"": ""USD"", ""amount"": 148.6, ""amount_in_usd"": 148.6}",No action (low risk cleared),Pending review,Awaiting investigator
TXN_195109,2026-09-18 12:10:43 UTC,0.0462,Weekend transaction,Model finds this transaction low risk due to weekend timing (score 0.046),"{""source"": ""transactions_b.csv"", ""channel"": ""POS"", ""tx_type"": ""withdrawal"", ""currency"": ""USD"", ""amount"": 9.11, ""amount_in_usd"": 9.11}",No action (low risk cleared),Pending review,Awaiting investigator
TXN_526723,2026-09-18 12:10:43 UTC,0.0216,No high-risk rules triggered,Model finds this transaction low risk with no strong anomaly indicators (score 0.022),"{""source"": ""transactions_b.csv"", ""channel"": ""POS"", ""tx_type"": ""purchase"", ""currency"": ""USD"", ""amount"": 15.52, ""amount_in_usd"": 15.52}",No action (low risk cleared),Pending review,Awaiting investigator
TXN_617694,2026-09-18 12:10:43 UTC,0.0857,"Unusual hour (night, outside 06:00-22:00)",Model finds this transaction low risk due to occurred at night (score 0.086),"{""source"": ""transactions_b.csv"", ""channel"": ""Online"", ""tx_type"": ""transfer"", ""currency"": ""USD"", ""amount"": 10.88, ""amount_in_usd"": 10.88}",No action (low risk cleared),Pending review,Awaiting investigator
TXN_144873,2026-09-18 12:10:44 UTC,0.0380,No high-risk rules triggered,Model finds this transaction low risk with no strong anomaly indicators (score 0.038),"{""source"": ""transactions_b.csv"", ""channel"": ""POS"", ""tx_type"": ""transfer"", ""currency"": ""USD"", ""amount"": 76.33, ""amount_in_usd"": 76.33}",No action (low risk cleared),Pending review,Awaiting investigator
TXN_626781,2026-09-18 12:10:44 UTC,0.0440,No high-risk rules triggered,Model finds this transaction low risk with no strong anomaly indicators (score 0.044),"{""source"": ""transactions_b.csv"", ""channel"": ""ATM"", ""tx_type"": ""purchase"", ""currency"": ""USD"", ""amount"": 11.41, ""amount_in_usd"": 11.41}",No action (low risk cleared),Pending review,Awaiting investigator
TXN_849687,2026-09-18 12:10:44 UTC,0.0483,No high-risk rules triggered,Model finds this transaction low risk with no strong anomaly indicators (score 0.048),"{""source"": ""transactions_b.csv"", ""channel"": ""Branch"", ""tx_type"": ""payment"", ""currency"": ""USD"", ""amount"": 9.43, ""amount_in_usd"": 9.43}",No action (low risk cleared),Pending review,Awaiting investigator
TXN_349607,2026-09-18 12:10:44 UTC,0.0316,No high-risk rules triggered,Model finds this transaction low risk with no strong anomaly indicators (score 0.032),"{""source"": ""transactions_b.csv"", ""channel"": ""Online"", ""tx_type"": ""transfer"", ""currency"": ""USD"", ""amount"": 32.07, ""amount_in_usd"": 32.07}",No action (low risk cleared),Pending review,Awaiting investigator
TXN_996027,2026-09-18 12:10:44 UTC,0.0569,No high-risk rules triggered,Model finds this transaction low risk with no strong anomaly indicators (score 0.057),"{""source"": ""transactions_b.csv"", ""channel"": ""POS"", ""tx_type"": ""withdrawal"", ""currency"": ""USD"", ""amount"": 154.26, ""amount_in_usd"": 154.26}",No action (low risk cleared),Pending review,Awaiting investigator
TXN_311005,2026-09-18 12:10:44 UTC,0.0233,Weekend transaction,Model finds this transaction low risk due to weekend timing (score 0.023),"{""source"": ""transactions_b.csv"", ""channel"": ""Branch"", ""tx_type"": ""purchase"", ""currency"": ""USD"", ""amount"": 19.14, ""amount_in_usd"": 19.14}",No action (low risk cleared),Pending review,Awaiting investigator
TXN_979518,2026-09-18 12:10:44 UTC,0.0391,No high-risk rules triggered,Model finds this transaction low risk with no strong anomaly indicators (score 0.039),"{""source"": ""transactions_b.csv"", ""channel"": ""Online"", ""tx_type"": ""purchase"", ""currency"": ""USD"", ""amount"": 50.43, ""amount_in_usd"": 50.43}",No action (low risk cleared),Pending review,Awaiting investigator
TXN_915833,2026-09-18 12:10:44 UTC,0.0611,No high-risk rules triggered,Model finds this transaction low risk with no strong anomaly indicators (score 0.061),"{""source"": ""transactions_b.csv"", ""channel"": ""Branch"", ""tx_type"": ""withdrawal"", ""currency"": ""USD"", ""amount"": 94.84, ""amount_in_usd"": 94.84}",No action (low risk cleared),Pending review,Awaiting investigator
TXN_263348,2026-09-18 12:10:44 UTC,0.0469,Weekend transaction,Model finds this transaction low risk due to weekend timing (score 0.047),"{""source"": ""transactions_b.csv"", ""channel"": ""Online"", ""tx_type"": ""withdrawal"", ""currency"": ""USD"", ""amount"": 13.77, ""amount_in_usd"": 13.77}",No action (low risk cleared),Pending review,Awaiting investigator
TXN_428172,2026-09-18 12:10:44 UTC,0.0591,Weekend transaction,Model finds this transaction low risk due to weekend timing (score 0.059),"{""source"": ""transactions_b.csv"", ""channel"": ""POS"", ""tx_type"": ""purchase"", ""currency"": ""USD"", ""amount"": 8.13, ""amount_in_usd"": 8.13}",No action (low risk cleared),Pending review,Awaiting investigator
TXN_126273,2026-09-18 12:10:44 UTC,0.0829,No high-risk rules triggered,Model finds this transaction low risk with no strong anomaly indicators (score 0.083),"{""source"": ""transactions_b.csv"", ""channel"": ""POS"", ""tx_type"": ""purchase"", ""currency"": ""USD"", ""amount"": 8.95, ""amount_in_usd"": 8.95}",No action (low risk cleared),Pending review,Awaiting investigator
TXN_689491,2026-09-18 12:10:44 UTC,0.0268,No high-risk rules triggered,Model finds this transaction low risk with no strong anomaly indicators (score 0.027),"{""source"": ""transactions_b.csv"", ""channel"": ""ATM"", ""tx_type"": ""purchase"", ""currency"": ""USD"", ""amount"": 30.66, ""amount_in_usd"": 30.66}",No action (low risk cleared),Pending review,Awaiting investigator
TXN_798851,2026-09-18 12:10:44 UTC,0.1257,No high-risk rules triggered,Model finds this transaction low risk with no strong anomaly indicators (score 0.126),"{""source"": ""transactions_b.csv"", ""channel"": ""ATM"", ""tx_type"": ""payment"", ""currency"": ""USD"", ""amount"": 123.94, ""amount_in_usd"": 123.94}",No action (low risk cleared),Pending review,Awaiting investigator
TXN_787022,2026-09-18 12:10:44 UTC,0.0282,No high-risk rules triggered,Model finds this transaction low risk with no strong anomaly indicators (score 0.028),"{""source"": ""transactions_b.csv"", ""channel"": ""POS"", ""tx_type"": ""purchase"", ""currency"": ""USD"", ""amount"": 26.65, ""amount_in_usd"": 26.65}",No action (low risk cleared),Pending review,Awaiting investigator
TXN_352887,2026-09-18 12:10:44 UTC,0.0314,Weekend transaction,Model finds this transaction low risk due to weekend timing (score 0.031),"{""source"": ""transactions_b.csv"", ""channel"": ""Branch"", ""tx_type"": ""payment"", ""currency"": ""USD"", ""amount"": 70.77, ""amount_in_usd"": 70.77}",No action (low risk cleared),Pending review,Awaiting investigator
TXN_316575,2026-09-18 12:10:44 UTC,0.0402,No high-risk rules triggered,Model finds this transaction low risk with no strong anomaly indicators (score 0.040),"{""source"": ""transactions_b.csv"", ""channel"": ""POS"", ""tx_type"": ""purchase"", ""currency"": ""USD"", ""amount"": 165.52, ""amount_in_usd"": 165.52}",No action (low risk cleared),Pending review,Awaiting investigator
TXN_678010,2026-09-18 12:10:44 UTC,0.0220,No high-risk rules triggered,Model finds this transaction low risk with no strong anomaly indicators (score 0.022),"{""source"": ""transactions_b.csv"", ""channel"": ""ATM"", ""tx_type"": ""purchase"", ""currency"": ""USD"", ""amount"": 23.7, ""amount_in_usd"": 23.7}",No action (low risk cleared),Pending review,Awaiting investigator
TXN_417904,2026-09-18 12:10:44 UTC,0.0347,No high-risk rules triggered,Model finds this transaction low risk with no strong anomaly indicators (score 0.035),"{""source"": ""transactions_b.csv"", ""channel"": ""Mobile"", ""tx_type"": ""purchase"", ""currency"": ""USD"", ""amount"": 59.6, ""amount_in_usd"": 59.6}",No action (low risk cleared),Pending review,Awaiting investigator
TXN_724186,2026-09-18 12:10:44 UTC,0.1178,Weekend transaction; Online + international (typical fraud vector),"Model finds this transaction low risk due to online and international, weekend timing (score 0.118)","{""source"": ""transactions_b.csv"", ""channel"": ""Online"", ""tx_type"": ""payment"", ""currency"": ""USD"", ""amount"": 290.09, ""amount_in_usd"": 290.09}",No action (low risk cleared),Pending review,Awaiting investigator
TXN_204157,2026-09-18 12:10:44 UTC,0.0218,No high-risk rules triggered,Model finds this transaction low risk with no strong anomaly indicators (score 0.022),"{""source"": ""transactions_b.csv"", ""channel"": ""Online"", ""tx_type"": ""purchase"", ""currency"": ""USD"", ""amount"": 33.84, ""amount_in_usd"": 33.84}",No action (low risk cleared),Pending review,Awaiting investigator
TXN_931331,2026-09-18 12:10:44 UTC,0.0347,No high-risk rules triggered,Model finds this transaction low risk with no strong anomaly indicators (score 0.035),"{""source"": ""transactions_b.csv"", ""channel"": ""Mobile"", ""tx_type"": ""purchase"", ""currency"": ""USD"", ""amount"": 16.39, ""amount_in_usd"": 16.39}",No action (low risk cleared),Pending review,Awaiting investigator
TXN_291874,2026-09-18 12:10:44 UTC,0.0207,No high-risk rules triggered,Model finds this transaction low risk with no strong anomaly indicators (score 0.021),"{""source"": ""transactions_b.csv"", ""channel"": ""POS"", ""tx_type"": ""payment"", ""currency"": ""USD"", ""amount"": 20.86, ""amount_in_usd"": 20.86}",No action (low risk cleared),Pending review,Awaiting investigator
TXN_844722,2026-09-18 12:10:44 UTC,0.0466,No high-risk rules triggered,Model finds this transaction low risk with no strong anomaly indicators (score 0.047),"{""source"": ""transactions_b.csv"", ""channel"": ""Online"", ""tx_type"": ""withdrawal"", ""currency"": ""USD"", ""amount"": 104.02, ""amount_in_usd"": 104.02}",No action (low risk cleared),Pending review,Awaiting investigator
TXN_593056,2026-09-18 12:10:44 UTC,0.0149,Weekend transaction,Model finds this transaction low risk due to weekend timing (score 0.015),"{""source"": ""transactions_b.csv"", ""channel"": ""Mobile"", ""tx_type"": ""purchase"", ""currency"": ""USD"", ""amount"": 48.87, ""amount_in_usd"": 48.87}",No action (low risk cleared),Pending review,Awaiting investigator
TXN_569009,2026-09-18 12:10:44 UTC,0.0169,No high-risk rules triggered,Model finds this transaction low risk with no strong anomaly indicators (score 0.017),"{""source"": ""transactions_b.csv"", ""channel"": ""Branch"", ""tx_type"": ""transfer"", ""currency"": ""USD"", ""amount"": 40.13, ""amount_in_usd"": 40.13}",No action (low risk cleared),Pending review,Awaiting investigator
TXN_455848,2026-09-18 12:10:44 UTC,0.0662,No high-risk rules triggered,Model finds this transaction low risk with no strong anomaly indicators (score 0.066),"{""source"": ""transactions_b.csv"", ""channel"": ""ATM"", ""tx_type"": ""purchase"", ""currency"": ""USD"", ""amount"": 52.96, ""amount_in_usd"": 52.96}",No action (low risk cleared),Pending review,Awaiting investigator
TXN_582217,2026-09-18 12:10:44 UTC,0.0634,No high-risk rules triggered,Model finds this transaction low risk with no strong anomaly indicators (score 0.063),"{""source"": ""transactions_b.csv"", ""channel"": ""Branch"", ""tx_type"": ""transfer"", ""currency"": ""USD"", ""amount"": 5.05, ""amount_in_usd"": 5.05}",No action (low risk cleared),Pending review,Awaiting investigator
TXN_823781,2026-09-18 12:10:44 UTC,0.0180,No high-risk rules triggered,Model finds this transaction low risk with no strong anomaly indicators (score 0.018),"{""source"": ""transactions_b.csv"", ""channel"": ""POS"", ""tx_type"": ""purchase"", ""currency"": ""USD"", ""amount"": 11.41, ""amount_in_usd"": 11.41}",No action (low risk cleared),Pending review,Awaiting investigator
TXN_210063,2026-09-18 12:10:44 UTC,0.0252,No high-risk rules triggered,Model finds this transaction low risk with no strong anomaly indicators (score 0.025),"{""source"": ""transactions_b.csv"", ""channel"": ""Mobile"", ""tx_type"": ""purchase"", ""currency"": ""USD"", ""amount"": 24.38, ""amount_in_usd"": 24.38}",No action (low risk cleared),Pending review,Awaiting investigator
TXN_733249,2026-09-18 12:10:44 UTC,0.0691,No high-risk rules triggered,Model finds this transaction low risk with no strong anomaly indicators (score 0.069),"{""source"": ""transactions_b.csv"", ""channel"": ""Online"", ""tx_type"": ""withdrawal"", ""currency"": ""USD"", ""amount"": 213.28, ""amount_in_usd"": 213.28}",No action (low risk cleared),Pending review,Awaiting investigator
TXN_586063,2026-09-18 12:10:44 UTC,0.0279,Weekend transaction,Model finds this transaction low risk due to weekend timing (score 0.028),"{""source"": ""transactions_b.csv"", ""channel"": ""Online"", ""tx_type"": ""withdrawal"", ""currency"": ""USD"", ""amount"": 21.92, ""amount_in_usd"": 21.92}",No action (low risk cleared),Pending review,Awaiting investigator
TXN_889568,2026-09-18 12:10:44 UTC,0.0461,Online + international (typical fraud vector),Model finds this transaction low risk due to online and international (score 0.046),"{""source"": ""transactions_b.csv"", ""channel"": ""POS"", ""tx_type"": ""withdrawal"", ""currency"": ""USD"", ""amount"": 11.56, ""amount_in_usd"": 11.56}",No action (low risk cleared),Pending review,Awaiting investigator
TXN_617166,2026-09-18 12:10:44 UTC,0.1969,Online + international (typical fraud vector),Model finds this transaction low risk due to online and international (score 0.197),"{""source"": ""transactions_b.csv"", ""channel"": ""ATM"", ""tx_type"": ""purchase"", ""currency"": ""USD"", ""amount"": 106.52, ""amount_in_usd"": 106.52}",No action (low risk cleared),Pending review,Awaiting investigator
TXN_157462,2026-09-18 12:10:44 UTC,0.0633,Weekend transaction,Model finds this transaction low risk due to weekend timing (score 0.063),"{""source"": ""transactions_b.csv"", ""channel"": ""ATM"", ""tx_type"": ""transfer"", ""currency"": ""USD"", ""amount"": 99.97, ""amount_in_usd"": 99.97}",No action (low risk cleared),Pending review,Awaiting investigator
TXN_937874,2026-09-18 12:10:44 UTC,0.0383,No high-risk rules triggered,Model finds this transaction low risk with no strong anomaly indicators (score 0.038),"{""source"": ""transactions_b.csv"", ""channel"": ""ATM"", ""tx_type"": ""payment"", ""currency"": ""USD"", ""amount"": 11.48, ""amount_in_usd"": 11.48}",No action (low risk cleared),Pending review,Awaiting investigator
TXN_537540,2026-09-18 12:10:44 UTC,0.0127,No high-risk rules triggered,Model finds this transaction low risk with no strong anomaly indicators (score 0.013),"{""source"": ""transactions_b.csv"", ""channel"": ""Mobile"", ""tx_type"": ""purchase"", ""currency"": ""USD"", ""amount"": 83.51, ""amount_in_usd"": 83.51}",No action (low risk cleared),Pending review,Awaiting investigator
TXN_557300,2026-09-18 12:10:44 UTC,0.0368,No high-risk rules triggered,Model finds this transaction low risk with no strong anomaly indicators (score 0.037),"{""source"": ""transactions_b.csv"", ""channel"": ""ATM"", ""tx_type"": ""purchase"", ""currency"": ""USD"", ""amount"": 42.26, ""amount_in_usd"": 42.26}",No action (low risk cleared),Pending review,Awaiting investigator
TXN_376480,2026-09-18 12:10:44 UTC,0.0567,No high-risk rules triggered,Model finds this transaction low risk with no strong anomaly indicators (score 0.057),"{""source"": ""transactions_b.csv"", ""channel"": ""ATM"", ""tx_type"": ""transfer"", ""currency"": ""USD"", ""amount"": 11.34, ""amount_in_usd"": 11.34}",No action (low risk cleared),Pending review,Awaiting investigator
TXN_314112,2026-09-18 12:10:44 UTC,0.1283,Weekend transaction,Model finds this transaction low risk due to weekend timing (score 0.128),"{""source"": ""transactions_b.csv"", ""channel"": ""ATM"", ""tx_type"": ""purchase"", ""currency"": ""USD"", ""amount"": 333.72, ""amount_in_usd"": 333.72}",No action (low risk cleared),Pending review,Awaiting investigator
TXN_958161,2026-09-18 12:10:44 UTC,0.0498,No high-risk rules triggered,Model finds this transaction low risk with no strong anomaly indicators (score 0.050),"{""source"": ""transactions_b.csv"", ""channel"": ""Branch"", ""tx_type"": ""withdrawal"", ""currency"": ""USD"", ""amount"": 160.88, ""amount_in_usd"": 160.88}",No action (low risk cleared),Pending review,Awaiting investigator
TXN_543296,2026-09-18 12:10:44 UTC,0.0569,No high-risk rules triggered,Model finds this transaction low risk with no strong anomaly indicators (score 0.057),"{""source"": ""transactions_b.csv"", ""channel"": ""Mobile"", ""tx_type"": ""payment"", ""currency"": ""USD"", ""amount"": 62.94, ""amount_in_usd"": 62.94}",No action (low risk cleared),Pending review,Awaiting investigator
TXN_554004,2026-09-18 12:10:44 UTC,0.0930,No high-risk rules triggered,Model finds this transaction low risk with no strong anomaly indicators (score 0.093),"{""source"": ""transactions_b.csv"", ""channel"": ""ATM"", ""tx_type"": ""transfer"", ""currency"": ""USD"", ""amount"": 72.82, ""amount_in_usd"": 72.82}",No action (low risk cleared),Pending review,Awaiting investigator
TXN_373968,2026-09-18 12:10:44 UTC,0.0408,Weekend transaction,Model finds this transaction low risk due to weekend timing (score 0.041),"{""source"": ""transactions_b.csv"", ""channel"": ""Online"", ""tx_type"": ""transfer"", ""currency"": ""USD"", ""amount"": 98.68, ""amount_in_usd"": 98.68}",No action (low risk cleared),Pending review,Awaiting investigator
TXN_204369,2026-09-18 12:10:44 UTC,0.0292,No high-risk rules triggered,Model finds this transaction low risk with no strong anomaly indicators (score 0.029),"{""source"": ""transactions_b.csv"", ""channel"": ""Online"", ""tx_type"": ""payment"", ""currency"": ""USD"", ""amount"": 93.86, ""amount_in_usd"": 93.86}",No action (low risk cleared),Pending review,Awaiting investigator
TXN_880668,2026-09-18 12:10:44 UTC,0.0430,Weekend transaction,Model finds this transaction low risk due to weekend timing (score 0.043),"{""source"": ""transactions_b.csv"", ""channel"": ""POS"", ""tx_type"": ""purchase"", ""currency"": ""USD"", ""amount"": 37.29, ""amount_in_usd"": 37.29}",No action (low risk cleared),Pending review,Awaiting investigator
TXN_153035,2026-09-18 12:10:44 UTC,0.8969,Weekend transaction; Online + international (typical fraud vector),"Model strongly flags this transaction due to online and international, weekend timing (score 0.897)","{""source"": ""transactions_b.csv"", ""channel"": ""Online"", ""tx_type"": ""withdrawal"", ""currency"": ""USD"", ""amount"": 414.91, ""amount_in_usd"": 414.91}",Flagged for review,Pending review,Awaiting investigator
TXN_810015,2026-09-18 12:10:44 UTC,0.0226,Weekend transaction,Model finds this transaction low risk due to weekend timing (score 0.023),"{""source"": ""transactions_b.csv"", ""channel"": ""POS"", ""tx_type"": ""transfer"", ""currency"": ""USD"", ""amount"": 18.47, ""amount_in_usd"": 18.47}",No action (low risk cleared),Pending review,Awaiting investigator
TXN_916170,2026-09-18 12:10:44 UTC,0.0154,No high-risk rules triggered,Model finds this transaction low risk with no strong anomaly indicators (score 0.015),"{""source"": ""transactions_b.csv"", ""channel"": ""Mobile"", ""tx_type"": ""payment"", ""currency"": ""USD"", ""amount"": 43.16, ""amount_in_usd"": 43.16}",No action (low risk cleared),Pending review,Awaiting investigator
TXN_987713,2026-09-18 12:10:44 UTC,0.0526,Weekend transaction,Model finds this transaction low risk due to weekend timing (score 0.053),"{""source"": ""transactions_b.csv"", ""channel"": ""Online"", ""tx_type"": ""purchase"", ""currency"": ""USD"", ""amount"": 140.9, ""amount_in_usd"": 140.9}",No action (low risk cleared),Pending review,Awaiting investigator
TXN_228647,2026-09-18 12:10:44 UTC,0.0166,No high-risk rules triggered,Model finds this transaction low risk with no strong anomaly indicators (score 0.017),"{""source"": ""transactions_b.csv"", ""channel"": ""Online"", ""tx_type"": ""transfer"", ""currency"": ""USD"", ""amount"": 26.31, ""amount_in_usd"": 26.31}",No action (low risk cleared),Pending review,Awaiting investigator
TXN_847993,2026-09-18 12:10:44 UTC,0.0461,No high-risk rules triggered,Model finds this transaction low risk with no strong anomaly indicators (score 0.046),"{""source"": ""transactions_b.csv"", ""channel"": ""Online"", ""tx_type"": ""withdrawal"", ""currency"": ""USD"", ""amount"": 6.05, ""amount_in_usd"": 6.05}",No action (low risk cleared),Pending review,Awaiting investigator
TXN_470235,2026-09-18 12:10:44 UTC,0.0300,No high-risk rules triggered,Model finds this transaction low risk with no strong anomaly indicators (score 0.030),"{""source"": ""transactions_b.csv"", ""channel"": ""Online"", ""tx_type"": ""payment"", ""currency"": ""USD"", ""amount"": 13.33, ""amount_in_usd"": 13.33}",No action (low risk cleared),Pending review,Awaiting investigator
TXN_471253,2026-09-18 12:10:44 UTC,0.0331,No high-risk rules triggered,Model finds this transaction low risk with no strong anomaly indicators (score 0.033),"{""source"": ""transactions_b.csv"", ""channel"": ""Mobile"", ""tx_type"": ""purchase"", ""currency"": ""USD"", ""amount"": 8.03, ""amount_in_usd"": 8.03}",No action (low risk cleared),Pending review,Awaiting investigator
TXN_638283,2026-09-18 12:10:44 UTC,0.9128,"Unusual hour (night, outside 06:00-22:00); Online + international (typical fraud vector); Late-night online purchase","Model strongly flags this transaction due to occurred at night, online and international (score 0.913)","{""source"": ""transactions_b.csv"", ""channel"": ""Online"", ""tx_type"": ""purchase"", ""currency"": ""USD"", ""amount"": 142.66, ""amount_in_usd"": 142.66}",Flagged for review,Pending review,Awaiting investigator
TXN_898565,2026-09-18 12:10:44 UTC,0.0496,No high-risk rules triggered,Model finds this transaction low risk with no strong anomaly indicators (score 0.050),"{""source"": ""transactions_b.csv"", ""channel"": ""ATM"", ""tx_type"": ""purchase"", ""currency"": ""USD"", ""amount"": 50.93, ""amount_in_usd"": 50.93}",No action (low risk cleared),Pending review,Awaiting investigator
TXN_418287,2026-09-18 12:10:44 UTC,0.0105,No high-risk rules triggered,Model finds this transaction low risk with no strong anomaly indicators (score 0.011),"{""source"": ""transactions_b.csv"", ""channel"": ""Online"", ""tx_type"": ""payment"", ""currency"": ""USD"", ""amount"": 33.31, ""amount_in_usd"": 33.31}",No action (low risk cleared),Pending review,Awaiting investigator
TXN_212425,2026-09-18 12:10:44 UTC,0.0364,No high-risk rules triggered,Model finds this transaction low risk with no strong anomaly indicators (score 0.036),"{""source"": ""transactions_b.csv"", ""channel"": ""POS"", ""tx_type"": ""purchase"", ""currency"": ""USD"", ""amount"": 63.74, ""amount_in_usd"": 63.74}",No action (low risk cleared),Pending review,Awaiting investigator
TXN_391700,2026-09-18 12:10:44 UTC,0.0274,No high-risk rules triggered,Model finds this transaction low risk with no strong anomaly indicators (score 0.027),"{""source"": ""transactions_b.csv"", ""channel"": ""Branch"", ""tx_type"": ""withdrawal"", ""currency"": ""USD"", ""amount"": 38.13, ""amount_in_usd"": 38.13}",No action (low risk cleared),Pending review,Awaiting investigator
TXN_395667,2026-09-18 12:10:44 UTC,0.0406,No high-risk rules triggered,Model finds this transaction low risk with no strong anomaly indicators (score 0.041),"{""source"": ""transactions_b.csv"", ""channel"": ""Online"", ""tx_type"": ""purchase"", ""currency"": ""USD"", ""amount"": 200.67, ""amount_in_usd"": 200.67}",No action (low risk cleared),Pending review,Awaiting investigator
TXN_426121,2026-09-18 12:10:44 UTC,0.0740,Weekend transaction,Model finds this transaction low risk due to weekend timing (score 0.074),"{""source"": ""transactions_b.csv"", ""channel"": ""Mobile"", ""tx_type"": ""withdrawal"", ""currency"": ""USD"", ""amount"": 3.0, ""amount_in_usd"": 3.0}",No action (low risk cleared),Pending review,Awaiting investigator
TXN_863583,2026-09-18 12:10:44 UTC,0.0095,No high-risk rules triggered,Model finds this transaction low risk with no strong anomaly indicators (score 0.009),"{""source"": ""transactions_b.csv"", ""channel"": ""Online"", ""tx_type"": ""payment"", ""currency"": ""USD"", ""amount"": 29.85, ""amount_in_usd"": 29.85}",No action (low risk cleared),Pending review,Awaiting investigator
TXN_573394,2026-09-18 12:10:44 UTC,0.0383,No high-risk rules triggered,Model finds this transaction low risk with no strong anomaly indicators (score 0.038),"{""source"": ""transactions_b.csv"", ""channel"": ""Branch"", ""tx_type"": ""transfer"", ""currency"": ""USD"", ""amount"": 23.59, ""amount_in_usd"": 23.59}",No action (low risk cleared),Pending review,Awaiting investigator
TXN_946361,2026-09-18 12:10:44 UTC,0.0451,Weekend transaction,Model finds this transaction low risk due to weekend timing (score 0.045),"{""source"": ""transactions_b.csv"", ""channel"": ""POS"", ""tx_type"": ""purchase"", ""currency"": ""USD"", ""amount"": 24.36, ""amount_in_usd"": 24.36}",No action (low risk cleared),Pending review,Awaiting investigator
TXN_367320,2026-09-18 12:10:44 UTC,0.0626,Weekend transaction,Model finds this transaction low risk due to weekend timing (score 0.063),"{""source"": ""transactions_b.csv"", ""channel"": ""ATM"", ""tx_type"": ""purchase"", ""currency"": ""USD"", ""amount"": 36.92, ""amount_in_usd"": 36.92}",No action (low risk cleared),Pending review,Awaiting investigator
TXN_873496,2026-09-18 12:10:44 UTC,0.0230,Weekend transaction,Model finds this transaction low risk due to weekend timing (score 0.023),"{""source"": ""transactions_b.csv"", ""channel"": ""Online"", ""tx_type"": ""withdrawal"", ""currency"": ""USD"", ""amount"": 13.25, ""amount_in_usd"": 13.25}",No action (low risk cleared),Pending review,Awaiting investigator
TXN_697892,2026-09-18 12:10:44 UTC,0.0160,No high-risk rules triggered,Model finds this transaction low risk with no strong anomaly indicators (score 0.016),"{""source"": ""transactions_b.csv"", ""channel"": ""Branch"", ""tx_type"": ""purchase"", ""currency"": ""USD"", ""amount"": 57.3, ""amount_in_usd"": 57.3}",No action (low risk cleared),Pending review,Awaiting investigator
TXN_106119,2026-09-18 12:10:44 UTC,0.0344,No high-risk rules triggered,Model finds this transaction low risk with no strong anomaly indicators (score 0.034),"{""source"": ""transactions_b.csv"", ""channel"": ""POS"", ""tx_type"": ""transfer"", ""currency"": ""USD"", ""amount"": 34.06, ""amount_in_usd"": 34.06}",No action (low risk cleared),Pending review,Awaiting investigator
TXN_105646,2026-09-18 12:10:44 UTC,0.0893,No high-risk rules triggered,Model finds this transaction low risk with no strong anomaly indicators (score 0.089),"{""source"": ""transactions_b.csv"", ""channel"": ""Mobile"", ""tx_type"": ""payment"", ""currency"": ""USD"", ""amount"": 141.98, ""amount_in_usd"": 141.98}",No action (low risk cleared),Pending review,Awaiting investigator
TXN_306297,2026-09-18 12:10:44 UTC,0.0517,Weekend transaction,Model finds this transaction low risk due to weekend timing (score 0.052),"{""source"": ""transactions_b.csv"", ""channel"": ""Online"", ""tx_type"": ""purchase"", ""currency"": ""USD"", ""amount"": 2.3, ""amount_in_usd"": 2.3}",No action (low risk cleared),Pending review,Awaiting investigator
TXN_388794,2026-09-18 12:10:44 UTC,0.0506,No high-risk rules triggered,Model finds this transaction low risk with no strong anomaly indicators (score 0.051),"{""source"": ""transactions_b.csv"", ""channel"": ""Online"", ""tx_type"": ""purchase"", ""currency"": ""USD"", ""amount"": 55.62, ""amount_in_usd"": 55.62}",No action (low risk cleared),Pending review,Awaiting investigator
TXN_555244,2026-09-18 12:10:44 UTC,0.0294,No high-risk rules triggered,Model finds this transaction low risk with no strong anomaly indicators (score 0.029),"{""source"": ""transactions_b.csv"", ""channel"": ""Online"", ""tx_type"": ""payment"", ""currency"": ""USD"", ""amount"": 18.96, ""amount_in_usd"": 18.96}",No action (low risk cleared),Pending review,Awaiting investigator
TXN_183937,2026-09-18 12:10:44 UTC,0.0255,Weekend transaction,Model finds this transaction low risk due to weekend timing (score 0.025),"{""source"": ""transactions_b.csv"", ""channel"": ""Mobile"", ""tx_type"": ""purchase"", ""currency"": ""USD"", ""amount"": 9.1, ""amount_in_usd"": 9.1}",No action (low risk cleared),Pending review,Awaiting investigator
TXN_475732,2026-09-18 12:10:44 UTC,0.0289,No high-risk rules triggered,Model finds this transaction low risk with no strong anomaly indicators (score 0.029),"{""source"": ""transactions_b.csv"", ""channel"": ""Branch"", ""tx_type"": ""withdrawal"", ""currency"": ""USD"", ""amount"": 15.78, ""amount_in_usd"": 15.78}",No action (low risk cleared),Pending review,Awaiting investigator
TXN_495522,2026-09-18 12:10:44 UTC,0.0259,No high-risk rules triggered,Model finds this transaction low risk with no strong anomaly indicators (score 0.026),"{""source"": ""transactions_b.csv"", ""channel"": ""Online"", ""tx_type"": ""transfer"", ""currency"": ""USD"", ""amount"": 37.76, ""amount_in_usd"": 37.76}",No action (low risk cleared),Pending review,Awaiting investigator
TXN_435222,2026-09-18 12:10:44 UTC,0.0321,No high-risk rules triggered,Model finds this transaction low risk with no strong anomaly indicators (score 0.032),"{""source"": ""transactions_b.csv"", ""channel"": ""Mobile"", ""tx_type"": ""transfer"", ""currency"": ""USD"", ""amount"": 7.59, ""amount_in_usd"": 7.59}",No action (low risk cleared),Pending review,Awaiting investigator
TXN_127919,2026-09-18 12:10:44 UTC,0.0134,No high-risk rules triggered,Model finds this transaction low risk with no strong anomaly indicators (score 0.013),"{""source"": ""transactions_b.csv"", ""channel"": ""Online"", ""tx_type"": ""transfer"", ""currency"": ""USD"", ""amount"": 26.5, ""amount_in_usd"": 26.5}",No action (low risk cleared),Pending review,Awaiting investigator
TXN_471899,2026-09-18 12:10:44 UTC,0.0174,No high-risk rules triggered,Model finds this transaction low risk with no strong anomaly indicators (score 0.017),"{""source"": ""transactions_b.csv"", ""channel"": ""Online"", ""tx_type"": ""transfer"", ""currency"": ""USD"", ""amount"": 34.28, ""amount_in_usd"": 34.28}",No action (low risk cleared),Pending review,Awaiting investigator
TXN_992522,2026-09-18 12:10:44 UTC,0.0411,No high-risk rules triggered,Model finds this transaction low risk with no strong anomaly indicators (score 0.041),"{""source"": ""transactions_b.csv"", ""channel"": ""Online"", ""tx_type"": ""transfer"", ""currency"": ""USD"", ""amount"": 148.56, ""amount_in_usd"": 148.56}",No action (low risk cleared),Pending review,Awaiting investigator
TXN_927186,2026-09-18 12:10:44 UTC,0.0473,No high-risk rules triggered,Model finds this transaction low risk with no strong anomaly indicators (score 0.047),"{""source"": ""transactions_b.csv"", ""channel"": ""Mobile"", ""tx_type"": ""withdrawal"", ""currency"": ""USD"", ""amount"": 70.42, ""amount_in_usd"": 70.42}",No action (low risk cleared),Pending review,Awaiting investigator
TXN_830083,2026-09-18 12:10:44 UTC,0.0518,No high-risk rules triggered,Model finds this transaction low risk with no strong anomaly indicators (score 0.052),"{""source"": ""transactions_b.csv"", ""channel"": ""POS"", ""tx_type"": ""withdrawal"", ""currency"": ""USD"", ""amount"": 95.66, ""amount_in_usd"": 95.66}",No action (low risk cleared),Pending review,Awaiting investigator
TXN_202941,2026-09-18 12:10:44 UTC,0.0474,No high-risk rules triggered,Model finds this transaction low risk with no strong anomaly indicators (score 0.047),"{""source"": ""transactions_b.csv"", ""channel"": ""Online"", ""tx_type"": ""purchase"", ""currency"": ""USD"", ""amount"": 12.48, ""amount_in_usd"": 12.48}",No action (low risk cleared),Pending review,Awaiting investigator
TXN_378501,2026-09-18 12:10:44 UTC,0.0339,No high-risk rules triggered,Model finds this transaction low risk with no strong anomaly indicators (score 0.034),"{""source"": ""transactions_b.csv"", ""channel"": ""Online"", ""tx_type"": ""payment"", ""currency"": ""USD"", ""amount"": 4.79, ""amount_in_usd"": 4.79}",No action (low risk cleared),Pending review,Awaiting investigator
TXN_322700,2026-09-18 12:10:44 UTC,0.0755,No high-risk rules triggered,Model finds this transaction low risk with no strong anomaly indicators (score 0.075),"{""source"": ""transactions_b.csv"", ""channel"": ""POS"", ""tx_type"": ""transfer"", ""currency"": ""USD"", ""amount"": 192.93, ""amount_in_usd"": 192.93}",No action (low risk cleared),Pending review,Awaiting investigator
TXN_739817,2026-09-18 12:10:44 UTC,0.0420,No high-risk rules triggered,Model finds this transaction low risk with no strong anomaly indicators (score 0.042),"{""source"": ""transactions_b.csv"", ""channel"": ""POS"", ""tx_type"": ""payment"", ""currency"": ""USD"", ""amount"": 24.12, ""amount_in_usd"": 24.12}",No action (low risk cleared),Pending review,Awaiting investigator
TXN_118526,2026-09-18 12:10:44 UTC,0.0401,No high-risk rules triggered,Model finds this transaction low risk with no strong anomaly indicators (score 0.040),"{""source"": ""transactions_b.csv"", ""channel"": ""POS"", ""tx_type"": ""payment"", ""currency"": ""USD"", ""amount"": 64.72, ""amount_in_usd"": 64.72}",No action (low risk cleared),Pending review,Awaiting investigator
TXN_384905,2026-09-18 12:10:44 UTC,0.0118,No high-risk rules triggered,Model finds this transaction low risk with no strong anomaly indicators (score 0.012),"{""source"": ""transactions_b.csv"", ""channel"": ""Online"", ""tx_type"": ""purchase"", ""currency"": ""USD"", ""amount"": 19.4, ""amount_in_usd"": 19.4}",No action (low risk cleared),Pending review,Awaiting investigator
TXN_341118,2026-09-18 12:10:44 UTC,0.0327,Late-night online purchase,Model finds this transaction low risk with no strong anomaly indicators (score 0.033),"{""source"": ""transactions_b.csv"", ""channel"": ""Mobile"", ""tx_type"": ""purchase"", ""currency"": ""USD"", ""amount"": 15.0, ""amount_in_usd"": 15.0}",No action (low risk cleared),Pending review,Awaiting investigator
TXN_904757,2026-09-18 12:10:44 UTC,0.0527,No high-risk rules triggered,Model finds this transaction low risk with no strong anomaly indicators (score 0.053),"{""source"": ""transactions_b.csv"", ""channel"": ""ATM"", ""tx_type"": ""withdrawal"", ""currency"": ""USD"", ""amount"": 22.08, ""amount_in_usd"": 22.08}",No action (low risk cleared),Pending review,Awaiting investigator
TXN_122829,2026-09-18 12:10:44 UTC,0.0395,No high-risk rules triggered,Model finds this transaction low risk with no strong anomaly indicators (score 0.040),"{""source"": ""transactions_b.csv"", ""channel"": ""Mobile"", ""tx_type"": ""transfer"", ""currency"": ""USD"", ""amount"": 18.88, ""amount_in_usd"": 18.88}",No action (low risk cleared),Pending review,Awaiting investigator
TXN_961155,2026-09-18 12:10:44 UTC,0.0348,No high-risk rules triggered,Model finds this transaction low risk with no strong anomaly indicators (score 0.035),"{""source"": ""transactions_b.csv"", ""channel"": ""POS"", ""tx_type"": ""purchase"", ""currency"": ""USD"", ""amount"": 10.5, ""amount_in_usd"": 10.5}",No action (low risk cleared),Pending review,Awaiting investigator
TXN_551550,2026-09-18 12:10:44 UTC,0.0452,Weekend transaction,Model finds this transaction low risk due to weekend timing (score 0.045),"{""source"": ""transactions_b.csv"", ""channel"": ""ATM"", ""tx_type"": ""transfer"", ""currency"": ""USD"", ""amount"": 56.03, ""amount_in_usd"": 56.03}",No action (low risk cleared),Pending review,Awaiting investigator
TXN_827501,2026-09-18 12:10:44 UTC,0.0385,No high-risk rules triggered,Model finds this transaction low risk with no strong anomaly indicators (score 0.038),"{""source"": ""transactions_b.csv"", ""channel"": ""Online"", ""tx_type"": ""transfer"", ""currency"": ""USD"", ""amount"": 46.82, ""amount_in_usd"": 46.82}",No action (low risk cleared),Pending review,Awaiting investigator
TXN_856802,2026-09-18 12:10:44 UTC,0.0230,Weekend transaction,Model finds this transaction low risk due to weekend timing (score 0.023),"{""source"": ""transactions_b.csv"", ""channel"": ""Online"", ""tx_type"": ""payment"", ""currency"": ""USD"", ""amount"": 50.55, ""amount_in_usd"": 50.55}",No action (low risk cleared),Pending review,Awaiting investigator
TXN_130948,2026-09-18 12:10:44 UTC,0.0385,Weekend transaction,Model finds this transaction low risk due to weekend timing (score 0.038),"{""source"": ""transactions_b.csv"", ""channel"": ""Mobile"", ""tx_type"": ""payment"", ""currency"": ""USD"", ""amount"": 23.97, ""amount_in_usd"": 23.97}",No action (low risk cleared),Pending review,Awaiting investigator
TXN_764646,2026-09-18 12:10:44 UTC,0.0476,Weekend transaction,Model finds this transaction low risk due to weekend timing (score 0.048),"{""source"": ""transactions_b.csv"", ""channel"": ""Mobile"", ""tx_type"": ""purchase"", ""currency"": ""USD"", ""amount"": 80.51, ""amount_in_usd"": 80.51}",No action (low risk cleared),Pending review,Awaiting investigator
TXN_230411,2026-09-18 12:10:44 UTC,0.0252,No high-risk rules triggered,Model finds this transaction low risk with no strong anomaly indicators (score 0.025),"{""source"": ""transactions_b.csv"", ""channel"": ""Mobile"", ""tx_type"": ""purchase"", ""currency"": ""USD"", ""amount"": 61.79, ""amount_in_usd"": 61.79}",No action (low risk cleared),Pending review,Awaiting investigator
TXN_963040,2026-09-18 12:10:44 UTC,0.0186,No high-risk rules triggered,Model finds this transaction low risk with no strong anomaly indicators (score 0.019),"{""source"": ""transactions_b.csv"", ""channel"": ""POS"", ""tx_type"": ""transfer"", ""currency"": ""USD"", ""amount"": 19.42, ""amount_in_usd"": 19.42}",No action (low risk cleared),Pending review,Awaiting investigator
TXN_627735,2026-09-18 12:10:44 UTC,0.0218,No high-risk rules triggered,Model finds this transaction low risk with no strong anomaly indicators (score 0.022),"{""source"": ""transactions_b.csv"", ""channel"": ""Online"", ""tx_type"": ""transfer"", ""currency"": ""USD"", ""amount"": 17.34, ""amount_in_usd"": 17.34}",No action (low risk cleared),Pending review,Awaiting investigator
TXN_735201,2026-09-18 12:10:44 UTC,0.0294,No high-risk rules triggered,Model finds this transaction low risk with no strong anomaly indicators (score 0.029),"{""source"": ""transactions_b.csv"", ""channel"": ""Mobile"", ""tx_type"": ""transfer"", ""currency"": ""USD"", ""amount"": 6.2, ""amount_in_usd"": 6.2}",No action (low risk cleared),Pending review,Awaiting investigator
TXN_291892,2026-09-18 12:10:44 UTC,0.1430,No high-risk rules triggered,Model finds this transaction low risk with no strong anomaly indicators (score 0.143),"{""source"": ""transactions_b.csv"", ""channel"": ""Branch"", ""tx_type"": ""purchase"", ""currency"": ""USD"", ""amount"": 180.33, ""amount_in_usd"": 180.33}",No action (low risk cleared),Pending review,Awaiting investigator
TXN_871731,2026-09-18 12:10:44 UTC,0.0757,Weekend transaction,Model finds this transaction low risk due to weekend timing (score 0.076),"{""source"": ""transactions_b.csv"", ""channel"": ""ATM"", ""tx_type"": ""withdrawal"", ""currency"": ""USD"", ""amount"": 70.62, ""amount_in_usd"": 70.62}",No action (low risk cleared),Pending review,Awaiting investigator
TXN_677044,2026-09-18 12:10:44 UTC,0.0508,Online + international (typical fraud vector),Model finds this transaction low risk due to online and international (score 0.051),"{""source"": ""transactions_b.csv"", ""channel"": ""Online"", ""tx_type"": ""payment"", ""currency"": ""USD"", ""amount"": 42.49, ""amount_in_usd"": 42.49}",No action (low risk cleared),Pending review,Awaiting investigator
TXN_342885,2026-09-18 12:10:44 UTC,0.0593,Online + international (typical fraud vector),Model finds this transaction low risk due to online and international (score 0.059),"{""source"": ""transactions_b.csv"", ""channel"": ""Mobile"", ""tx_type"": ""transfer"", ""currency"": ""USD"", ""amount"": 13.48, ""amount_in_usd"": 13.48}",No action (low risk cleared),Pending review,Awaiting investigator
TXN_446695,2026-09-18 12:10:44 UTC,0.0421,No high-risk rules triggered,Model finds this transaction low risk with no strong anomaly indicators (score 0.042),"{""source"": ""transactions_b.csv"", ""channel"": ""Mobile"", ""tx_type"": ""purchase"", ""currency"": ""USD"", ""amount"": 10.62, ""amount_in_usd"": 10.62}",No action (low risk cleared),Pending review,Awaiting investigator
TXN_597593,2026-09-18 12:10:44 UTC,0.0290,No high-risk rules triggered,Model finds this transaction low risk with no strong anomaly indicators (score 0.029),"{""source"": ""transactions_b.csv"", ""channel"": ""Mobile"", ""tx_type"": ""purchase"", ""currency"": ""USD"", ""amount"": 108.9, ""amount_in_usd"": 108.9}",No action (low risk cleared),Pending review,Awaiting investigator
TXN_842792,2026-09-18 12:10:44 UTC,0.2373,"Unusual hour (night, outside 06:00-22:00); Online + international (typical fraud vector); Late-night online purchase","Model finds this transaction low risk due to occurred at night, online and international (score 0.237)","{""source"": ""transactions_b.csv"", ""channel"": ""Mobile"", ""tx_type"": ""transfer"", ""currency"": ""USD"", ""amount"": 499.25, ""amount_in_usd"": 499.25}",No action (low risk cleared),Pending review,Awaiting investigator
TXN_847789,2026-09-18 12:10:44 UTC,0.0085,No high-risk rules triggered,Model finds this transaction low risk with no strong anomaly indicators (score 0.009),"{""source"": ""transactions_b.csv"", ""channel"": ""Mobile"", ""tx_type"": ""transfer"", ""currency"": ""USD"", ""amount"": 13.63, ""amount_in_usd"": 13.63}",No action (low risk cleared),Pending review,Awaiting investigator
TXN_664899,2026-09-18 12:10:44 UTC,0.0265,Weekend transaction,Model finds this transaction low risk due to weekend timing (score 0.026),"{""source"": ""transactions_b.csv"", ""channel"": ""POS"", ""tx_type"": ""withdrawal"", ""currency"": ""USD"", ""amount"": 22.0, ""amount_in_usd"": 22.0}",No action (low risk cleared),Pending review,Awaiting investigator
TXN_415020,2026-09-18 12:10:44 UTC,0.0240,Weekend transaction,Model finds this transaction low risk due to weekend timing (score 0.024),"{""source"": ""transactions_b.csv"", ""channel"": ""Online"", ""tx_type"": ""transfer"", ""currency"": ""USD"", ""amount"": 23.83, ""amount_in_usd"": 23.83}",No action (low risk cleared),Pending review,Awaiting investigator
TXN_180171,2026-09-18 12:10:44 UTC,0.0450,No high-risk rules triggered,Model finds this transaction low risk with no strong anomaly indicators (score 0.045),"{""source"": ""transactions_b.csv"", ""channel"": ""POS"", ""tx_type"": ""withdrawal"", ""currency"": ""USD"", ""amount"": 119.78, ""amount_in_usd"": 119.78}",No action (low risk cleared),Pending review,Awaiting investigator
TXN_681989,2026-09-18 12:10:44 UTC,0.0199,No high-risk rules triggered,Model finds this transaction low risk with no strong anomaly indicators (score 0.020),"{""source"": ""transactions_b.csv"", ""channel"": ""Online"", ""tx_type"": ""purchase"", ""currency"": ""USD"", ""amount"": 54.66, ""amount_in_usd"": 54.66}",No action (low risk cleared),Pending review,Awaiting investigator
TXN_110509,2026-09-18 12:10:44 UTC,0.0194,No high-risk rules triggered,Model finds this transaction low risk with no strong anomaly indicators (score 0.019),"{""source"": ""transactions_b.csv"", ""channel"": ""Online"", ""tx_type"": ""purchase"", ""currency"": ""USD"", ""amount"": 21.03, ""amount_in_usd"": 21.03}",No action (low risk cleared),Pending review,Awaiting investigator
TXN_627241,2026-09-18 12:10:44 UTC,0.0524,Weekend transaction,Model finds this transaction low risk due to weekend timing (score 0.052),"{""source"": ""transactions_b.csv"", ""channel"": ""ATM"", ""tx_type"": ""purchase"", ""currency"": ""USD"", ""amount"": 85.76, ""amount_in_usd"": 85.76}",No action (low risk cleared),Pending review,Awaiting investigator
TXN_210123,2026-09-18 12:10:44 UTC,0.0332,No high-risk rules triggered,Model finds this transaction low risk with no strong anomaly indicators (score 0.033),"{""source"": ""transactions_b.csv"", ""channel"": ""Mobile"", ""tx_type"": ""payment"", ""currency"": ""USD"", ""amount"": 6.68, ""amount_in_usd"": 6.68}",No action (low risk cleared),Pending review,Awaiting investigator
TXN_831822,2026-09-18 12:10:44 UTC,0.0527,No high-risk rules triggered,Model finds this transaction low risk with no strong anomaly indicators (score 0.053),"{""source"": ""transactions_b.csv"", ""channel"": ""POS"", ""tx_type"": ""payment"", ""currency"": ""USD"", ""amount"": 119.98, ""amount_in_usd"": 119.98}",No action (low risk cleared),Pending review,Awaiting investigator
TXN_202162,2026-09-18 12:10:44 UTC,0.0263,No high-risk rules triggered,Model finds this transaction low risk with no strong anomaly indicators (score 0.026),"{""source"": ""transactions_b.csv"", ""channel"": ""Mobile"", ""tx_type"": ""withdrawal"", ""currency"": ""USD"", ""amount"": 37.55, ""amount_in_usd"": 37.55}",No action (low risk cleared),Pending review,Awaiting investigator
TXN_631666,2026-09-18 12:10:44 UTC,0.0248,No high-risk rules triggered,Model finds this transaction low risk with no strong anomaly indicators (score 0.025),"{""source"": ""transactions_b.csv"", ""channel"": ""Online"", ""tx_type"": ""withdrawal"", ""currency"": ""USD"", ""amount"": 54.03, ""amount_in_usd"": 54.03}",No action (low risk cleared),Pending review,Awaiting investigator
TXN_451068,2026-09-18 12:10:44 UTC,0.0242,Weekend transaction,Model finds this transaction low risk due to weekend timing (score 0.024),"{""source"": ""transactions_b.csv"", ""channel"": ""POS"", ""tx_type"": ""purchase"", ""currency"": ""USD"", ""amount"": 88.87, ""amount_in_usd"": 88.87}",No action (low risk cleared),Pending review,Awaiting investigator
TXN_303175,2026-09-18 12:10:44 UTC,0.0289,No high-risk rules triggered,Model finds this transaction low risk with no strong anomaly indicators (score 0.029),"{""source"": ""transactions_b.csv"", ""channel"": ""POS"", ""tx_type"": ""withdrawal"", ""currency"": ""USD"", ""amount"": 17.85, ""amount_in_usd"": 17.85}",No action (low risk cleared),Pending review,Awaiting investigator
TXN_897189,2026-09-18 12:10:44 UTC,0.0265,Weekend transaction,Model finds this transaction low risk due to weekend timing (score 0.026),"{""source"": ""transactions_b.csv"", ""channel"": ""Online"", ""tx_type"": ""transfer"", ""currency"": ""USD"", ""amount"": 113.19, ""amount_in_usd"": 113.19}",No action (low risk cleared),Pending review,Awaiting investigator
TXN_716476,2026-09-18 12:10:44 UTC,0.0505,No high-risk rules triggered,Model finds this transaction low risk with no strong anomaly indicators (score 0.051),"{""source"": ""transactions_b.csv"", ""channel"": ""ATM"", ""tx_type"": ""transfer"", ""currency"": ""USD"", ""amount"": 59.53, ""amount_in_usd"": 59.53}",No action (low risk cleared),Pending review,Awaiting investigator
TXN_100791,2026-09-18 12:10:44 UTC,0.0338,No high-risk rules triggered,Model finds this transaction low risk with no strong anomaly indicators (score 0.034),"{""source"": ""transactions_b.csv"", ""channel"": ""POS"", ""tx_type"": ""transfer"", ""currency"": ""USD"", ""amount"": 9.15, ""amount_in_usd"": 9.15}",No action (low risk cleared),Pending review,Awaiting investigator
TXN_837753,2026-09-18 12:10:44 UTC,0.0564,No high-risk rules triggered,Model finds this transaction low risk with no strong anomaly indicators (score 0.056),"{""source"": ""transactions_b.csv"", ""channel"": ""Branch"", ""tx_type"": ""purchase"", ""currency"": ""USD"", ""amount"": 42.96, ""amount_in_usd"": 42.96}",No action (low risk cleared),Pending review,Awaiting investigator
TXN_604573,2026-09-18 12:10:44 UTC,0.0881,Weekend transaction,Model finds this transaction low risk due to weekend timing (score 0.088),"{""source"": ""transactions_b.csv"", ""channel"": ""Branch"", ""tx_type"": ""transfer"", ""currency"": ""USD"", ""amount"": 1.26, ""amount_in_usd"": 1.26}",No action (low risk cleared),Pending review,Awaiting investigator
TXN_657902,2026-09-18 12:10:44 UTC,0.0260,No high-risk rules triggered,Model finds this transaction low risk with no strong anomaly indicators (score 0.026),"{""source"": ""transactions_b.csv"", ""channel"": ""POS"", ""tx_type"": ""purchase"", ""currency"": ""USD"", ""amount"": 127.76, ""amount_in_usd"": 127.76}",No action (low risk cleared),Pending review,Awaiting investigator
TXN_694302,2026-09-18 12:10:44 UTC,0.0172,No high-risk rules triggered,Model finds this transaction low risk with no strong anomaly indicators (score 0.017),"{""source"": ""transactions_b.csv"", ""channel"": ""POS"", ""tx_type"": ""purchase"", ""currency"": ""USD"", ""amount"": 32.24, ""amount_in_usd"": 32.24}",No action (low risk cleared),Pending review,Awaiting investigator
TXN_799547,2026-09-18 12:10:44 UTC,0.0292,No high-risk rules triggered,Model finds this transaction low risk with no strong anomaly indicators (score 0.029),"{""source"": ""transactions_b.csv"", ""channel"": ""ATM"", ""tx_type"": ""purchase"", ""currency"": ""USD"", ""amount"": 15.13, ""amount_in_usd"": 15.13}",No action (low risk cleared),Pending review,Awaiting investigator
TXN_376662,2026-09-18 12:10:44 UTC,0.0386,No high-risk rules triggered,Model finds this transaction low risk with no strong anomaly indicators (score 0.039),"{""source"": ""transactions_b.csv"", ""channel"": ""Online"", ""tx_type"": ""transfer"", ""currency"": ""USD"", ""amount"": 200.37, ""amount_in_usd"": 200.37}",No action (low risk cleared),Pending review,Awaiting investigator
TXN_513861,2026-09-18 12:10:44 UTC,0.0300,No high-risk rules triggered,Model finds this transaction low risk with no strong anomaly indicators (score 0.030),"{""source"": ""transactions_b.csv"", ""channel"": ""POS"", ""tx_type"": ""withdrawal"", ""currency"": ""USD"", ""amount"": 14.67, ""amount_in_usd"": 14.67}",No action (low risk cleared),Pending review,Awaiting investigator
TXN_519086,2026-09-18 12:10:44 UTC,0.0562,No high-risk rules triggered,Model finds this transaction low risk with no strong anomaly indicators (score 0.056),"{""source"": ""transactions_b.csv"", ""channel"": ""Mobile"", ""tx_type"": ""purchase"", ""currency"": ""USD"", ""amount"": 6.69, ""amount_in_usd"": 6.69}",No action (low risk cleared),Pending review,Awaiting investigator
TXN_106972,2026-09-18 12:10:44 UTC,0.0823,No high-risk rules triggered,Model finds this transaction low risk with no strong anomaly indicators (score 0.082),"{""source"": ""transactions_b.csv"", ""channel"": ""ATM"", ""tx_type"": ""purchase"", ""currency"": ""USD"", ""amount"": 306.74, ""amount_in_usd"": 306.74}",No action (low risk cleared),Pending review,Awaiting investigator
TXN_299876,2026-09-18 12:10:44 UTC,0.0925,"Unusual hour (night, outside 06:00-22:00)",Model finds this transaction low risk due to occurred at night (score 0.092),"{""source"": ""transactions_b.csv"", ""channel"": ""Mobile"", ""tx_type"": ""payment"", ""currency"": ""USD"", ""amount"": 27.09, ""amount_in_usd"": 27.09}",No action (low risk cleared),Pending review,Awaiting investigator
TXN_856363,2026-09-18 12:10:44 UTC,0.0184,No high-risk rules triggered,Model finds this transaction low risk with no strong anomaly indicators (score 0.018),"{""source"": ""transactions_b.csv"", ""channel"": ""ATM"", ""tx_type"": ""purchase"", ""currency"": ""USD"", ""amount"": 33.53, ""amount_in_usd"": 33.53}",No action (low risk cleared),Pending review,Awaiting investigator
TXN_426334,2026-09-18 12:10:44 UTC,0.0653,No high-risk rules triggered,Model finds this transaction low risk with no strong anomaly indicators (score 0.065),"{""source"": ""transactions_b.csv"", ""channel"": ""Mobile"", ""tx_type"": ""withdrawal"", ""currency"": ""USD"", ""amount"": 80.13, ""amount_in_usd"": 80.13}",No action (low risk cleared),Pending review,Awaiting investigator
TXN_166340,2026-09-18 12:10:44 UTC,0.0598,Weekend transaction,Model finds this transaction low risk due to weekend timing (score 0.060),"{""source"": ""transactions_b.csv"", ""channel"": ""Mobile"", ""tx_type"": ""purchase"", ""currency"": ""USD"", ""amount"": 75.37, ""amount_in_usd"": 75.37}",No action (low risk cleared),Pending review,Awaiting investigator
TXN_415113,2026-09-18 12:10:44 UTC,0.0235,Weekend transaction,Model finds this transaction low risk due to weekend timing (score 0.024),"{""source"": ""transactions_b.csv"", ""channel"": ""ATM"", ""tx_type"": ""purchase"", ""currency"": ""USD"", ""amount"": 42.89, ""amount_in_usd"": 42.89}",No action (low risk cleared),Pending review,Awaiting investigator
TXN_802578,2026-09-18 12:10:44 UTC,0.0395,Weekend transaction,Model finds this transaction low risk due to weekend timing (score 0.040),"{""source"": ""transactions_b.csv"", ""channel"": ""POS"", ""tx_type"": ""purchase"", ""currency"": ""USD"", ""amount"": 82.16, ""amount_in_usd"": 82.16}",No action (low risk cleared),Pending review,Awaiting investigator
TXN_260961,2026-09-18 12:10:44 UTC,0.0477,Online + international (typical fraud vector),Model finds this transaction low risk due to online and international (score 0.048),"{""source"": ""transactions_b.csv"", ""channel"": ""Online"", ""tx_type"": ""purchase"", ""currency"": ""USD"", ""amount"": 64.45, ""amount_in_usd"": 64.45}",No action (low risk cleared),Pending review,Awaiting investigator
TXN_647036,2026-09-18 12:10:44 UTC,0.0311,No high-risk rules triggered,Model finds this transaction low risk with no strong anomaly indicators (score 0.031),"{""source"": ""transactions_b.csv"", ""channel"": ""Online"", ""tx_type"": ""transfer"", ""currency"": ""USD"", ""amount"": 19.05, ""amount_in_usd"": 19.05}",No action (low risk cleared),Pending review,Awaiting investigator
TXN_539062,2026-09-18 12:10:44 UTC,0.9587,"Unusual hour (night, outside 06:00-22:00); Weekend transaction; Transaction drove balance negative","Model strongly flags this transaction due to occurred at night, left balance negative, weekend timing (score 0.959)","{""source"": ""transactions_b.csv"", ""channel"": ""Online"", ""tx_type"": ""purchase"", ""currency"": ""USD"", ""amount"": 2070.32, ""amount_in_usd"": 2070.32}",Flagged for review,Pending review,Awaiting investigator
TXN_400527,2026-09-18 12:10:44 UTC,0.0714,No high-risk rules triggered,Model finds this transaction low risk with no strong anomaly indicators (score 0.071),"{""source"": ""transactions_b.csv"", ""channel"": ""ATM"", ""tx_type"": ""withdrawal"", ""currency"": ""USD"", ""amount"": 290.48, ""amount_in_usd"": 290.48}",No action (low risk cleared),Pending review,Awaiting investigator
TXN_350018,2026-09-18 12:10:44 UTC,0.0565,Weekend transaction,Model finds this transaction low risk due to weekend timing (score 0.057),"{""source"": ""transactions_b.csv"", ""channel"": ""Mobile"", ""tx_type"": ""purchase"", ""currency"": ""USD"", ""amount"": 51.25, ""amount_in_usd"": 51.25}",No action (low risk cleared),Pending review,Awaiting investigator
TXN_339181,2026-09-18 12:10:44 UTC,0.0759,No high-risk rules triggered,Model finds this transaction low risk with no strong anomaly indicators (score 0.076),"{""source"": ""transactions_b.csv"", ""channel"": ""Online"", ""tx_type"": ""withdrawal"", ""currency"": ""USD"", ""amount"": 373.08, ""amount_in_usd"": 373.08}",No action (low risk cleared),Pending review,Awaiting investigator
TXN_222097,2026-09-18 12:10:44 UTC,0.0320,No high-risk rules triggered,Model finds this transaction low risk with no strong anomaly indicators (score 0.032),"{""source"": ""transactions_b.csv"", ""channel"": ""Mobile"", ""tx_type"": ""purchase"", ""currency"": ""USD"", ""amount"": 6.92, ""amount_in_usd"": 6.92}",No action (low risk cleared),Pending review,Awaiting investigator
TXN_797508,2026-09-18 12:10:44 UTC,0.0466,No high-risk rules triggered,Model finds this transaction low risk with no strong anomaly indicators (score 0.047),"{""source"": ""transactions_b.csv"", ""channel"": ""POS"", ""tx_type"": ""purchase"", ""currency"": ""USD"", ""amount"": 3.41, ""amount_in_usd"": 3.41}",No action (low risk cleared),Pending review,Awaiting investigator
TXN_252604,2026-09-18 12:10:44 UTC,0.0601,No high-risk rules triggered,Model finds this transaction low risk with no strong anomaly indicators (score 0.060),"{""source"": ""transactions_b.csv"", ""channel"": ""Online"", ""tx_type"": ""withdrawal"", ""currency"": ""USD"", ""amount"": 67.72, ""amount_in_usd"": 67.72}",No action (low risk cleared),Pending review,Awaiting investigator
TXN_475406,2026-09-18 12:10:44 UTC,0.0253,No high-risk rules triggered,Model finds this transaction low risk with no strong anomaly indicators (score 0.025),"{""source"": ""transactions_b.csv"", ""channel"": ""Online"", ""tx_type"": ""purchase"", ""currency"": ""USD"", ""amount"": 66.96, ""amount_in_usd"": 66.96}",No action (low risk cleared),Pending review,Awaiting investigator
TXN_580517,2026-09-18 12:10:44 UTC,0.0369,No high-risk rules triggered,Model finds this transaction low risk with no strong anomaly indicators (score 0.037),"{""source"": ""transactions_b.csv"", ""channel"": ""Branch"", ""tx_type"": ""purchase"", ""currency"": ""USD"", ""amount"": 28.9, ""amount_in_usd"": 28.9}",No action (low risk cleared),Pending review,Awaiting investigator
TXN_828039,2026-09-18 12:10:44 UTC,0.0279,Weekend transaction,Model finds this transaction low risk due to weekend timing (score 0.028),"{""source"": ""transactions_b.csv"", ""channel"": ""Online"", ""tx_type"": ""purchase"", ""currency"": ""USD"", ""amount"": 67.23, ""amount_in_usd"": 67.23}",No action (low risk cleared),Pending review,Awaiting investigator
TXN_726014,2026-09-18 12:10:44 UTC,0.0036,No high-risk rules triggered,Model finds this transaction low risk with no strong anomaly indicators (score 0.004),"{""source"": ""transactions_b.csv"", ""channel"": ""Mobile"", ""tx_type"": ""purchase"", ""currency"": ""USD"", ""amount"": 19.82, ""amount_in_usd"": 19.82}",No action (low risk cleared),Pending review,Awaiting investigator
TXN_339672,2026-09-18 12:10:44 UTC,0.0893,Late-night online purchase,Model finds this transaction low risk with no strong anomaly indicators (score 0.089),"{""source"": ""transactions_b.csv"", ""channel"": ""Branch"", ""tx_type"": ""withdrawal"", ""currency"": ""USD"", ""amount"": 210.89, ""amount_in_usd"": 210.89}",No action (low risk cleared),Pending review,Awaiting investigator
TXN_331435,2026-09-18 12:10:44 UTC,0.0272,Weekend transaction,Model finds this transaction low risk due to weekend timing (score 0.027),"{""source"": ""transactions_b.csv"", ""channel"": ""POS"", ""tx_type"": ""purchase"", ""currency"": ""USD"", ""amount"": 94.83, ""amount_in_usd"": 94.83}",No action (low risk cleared),Pending review,Awaiting investigator
TXN_290741,2026-09-18 12:10:44 UTC,0.0257,No high-risk rules triggered,Model finds this transaction low risk with no strong anomaly indicators (score 0.026),"{""source"": ""transactions_b.csv"", ""channel"": ""POS"", ""tx_type"": ""transfer"", ""currency"": ""USD"", ""amount"": 59.5, ""amount_in_usd"": 59.5}",No action (low risk cleared),Pending review,Awaiting investigator
TXN_301872,2026-09-18 12:10:44 UTC,0.0329,No high-risk rules triggered,Model finds this transaction low risk with no strong anomaly indicators (score 0.033),"{""source"": ""transactions_b.csv"", ""channel"": ""Online"", ""tx_type"": ""transfer"", ""currency"": ""USD"", ""amount"": 5.67, ""amount_in_usd"": 5.67}",No action (low risk cleared),Pending review,Awaiting investigator
TXN_610040,2026-09-18 12:10:44 UTC,0.0845,"Unusual hour (night, outside 06:00-22:00)",Model finds this transaction low risk due to occurred at night (score 0.085),"{""source"": ""transactions_b.csv"", ""channel"": ""POS"", ""tx_type"": ""purchase"", ""currency"": ""USD"", ""amount"": 10.52, ""amount_in_usd"": 10.52}",No action (low risk cleared),Pending review,Awaiting investigator
TXN_754331,2026-09-18 12:10:44 UTC,0.0373,No high-risk rules triggered,Model finds this transaction low risk with no strong anomaly indicators (score 0.037),"{""source"": ""transactions_b.csv"", ""channel"": ""Branch"", ""tx_type"": ""purchase"", ""currency"": ""USD"", ""amount"": 30.15, ""amount_in_usd"": 30.15}",No action (low risk cleared),Pending review,Awaiting investigator
TXN_935543,2026-09-18 12:10:44 UTC,0.0527,No high-risk rules triggered,Model finds this transaction low risk with no strong anomaly indicators (score 0.053),"{""source"": ""transactions_b.csv"", ""channel"": ""ATM"", ""tx_type"": ""withdrawal"", ""currency"": ""USD"", ""amount"": 36.02, ""amount_in_usd"": 36.02}",No action (low risk cleared),Pending review,Awaiting investigator
TXN_873687,2026-09-18 12:10:44 UTC,0.0217,No high-risk rules triggered,Model finds this transaction low risk with no strong anomaly indicators (score 0.022),"{""source"": ""transactions_b.csv"", ""channel"": ""Online"", ""tx_type"": ""payment"", ""currency"": ""USD"", ""amount"": 15.83, ""amount_in_usd"": 15.83}",No action (low risk cleared),Pending review,Awaiting investigator
TXN_744855,2026-09-18 12:10:44 UTC,0.0258,No high-risk rules triggered,Model finds this transaction low risk with no strong anomaly indicators (score 0.026),"{""source"": ""transactions_b.csv"", ""channel"": ""POS"", ""tx_type"": ""transfer"", ""currency"": ""USD"", ""amount"": 25.94, ""amount_in_usd"": 25.94}",No action (low risk cleared),Pending review,Awaiting investigator
TXN_512346,2026-09-18 12:10:44 UTC,0.0361,No high-risk rules triggered,Model finds this transaction low risk with no strong anomaly indicators (score 0.036),"{""source"": ""transactions_b.csv"", ""channel"": ""Mobile"", ""tx_type"": ""transfer"", ""currency"": ""USD"", ""amount"": 186.13, ""amount_in_usd"": 186.13}",No action (low risk cleared),Pending review,Awaiting investigator
TXN_125715,2026-09-18 12:10:44 UTC,0.0160,Weekend transaction,Model finds this transaction low risk due to weekend timing (score 0.016),"{""source"": ""transactions_b.csv"", ""channel"": ""Branch"", ""tx_type"": ""transfer"", ""currency"": ""USD"", ""amount"": 35.49, ""amount_in_usd"": 35.49}",No action (low risk cleared),Pending review,Awaiting investigator
TXN_933389,2026-09-18 12:10:44 UTC,0.0330,No high-risk rules triggered,Model finds this transaction low risk with no strong anomaly indicators (score 0.033),"{""source"": ""transactions_b.csv"", ""channel"": ""ATM"", ""tx_type"": ""purchase"", ""currency"": ""USD"", ""amount"": 26.5, ""amount_in_usd"": 26.5}",No action (low risk cleared),Pending review,Awaiting investigator
TXN_688368,2026-09-18 12:10:44 UTC,0.0590,Weekend transaction,Model finds this transaction low risk due to weekend timing (score 0.059),"{""source"": ""transactions_b.csv"", ""channel"": ""ATM"", ""tx_type"": ""payment"", ""currency"": ""USD"", ""amount"": 53.27, ""amount_in_usd"": 53.27}",No action (low risk cleared),Pending review,Awaiting investigator
TXN_287760,2026-09-18 12:10:44 UTC,0.0333,Online + international (typical fraud vector),Model finds this transaction low risk due to online and international (score 0.033),"{""source"": ""transactions_b.csv"", ""channel"": ""Online"", ""tx_type"": ""purchase"", ""currency"": ""USD"", ""amount"": 23.51, ""amount_in_usd"": 23.51}",No action (low risk cleared),Pending review,Awaiting investigator
TXN_333132,2026-09-18 12:10:44 UTC,0.0237,No high-risk rules triggered,Model finds this transaction low risk with no strong anomaly indicators (score 0.024),"{""source"": ""transactions_b.csv"", ""channel"": ""POS"", ""tx_type"": ""payment"", ""currency"": ""USD"", ""amount"": 30.46, ""amount_in_usd"": 30.46}",No action (low risk cleared),Pending review,Awaiting investigator
TXN_829645,2026-09-18 12:10:44 UTC,0.0397,Weekend transaction,Model finds this transaction low risk due to weekend timing (score 0.040),"{""source"": ""transactions_b.csv"", ""channel"": ""Online"", ""tx_type"": ""payment"", ""currency"": ""USD"", ""amount"": 19.74, ""amount_in_usd"": 19.74}",No action (low risk cleared),Pending review,Awaiting investigator
TXN_794781,2026-09-18 12:10:44 UTC,0.0339,Weekend transaction,Model finds this transaction low risk due to weekend timing (score 0.034),"{""source"": ""transactions_b.csv"", ""channel"": ""POS"", ""tx_type"": ""payment"", ""currency"": ""USD"", ""amount"": 28.56, ""amount_in_usd"": 28.56}",No action (low risk cleared),Pending review,Awaiting investigator
TXN_419568,2026-09-18 12:10:44 UTC,0.0362,No high-risk rules triggered,Model finds this transaction low risk with no strong anomaly indicators (score 0.036),"{""source"": ""transactions_b.csv"", ""channel"": ""ATM"", ""tx_type"": ""withdrawal"", ""currency"": ""USD"", ""amount"": 47.72, ""amount_in_usd"": 47.72}",No action (low risk cleared),Pending review,Awaiting investigator
TXN_916259,2026-09-18 12:10:44 UTC,0.0855,No high-risk rules triggered,Model finds this transaction low risk with no strong anomaly indicators (score 0.086),"{""source"": ""transactions_b.csv"", ""channel"": ""Online"", ""tx_type"": ""payment"", ""currency"": ""USD"", ""amount"": 12.37, ""amount_in_usd"": 12.37}",No action (low risk cleared),Pending review,Awaiting investigator
TXN_316114,2026-09-18 12:10:44 UTC,0.0447,Online + international (typical fraud vector),Model finds this transaction low risk due to online and international (score 0.045),"{""source"": ""transactions_b.csv"", ""channel"": ""Mobile"", ""tx_type"": ""payment"", ""currency"": ""USD"", ""amount"": 24.78, ""amount_in_usd"": 24.78}",No action (low risk cleared),Pending review,Awaiting investigator
TXN_269089,2026-09-18 12:10:44 UTC,0.0508,No high-risk rules triggered,Model finds this transaction low risk with no strong anomaly indicators (score 0.051),"{""source"": ""transactions_b.csv"", ""channel"": ""POS"", ""tx_type"": ""purchase"", ""currency"": ""USD"", ""amount"": 75.02, ""amount_in_usd"": 75.02}",No action (low risk cleared),Pending review,Awaiting investigator
TXN_914577,2026-09-18 12:10:44 UTC,0.0527,Weekend transaction,Model finds this transaction low risk due to weekend timing (score 0.053),"{""source"": ""transactions_b.csv"", ""channel"": ""Online"", ""tx_type"": ""withdrawal"", ""currency"": ""USD"", ""amount"": 28.87, ""amount_in_usd"": 28.87}",No action (low risk cleared),Pending review,Awaiting investigator
TXN_234318,2026-09-18 12:10:44 UTC,0.0358,Online + international (typical fraud vector),Model finds this transaction low risk due to online and international (score 0.036),"{""source"": ""transactions_b.csv"", ""channel"": ""Online"", ""tx_type"": ""purchase"", ""currency"": ""USD"", ""amount"": 29.34, ""amount_in_usd"": 29.34}",No action (low risk cleared),Pending review,Awaiting investigator
TXN_503991,2026-09-18 12:10:44 UTC,0.0328,No high-risk rules triggered,Model finds this transaction low risk with no strong anomaly indicators (score 0.033),"{""source"": ""transactions_b.csv"", ""channel"": ""Mobile"", ""tx_type"": ""transfer"", ""currency"": ""USD"", ""amount"": 133.66, ""amount_in_usd"": 133.66}",No action (low risk cleared),Pending review,Awaiting investigator
TXN_323587,2026-09-18 12:10:44 UTC,0.0641,No high-risk rules triggered,Model finds this transaction low risk with no strong anomaly indicators (score 0.064),"{""source"": ""transactions_b.csv"", ""channel"": ""Branch"", ""tx_type"": ""withdrawal"", ""currency"": ""USD"", ""amount"": 5.33, ""amount_in_usd"": 5.33}",No action (low risk cleared),Pending review,Awaiting investigator
TXN_278266,2026-09-18 12:10:44 UTC,0.0296,No high-risk rules triggered,Model finds this transaction low risk with no strong anomaly indicators (score 0.030),"{""source"": ""transactions_b.csv"", ""channel"": ""Mobile"", ""tx_type"": ""transfer"", ""currency"": ""USD"", ""amount"": 150.48, ""amount_in_usd"": 150.48}",No action (low risk cleared),Pending review,Awaiting investigator
TXN_102526,2026-09-18 12:10:44 UTC,0.0218,No high-risk rules triggered,Model finds this transaction low risk with no strong anomaly indicators (score 0.022),"{""source"": ""transactions_b.csv"", ""channel"": ""Online"", ""tx_type"": ""purchase"", ""currency"": ""USD"", ""amount"": 69.58, ""amount_in_usd"": 69.58}",No action (low risk cleared),Pending review,Awaiting investigator
TXN_851351,2026-09-18 12:10:44 UTC,0.0279,No high-risk rules triggered,Model finds this transaction low risk with no strong anomaly indicators (score 0.028),"{""source"": ""transactions_b.csv"", ""channel"": ""ATM"", ""tx_type"": ""transfer"", ""currency"": ""USD"", ""amount"": 25.76, ""amount_in_usd"": 25.76}",No action (low risk cleared),Pending review,Awaiting investigator
TXN_578415,2026-09-18 12:10:44 UTC,0.0189,No high-risk rules triggered,Model finds this transaction low risk with no strong anomaly indicators (score 0.019),"{""source"": ""transactions_b.csv"", ""channel"": ""Online"", ""tx_type"": ""transfer"", ""currency"": ""USD"", ""amount"": 14.6, ""amount_in_usd"": 14.6}",No action (low risk cleared),Pending review,Awaiting investigator
TXN_510628,2026-09-18 12:10:44 UTC,0.0269,No high-risk rules triggered,Model finds this transaction low risk with no strong anomaly indicators (score 0.027),"{""source"": ""transactions_b.csv"", ""channel"": ""POS"", ""tx_type"": ""transfer"", ""currency"": ""USD"", ""amount"": 19.89, ""amount_in_usd"": 19.89}",No action (low risk cleared),Pending review,Awaiting investigator
TXN_446406,2026-09-18 12:10:44 UTC,0.0321,Weekend transaction,Model finds this transaction low risk due to weekend timing (score 0.032),"{""source"": ""transactions_b.csv"", ""channel"": ""Online"", ""tx_type"": ""purchase"", ""currency"": ""USD"", ""amount"": 33.93, ""amount_in_usd"": 33.93}",No action (low risk cleared),Pending review,Awaiting investigator
TXN_364883,2026-09-18 12:10:44 UTC,0.0561,Weekend transaction,Model finds this transaction low risk due to weekend timing (score 0.056),"{""source"": ""transactions_b.csv"", ""channel"": ""POS"", ""tx_type"": ""purchase"", ""currency"": ""USD"", ""amount"": 216.65, ""amount_in_usd"": 216.65}",No action (low risk cleared),Pending review,Awaiting investigator
TXN_824294,2026-09-18 12:10:44 UTC,0.0294,Weekend transaction,Model finds this transaction low risk due to weekend timing (score 0.029),"{""source"": ""transactions_b.csv"", ""channel"": ""Mobile"", ""tx_type"": ""withdrawal"", ""currency"": ""USD"", ""amount"": 78.34, ""amount_in_usd"": 78.34}",No action (low risk cleared),Pending review,Awaiting investigator
TXN_811158,2026-09-18 12:10:44 UTC,0.0115,No high-risk rules triggered,Model finds this transaction low risk with no strong anomaly indicators (score 0.011),"{""source"": ""transactions_b.csv"", ""channel"": ""Online"", ""tx_type"": ""purchase"", ""currency"": ""USD"", ""amount"": 16.87, ""amount_in_usd"": 16.87}",No action (low risk cleared),Pending review,Awaiting investigator
TXN_330530,2026-09-18 12:10:44 UTC,0.0246,No high-risk rules triggered,Model finds this transaction low risk with no strong anomaly indicators (score 0.025),"{""source"": ""transactions_b.csv"", ""channel"": ""Online"", ""tx_type"": ""withdrawal"", ""currency"": ""USD"", ""amount"": 36.27, ""amount_in_usd"": 36.27}",No action (low risk cleared),Pending review,Awaiting investigator
TXN_970928,2026-09-18 12:10:44 UTC,0.0485,Weekend transaction,Model finds this transaction low risk due to weekend timing (score 0.049),"{""source"": ""transactions_b.csv"", ""channel"": ""ATM"", ""tx_type"": ""purchase"", ""currency"": ""USD"", ""amount"": 38.68, ""amount_in_usd"": 38.68}",No action (low risk cleared),Pending review,Awaiting investigator
TXN_973141,2026-09-18 12:10:44 UTC,0.0602,Weekend transaction,Model finds this transaction low risk due to weekend timing (score 0.060),"{""source"": ""transactions_b.csv"", ""channel"": ""Online"", ""tx_type"": ""payment"", ""currency"": ""USD"", ""amount"": 8.54, ""amount_in_usd"": 8.54}",No action (low risk cleared),Pending review,Awaiting investigator
TXN_157572,2026-09-18 12:10:44 UTC,0.0854,Weekend transaction,Model finds this transaction low risk due to weekend timing (score 0.085),"{""source"": ""transactions_b.csv"", ""channel"": ""Mobile"", ""tx_type"": ""withdrawal"", ""currency"": ""USD"", ""amount"": 209.93, ""amount_in_usd"": 209.93}",No action (low risk cleared),Pending review,Awaiting investigator
TXN_644604,2026-09-18 12:10:44 UTC,0.0359,No high-risk rules triggered,Model finds this transaction low risk with no strong anomaly indicators (score 0.036),"{""source"": ""transactions_b.csv"", ""channel"": ""POS"", ""tx_type"": ""withdrawal"", ""currency"": ""USD"", ""amount"": 20.72, ""amount_in_usd"": 20.72}",No action (low risk cleared),Pending review,Awaiting investigator
TXN_325864,2026-09-18 12:10:44 UTC,0.0310,No high-risk rules triggered,Model finds this transaction low risk with no strong anomaly indicators (score 0.031),"{""source"": ""transactions_b.csv"", ""channel"": ""Online"", ""tx_type"": ""purchase"", ""currency"": ""USD"", ""amount"": 19.99, ""amount_in_usd"": 19.99}",No action (low risk cleared),Pending review,Awaiting investigator
TXN_994871,2026-09-18 12:10:44 UTC,0.0925,Online + international (typical fraud vector),Model finds this transaction low risk due to online and international (score 0.092),"{""source"": ""transactions_b.csv"", ""channel"": ""ATM"", ""tx_type"": ""payment"", ""currency"": ""USD"", ""amount"": 8.75, ""amount_in_usd"": 8.75}",No action (low risk cleared),Pending review,Awaiting investigator
TXN_873992,2026-09-18 12:10:44 UTC,0.0535,No high-risk rules triggered,Model finds this transaction low risk with no strong anomaly indicators (score 0.053),"{""source"": ""transactions_b.csv"", ""channel"": ""ATM"", ""tx_type"": ""transfer"", ""currency"": ""USD"", ""amount"": 39.73, ""amount_in_usd"": 39.73}",No action (low risk cleared),Pending review,Awaiting investigator
TXN_246763,2026-09-18 12:10:44 UTC,0.1118,No high-risk rules triggered,Model finds this transaction low risk with no strong anomaly indicators (score 0.112),"{""source"": ""transactions_b.csv"", ""channel"": ""POS"", ""tx_type"": ""withdrawal"", ""currency"": ""USD"", ""amount"": 156.28, ""amount_in_usd"": 156.28}",No action (low risk cleared),Pending review,Awaiting investigator
TXN_424929,2026-09-18 12:10:44 UTC,0.1224,"Unusual hour (night, outside 06:00-22:00); Weekend transaction; Late-night online purchase","Model finds this transaction low risk due to occurred at night, weekend timing (score 0.122)","{""source"": ""transactions_b.csv"", ""channel"": ""Online"", ""tx_type"": ""payment"", ""currency"": ""USD"", ""amount"": 180.87, ""amount_in_usd"": 180.87}",No action (low risk cleared),Pending review,Awaiting investigator
TXN_824038,2026-09-18 12:10:44 UTC,0.0540,Online + international (typical fraud vector),Model finds this transaction low risk due to online and international (score 0.054),"{""source"": ""transactions_b.csv"", ""channel"": ""Online"", ""tx_type"": ""payment"", ""currency"": ""USD"", ""amount"": 71.9, ""amount_in_usd"": 71.9}",No action (low risk cleared),Pending review,Awaiting investigator
TXN_280465,2026-09-18 12:10:44 UTC,0.0574,No high-risk rules triggered,Model finds this transaction low risk with no strong anomaly indicators (score 0.057),"{""source"": ""transactions_b.csv"", ""channel"": ""Online"", ""tx_type"": ""transfer"", ""currency"": ""USD"", ""amount"": 6.1, ""amount_in_usd"": 6.1}",No action (low risk cleared),Pending review,Awaiting investigator
TXN_252395,2026-09-18 12:10:44 UTC,0.0228,No high-risk rules triggered,Model finds this transaction low risk with no strong anomaly indicators (score 0.023),"{""source"": ""transactions_b.csv"", ""channel"": ""Online"", ""tx_type"": ""transfer"", ""currency"": ""USD"", ""amount"": 10.41, ""amount_in_usd"": 10.41}",No action (low risk cleared),Pending review,Awaiting investigator
TXN_773689,2026-09-18 12:10:44 UTC,0.0726,No high-risk rules triggered,Model finds this transaction low risk with no strong anomaly indicators (score 0.073),"{""source"": ""transactions_b.csv"", ""channel"": ""Online"", ""tx_type"": ""purchase"", ""currency"": ""USD"", ""amount"": 3.48, ""amount_in_usd"": 3.48}",No action (low risk cleared),Pending review,Awaiting investigator
TXN_296864,2026-09-18 12:10:44 UTC,0.8851,Online + international (typical fraud vector); Late-night online purchase,Model strongly flags this transaction due to online and international (score 0.885),"{""source"": ""transactions_b.csv"", ""channel"": ""POS"", ""tx_type"": ""purchase"", ""currency"": ""USD"", ""amount"": 248.52, ""amount_in_usd"": 248.52}",Flagged for review,Pending review,Awaiting investigator
TXN_426252,2026-09-18 12:10:44 UTC,0.0321,Weekend transaction,Model finds this transaction low risk due to weekend timing (score 0.032),"{""source"": ""transactions_b.csv"", ""channel"": ""Online"", ""tx_type"": ""withdrawal"", ""currency"": ""USD"", ""amount"": 71.39, ""amount_in_usd"": 71.39}",No action (low risk cleared),Pending review,Awaiting investigator
TXN_295677,2026-09-18 12:10:44 UTC,0.0478,No high-risk rules triggered,Model finds this transaction low risk with no strong anomaly indicators (score 0.048),"{""source"": ""transactions_b.csv"", ""channel"": ""Online"", ""tx_type"": ""withdrawal"", ""currency"": ""USD"", ""amount"": 114.82, ""amount_in_usd"": 114.82}",No action (low risk cleared),Pending review,Awaiting investigator
TXN_422866,2026-09-18 12:10:44 UTC,0.0706,Weekend transaction; Late-night online purchase,Model finds this transaction low risk due to weekend timing (score 0.071),"{""source"": ""transactions_b.csv"", ""channel"": ""ATM"", ""tx_type"": ""transfer"", ""currency"": ""USD"", ""amount"": 47.2, ""amount_in_usd"": 47.2}",No action (low risk cleared),Pending review,Awaiting investigator
TXN_538454,2026-09-18 12:10:44 UTC,0.0256,Weekend transaction,Model finds this transaction low risk due to weekend timing (score 0.026),"{""source"": ""transactions_b.csv"", ""channel"": ""Online"", ""tx_type"": ""purchase"", ""currency"": ""USD"", ""amount"": 12.35, ""amount_in_usd"": 12.35}",No action (low risk cleared),Pending review,Awaiting investigator
TXN_948406,2026-09-18 12:10:44 UTC,0.0619,No high-risk rules triggered,Model finds this transaction low risk with no strong anomaly indicators (score 0.062),"{""source"": ""transactions_b.csv"", ""channel"": ""POS"", ""tx_type"": ""withdrawal"", ""currency"": ""USD"", ""amount"": 276.89, ""amount_in_usd"": 276.89}",No action (low risk cleared),Pending review,Awaiting investigator
TXN_634394,2026-09-18 12:10:44 UTC,0.9376,"Unusual hour (night, outside 06:00-22:00); Weekend transaction; Online + international (typical fraud vector); Late-night online purchase","Model strongly flags this transaction due to occurred at night, online and international, weekend timing (score 0.938)","{""source"": ""transactions_b.csv"", ""channel"": ""Mobile"", ""tx_type"": ""purchase"", ""currency"": ""USD"", ""amount"": 456.08, ""amount_in_usd"": 456.08}",Flagged for review,Pending review,Awaiting investigator
TXN_998606,2026-09-18 12:10:44 UTC,0.0339,No high-risk rules triggered,Model finds this transaction low risk with no strong anomaly indicators (score 0.034),"{""source"": ""transactions_b.csv"", ""channel"": ""POS"", ""tx_type"": ""transfer"", ""currency"": ""USD"", ""amount"": 3.7, ""amount_in_usd"": 3.7}",No action (low risk cleared),Pending review,Awaiting investigator
TXN_833583,2026-09-18 12:10:44 UTC,0.0912,No high-risk rules triggered,Model finds this transaction low risk with no strong anomaly indicators (score 0.091),"{""source"": ""transactions_b.csv"", ""channel"": ""ATM"", ""tx_type"": ""purchase"", ""currency"": ""USD"", ""amount"": 146.76, ""amount_in_usd"": 146.76}",No action (low risk cleared),Pending review,Awaiting investigator
TXN_113797,2026-09-18 12:10:44 UTC,0.0673,No high-risk rules triggered,Model finds this transaction low risk with no strong anomaly indicators (score 0.067),"{""source"": ""transactions_b.csv"", ""channel"": ""Online"", ""tx_type"": ""purchase"", ""currency"": ""USD"", ""amount"": 3.93, ""amount_in_usd"": 3.93}",No action (low risk cleared),Pending review,Awaiting investigator
TXN_581544,2026-09-18 12:10:44 UTC,0.0406,Online + international (typical fraud vector),Model finds this transaction low risk due to online and international (score 0.041),"{""source"": ""transactions_b.csv"", ""channel"": ""Online"", ""tx_type"": ""withdrawal"", ""currency"": ""USD"", ""amount"": 37.38, ""amount_in_usd"": 37.38}",No action (low risk cleared),Pending review,Awaiting investigator
TXN_850249,2026-09-18 12:10:44 UTC,0.0535,Weekend transaction,Model finds this transaction low risk due to weekend timing (score 0.053),"{""source"": ""transactions_b.csv"", ""channel"": ""Mobile"", ""tx_type"": ""transfer"", ""currency"": ""USD"", ""amount"": 11.34, ""amount_in_usd"": 11.34}",No action (low risk cleared),Pending review,Awaiting investigator
TXN_352181,2026-09-18 12:10:44 UTC,0.0521,No high-risk rules triggered,Model finds this transaction low risk with no strong anomaly indicators (score 0.052),"{""source"": ""transactions_b.csv"", ""channel"": ""Online"", ""tx_type"": ""purchase"", ""currency"": ""USD"", ""amount"": 113.32, ""amount_in_usd"": 113.32}",No action (low risk cleared),Pending review,Awaiting investigator
TXN_423103,2026-09-18 12:10:44 UTC,0.0133,No high-risk rules triggered,Model finds this transaction low risk with no strong anomaly indicators (score 0.013),"{""source"": ""transactions_b.csv"", ""channel"": ""Online"", ""tx_type"": ""purchase"", ""currency"": ""USD"", ""amount"": 38.94, ""amount_in_usd"": 38.94}",No action (low risk cleared),Pending review,Awaiting investigator
TXN_451243,2026-09-18 12:10:44 UTC,0.0133,Weekend transaction,Model finds this transaction low risk due to weekend timing (score 0.013),"{""source"": ""transactions_b.csv"", ""channel"": ""Mobile"", ""tx_type"": ""purchase"", ""currency"": ""USD"", ""amount"": 23.04, ""amount_in_usd"": 23.04}",No action (low risk cleared),Pending review,Awaiting investigator
TXN_394771,2026-09-18 12:10:44 UTC,0.1258,Online + international (typical fraud vector),Model finds this transaction low risk due to online and international (score 0.126),"{""source"": ""transactions_b.csv"", ""channel"": ""Online"", ""tx_type"": ""payment"", ""currency"": ""USD"", ""amount"": 171.6, ""amount_in_usd"": 171.6}",No action (low risk cleared),Pending review,Awaiting investigator
TXN_714120,2026-09-18 12:10:44 UTC,0.0549,Weekend transaction,Model finds this transaction low risk due to weekend timing (score 0.055),"{""source"": ""transactions_b.csv"", ""channel"": ""POS"", ""tx_type"": ""transfer"", ""currency"": ""USD"", ""amount"": 64.52, ""amount_in_usd"": 64.52}",No action (low risk cleared),Pending review,Awaiting investigator
TXN_873031,2026-09-18 12:10:44 UTC,0.0429,Weekend transaction; Online + international (typical fraud vector),"Model finds this transaction low risk due to online and international, weekend timing (score 0.043)","{""source"": ""transactions_b.csv"", ""channel"": ""Mobile"", ""tx_type"": ""purchase"", ""currency"": ""USD"", ""amount"": 86.67, ""amount_in_usd"": 86.67}",No action (low risk cleared),Pending review,Awaiting investigator
TXN_943740,2026-09-18 12:10:44 UTC,0.0218,Weekend transaction,Model finds this transaction low risk due to weekend timing (score 0.022),"{""source"": ""transactions_b.csv"", ""channel"": ""Mobile"", ""tx_type"": ""purchase"", ""currency"": ""USD"", ""amount"": 25.82, ""amount_in_usd"": 25.82}",No action (low risk cleared),Pending review,Awaiting investigator
TXN_238145,2026-09-18 12:10:44 UTC,0.0583,Weekend transaction,Model finds this transaction low risk due to weekend timing (score 0.058),"{""source"": ""transactions_b.csv"", ""channel"": ""POS"", ""tx_type"": ""withdrawal"", ""currency"": ""USD"", ""amount"": 42.08, ""amount_in_usd"": 42.08}",No action (low risk cleared),Pending review,Awaiting investigator
TXN_180339,2026-09-18 12:10:44 UTC,0.0081,No high-risk rules triggered,Model finds this transaction low risk with no strong anomaly indicators (score 0.008),"{""source"": ""transactions_b.csv"", ""channel"": ""Online"", ""tx_type"": ""purchase"", ""currency"": ""USD"", ""amount"": 34.83, ""amount_in_usd"": 34.83}",No action (low risk cleared),Pending review,Awaiting investigator
TXN_615909,2026-09-18 12:10:44 UTC,0.0570,No high-risk rules triggered,Model finds this transaction low risk with no strong anomaly indicators (score 0.057),"{""source"": ""transactions_b.csv"", ""channel"": ""Mobile"", ""tx_type"": ""withdrawal"", ""currency"": ""USD"", ""amount"": 57.55, ""amount_in_usd"": 57.55}",No action (low risk cleared),Pending review,Awaiting investigator
TXN_867634,2026-09-18 12:10:44 UTC,0.0280,Weekend transaction,Model finds this transaction low risk due to weekend timing (score 0.028),"{""source"": ""transactions_b.csv"", ""channel"": ""ATM"", ""tx_type"": ""purchase"", ""currency"": ""USD"", ""amount"": 37.44, ""amount_in_usd"": 37.44}",No action (low risk cleared),Pending review,Awaiting investigator
TXN_441716,2026-09-18 12:10:44 UTC,0.0326,No high-risk rules triggered,Model finds this transaction low risk with no strong anomaly indicators (score 0.033),"{""source"": ""transactions_b.csv"", ""channel"": ""POS"", ""tx_type"": ""purchase"", ""currency"": ""USD"", ""amount"": 39.48, ""amount_in_usd"": 39.48}",No action (low risk cleared),Pending review,Awaiting investigator
TXN_762099,2026-09-18 12:10:44 UTC,0.1927,"Unusual hour (night, outside 06:00-22:00)",Model finds this transaction low risk due to occurred at night (score 0.193),"{""source"": ""transactions_b.csv"", ""channel"": ""Online"", ""tx_type"": ""purchase"", ""currency"": ""USD"", ""amount"": 120.78, ""amount_in_usd"": 120.78}",No action (low risk cleared),Pending review,Awaiting investigator
TXN_372435,2026-09-18 12:10:45 UTC,0.0120,No high-risk rules triggered,Model finds this transaction low risk with no strong anomaly indicators (score 0.012),"{""source"": ""transactions_b.csv"", ""channel"": ""Online"", ""tx_type"": ""purchase"", ""currency"": ""USD"", ""amount"": 55.79, ""amount_in_usd"": 55.79}",No action (low risk cleared),Pending review,Awaiting investigator
TXN_485505,2026-09-18 12:10:45 UTC,0.0143,No high-risk rules triggered,Model finds this transaction low risk with no strong anomaly indicators (score 0.014),"{""source"": ""transactions_b.csv"", ""channel"": ""Online"", ""tx_type"": ""purchase"", ""currency"": ""USD"", ""amount"": 65.27, ""amount_in_usd"": 65.27}",No action (low risk cleared),Pending review,Awaiting investigator
TXN_409362,2026-09-18 12:10:45 UTC,0.0976,No high-risk rules triggered,Model finds this transaction low risk with no strong anomaly indicators (score 0.098),"{""source"": ""transactions_b.csv"", ""channel"": ""Online"", ""tx_type"": ""withdrawal"", ""currency"": ""USD"", ""amount"": 86.04, ""amount_in_usd"": 86.04}",No action (low risk cleared),Pending review,Awaiting investigator
TXN_351440,2026-09-18 12:10:45 UTC,0.0615,Weekend transaction,Model finds this transaction low risk due to weekend timing (score 0.061),"{""source"": ""transactions_b.csv"", ""channel"": ""ATM"", ""tx_type"": ""purchase"", ""currency"": ""USD"", ""amount"": 40.9, ""amount_in_usd"": 40.9}",No action (low risk cleared),Pending review,Awaiting investigator
TXN_326151,2026-09-18 12:10:45 UTC,0.0542,Online + international (typical fraud vector),Model finds this transaction low risk due to online and international (score 0.054),"{""source"": ""transactions_b.csv"", ""channel"": ""Online"", ""tx_type"": ""purchase"", ""currency"": ""USD"", ""amount"": 22.43, ""amount_in_usd"": 22.43}",No action (low risk cleared),Pending review,Awaiting investigator
TXN_430731,2026-09-18 12:10:45 UTC,0.0384,No high-risk rules triggered,Model finds this transaction low risk with no strong anomaly indicators (score 0.038),"{""source"": ""transactions_b.csv"", ""channel"": ""Online"", ""tx_type"": ""purchase"", ""currency"": ""USD"", ""amount"": 17.54, ""amount_in_usd"": 17.54}",No action (low risk cleared),Pending review,Awaiting investigator
TXN_815206,2026-09-18 12:10:45 UTC,0.0793,Weekend transaction; Online + international (typical fraud vector),"Model finds this transaction low risk due to online and international, weekend timing (score 0.079)","{""source"": ""transactions_b.csv"", ""channel"": ""Mobile"", ""tx_type"": ""payment"", ""currency"": ""USD"", ""amount"": 13.72, ""amount_in_usd"": 13.72}",No action (low risk cleared),Pending review,Awaiting investigator
TXN_231122,2026-09-18 12:10:45 UTC,0.0409,Weekend transaction,Model finds this transaction low risk due to weekend timing (score 0.041),"{""source"": ""transactions_b.csv"", ""channel"": ""Mobile"", ""tx_type"": ""transfer"", ""currency"": ""USD"", ""amount"": 137.64, ""amount_in_usd"": 137.64}",No action (low risk cleared),Pending review,Awaiting investigator
TXN_182774,2026-09-18 12:10:45 UTC,0.0332,Weekend transaction,Model finds this transaction low risk due to weekend timing (score 0.033),"{""source"": ""transactions_b.csv"", ""channel"": ""Online"", ""tx_type"": ""purchase"", ""currency"": ""USD"", ""amount"": 181.36, ""amount_in_usd"": 181.36}",No action (low risk cleared),Pending review,Awaiting investigator
TXN_899025,2026-09-18 12:10:45 UTC,0.0790,"Unusual hour (night, outside 06:00-22:00)",Model finds this transaction low risk due to occurred at night (score 0.079),"{""source"": ""transactions_b.csv"", ""channel"": ""Online"", ""tx_type"": ""withdrawal"", ""currency"": ""USD"", ""amount"": 20.52, ""amount_in_usd"": 20.52}",No action (low risk cleared),Pending review,Awaiting investigator
TXN_364950,2026-09-18 12:10:45 UTC,0.0753,"Unusual hour (night, outside 06:00-22:00); Late-night online purchase",Model finds this transaction low risk due to occurred at night (score 0.075),"{""source"": ""transactions_b.csv"", ""channel"": ""Mobile"", ""tx_type"": ""transfer"", ""currency"": ""USD"", ""amount"": 24.37, ""amount_in_usd"": 24.37}",No action (low risk cleared),Pending review,Awaiting investigator
TXN_772179,2026-09-18 12:10:45 UTC,0.1756,Online + international (typical fraud vector),Model finds this transaction low risk due to online and international (score 0.176),"{""source"": ""transactions_b.csv"", ""channel"": ""Online"", ""tx_type"": ""withdrawal"", ""currency"": ""USD"", ""amount"": 159.38, ""amount_in_usd"": 159.38}",No action (low risk cleared),Pending review,Awaiting investigator
TXN_620430,2026-09-18 12:10:45 UTC,0.0575,Online + international (typical fraud vector),Model finds this transaction low risk due to online and international (score 0.058),"{""source"": ""transactions_b.csv"", ""channel"": ""ATM"", ""tx_type"": ""transfer"", ""currency"": ""USD"", ""amount"": 16.2, ""amount_in_usd"": 16.2}",No action (low risk cleared),Pending review,Awaiting investigator
TXN_512005,2026-09-18 12:10:45 UTC,0.0982,No high-risk rules triggered,Model finds this transaction low risk with no strong anomaly indicators (score 0.098),"{""source"": ""transactions_b.csv"", ""channel"": ""Online"", ""tx_type"": ""purchase"", ""currency"": ""USD"", ""amount"": 853.8, ""amount_in_usd"": 853.8}",No action (low risk cleared),Pending review,Awaiting investigator
TXN_176675,2026-09-18 12:10:45 UTC,0.0875,No high-risk rules triggered,Model finds this transaction low risk with no strong anomaly indicators (score 0.087),"{""source"": ""transactions_b.csv"", ""channel"": ""POS"", ""tx_type"": ""withdrawal"", ""currency"": ""USD"", ""amount"": 89.57, ""amount_in_usd"": 89.57}",No action (low risk cleared),Pending review,Awaiting investigator
TXN_517651,2026-09-18 12:10:45 UTC,0.0454,No high-risk rules triggered,Model finds this transaction low risk with no strong anomaly indicators (score 0.045),"{""source"": ""transactions_b.csv"", ""channel"": ""ATM"", ""tx_type"": ""transfer"", ""currency"": ""USD"", ""amount"": 50.92, ""amount_in_usd"": 50.92}",No action (low risk cleared),Pending review,Awaiting investigator
TXN_267175,2026-09-18 12:10:45 UTC,0.9170,"Unusual hour (night, outside 06:00-22:00); Weekend transaction; Online + international (typical fraud vector); Late-night online purchase","Model strongly flags this transaction due to occurred at night, online and international, weekend timing (score 0.917)","{""source"": ""transactions_b.csv"", ""channel"": ""Mobile"", ""tx_type"": ""payment"", ""currency"": ""USD"", ""amount"": 66.03, ""amount_in_usd"": 66.03}",Flagged for review,Pending review,Awaiting investigator
TXN_278756,2026-09-18 12:10:45 UTC,0.0484,No high-risk rules triggered,Model finds this transaction low risk with no strong anomaly indicators (score 0.048),"{""source"": ""transactions_b.csv"", ""channel"": ""Branch"", ""tx_type"": ""transfer"", ""currency"": ""USD"", ""amount"": 38.56, ""amount_in_usd"": 38.56}",No action (low risk cleared),Pending review,Awaiting investigator
TXN_342497,2026-09-18 12:10:45 UTC,0.0317,No high-risk rules triggered,Model finds this transaction low risk with no strong anomaly indicators (score 0.032),"{""source"": ""transactions_b.csv"", ""channel"": ""POS"", ""tx_type"": ""transfer"", ""currency"": ""USD"", ""amount"": 14.87, ""amount_in_usd"": 14.87}",No action (low risk cleared),Pending review,Awaiting investigator
TXN_223887,2026-09-18 12:10:45 UTC,0.0534,Weekend transaction,Model finds this transaction low risk due to weekend timing (score 0.053),"{""source"": ""transactions_b.csv"", ""channel"": ""POS"", ""tx_type"": ""withdrawal"", ""currency"": ""USD"", ""amount"": 151.82, ""amount_in_usd"": 151.82}",No action (low risk cleared),Pending review,Awaiting investigator
TXN_671949,2026-09-18 12:10:45 UTC,0.0224,No high-risk rules triggered,Model finds this transaction low risk with no strong anomaly indicators (score 0.022),"{""source"": ""transactions_b.csv"", ""channel"": ""Online"", ""tx_type"": ""purchase"", ""currency"": ""USD"", ""amount"": 104.49, ""amount_in_usd"": 104.49}",No action (low risk cleared),Pending review,Awaiting investigator
TXN_443093,2026-09-18 12:10:45 UTC,0.0496,No high-risk rules triggered,Model finds this transaction low risk with no strong anomaly indicators (score 0.050),"{""source"": ""transactions_b.csv"", ""channel"": ""ATM"", ""tx_type"": ""purchase"", ""currency"": ""USD"", ""amount"": 3.7, ""amount_in_usd"": 3.7}",No action (low risk cleared),Pending review,Awaiting investigator
TXN_824884,2026-09-18 12:10:45 UTC,0.0585,No high-risk rules triggered,Model finds this transaction low risk with no strong anomaly indicators (score 0.059),"{""source"": ""transactions_b.csv"", ""channel"": ""POS"", ""tx_type"": ""payment"", ""currency"": ""USD"", ""amount"": 20.92, ""amount_in_usd"": 20.92}",No action (low risk cleared),Pending review,Awaiting investigator
TXN_183536,2026-09-18 12:10:45 UTC,0.0188,No high-risk rules triggered,Model finds this transaction low risk with no strong anomaly indicators (score 0.019),"{""source"": ""transactions_b.csv"", ""channel"": ""Mobile"", ""tx_type"": ""purchase"", ""currency"": ""USD"", ""amount"": 15.79, ""amount_in_usd"": 15.79}",No action (low risk cleared),Pending review,Awaiting investigator
TXN_357224,2026-09-18 12:10:45 UTC,0.9249,Online + international (typical fraud vector); Late-night online purchase,Model strongly flags this transaction due to online and international (score 0.925),"{""source"": ""transactions_b.csv"", ""channel"": ""POS"", ""tx_type"": ""purchase"", ""currency"": ""USD"", ""amount"": 1481.22, ""amount_in_usd"": 1481.22}",Flagged for review,Pending review,Awaiting investigator
TXN_133705,2026-09-18 12:10:45 UTC,0.1406,"Unusual hour (night, outside 06:00-22:00); Late-night online purchase",Model finds this transaction low risk due to occurred at night (score 0.141),"{""source"": ""transactions_b.csv"", ""channel"": ""Online"", ""tx_type"": ""withdrawal"", ""currency"": ""USD"", ""amount"": 677.03, ""amount_in_usd"": 677.03}",No action (low risk cleared),Pending review,Awaiting investigator
TXN_188025,2026-09-18 12:10:45 UTC,0.0437,No high-risk rules triggered,Model finds this transaction low risk with no strong anomaly indicators (score 0.044),"{""source"": ""transactions_b.csv"", ""channel"": ""POS"", ""tx_type"": ""purchase"", ""currency"": ""USD"", ""amount"": 189.17, ""amount_in_usd"": 189.17}",No action (low risk cleared),Pending review,Awaiting investigator
TXN_801867,2026-09-18 12:10:45 UTC,0.0730,No high-risk rules triggered,Model finds this transaction low risk with no strong anomaly indicators (score 0.073),"{""source"": ""transactions_b.csv"", ""channel"": ""Online"", ""tx_type"": ""withdrawal"", ""currency"": ""USD"", ""amount"": 20.32, ""amount_in_usd"": 20.32}",No action (low risk cleared),Pending review,Awaiting investigator
TXN_888696,2026-09-18 12:10:45 UTC,0.0409,No high-risk rules triggered,Model finds this transaction low risk with no strong anomaly indicators (score 0.041),"{""source"": ""transactions_b.csv"", ""channel"": ""Mobile"", ""tx_type"": ""purchase"", ""currency"": ""USD"", ""amount"": 156.36, ""amount_in_usd"": 156.36}",No action (low risk cleared),Pending review,Awaiting investigator
TXN_404093,2026-09-18 12:10:45 UTC,0.0162,No high-risk rules triggered,Model finds this transaction low risk with no strong anomaly indicators (score 0.016),"{""source"": ""transactions_b.csv"", ""channel"": ""Online"", ""tx_type"": ""purchase"", ""currency"": ""USD"", ""amount"": 10.2, ""amount_in_usd"": 10.2}",No action (low risk cleared),Pending review,Awaiting investigator
TXN_731745,2026-09-18 12:10:45 UTC,0.0126,Weekend transaction,Model finds this transaction low risk due to weekend timing (score 0.013),"{""source"": ""transactions_b.csv"", ""channel"": ""Online"", ""tx_type"": ""purchase"", ""currency"": ""USD"", ""amount"": 78.55, ""amount_in_usd"": 78.55}",No action (low risk cleared),Pending review,Awaiting investigator
TXN_869412,2026-09-18 12:10:45 UTC,0.0534,No high-risk rules triggered,Model finds this transaction low risk with no strong anomaly indicators (score 0.053),"{""source"": ""transactions_b.csv"", ""channel"": ""ATM"", ""tx_type"": ""purchase"", ""currency"": ""USD"", ""amount"": 24.35, ""amount_in_usd"": 24.35}",No action (low risk cleared),Pending review,Awaiting investigator
TXN_134550,2026-09-18 12:10:45 UTC,0.1020,"Unusual hour (night, outside 06:00-22:00)",Model finds this transaction low risk due to occurred at night (score 0.102),"{""source"": ""transactions_b.csv"", ""channel"": ""Branch"", ""tx_type"": ""payment"", ""currency"": ""USD"", ""amount"": 8.06, ""amount_in_usd"": 8.06}",No action (low risk cleared),Pending review,Awaiting investigator
TXN_972762,2026-09-18 12:10:45 UTC,0.0502,No high-risk rules triggered,Model finds this transaction low risk with no strong anomaly indicators (score 0.050),"{""source"": ""transactions_b.csv"", ""channel"": ""ATM"", ""tx_type"": ""withdrawal"", ""currency"": ""USD"", ""amount"": 112.23, ""amount_in_usd"": 112.23}",No action (low risk cleared),Pending review,Awaiting investigator
TXN_108332,2026-09-18 12:10:45 UTC,0.0512,Online + international (typical fraud vector),Model finds this transaction low risk due to online and international (score 0.051),"{""source"": ""transactions_b.csv"", ""channel"": ""Branch"", ""tx_type"": ""purchase"", ""currency"": ""USD"", ""amount"": 40.56, ""amount_in_usd"": 40.56}",No action (low risk cleared),Pending review,Awaiting investigator
TXN_498627,2026-09-18 12:10:45 UTC,0.0375,No high-risk rules triggered,Model finds this transaction low risk with no strong anomaly indicators (score 0.037),"{""source"": ""transactions_b.csv"", ""channel"": ""Online"", ""tx_type"": ""payment"", ""currency"": ""USD"", ""amount"": 35.72, ""amount_in_usd"": 35.72}",No action (low risk cleared),Pending review,Awaiting investigator
TXN_491648,2026-09-18 12:10:45 UTC,0.0610,No high-risk rules triggered,Model finds this transaction low risk with no strong anomaly indicators (score 0.061),"{""source"": ""transactions_b.csv"", ""channel"": ""Mobile"", ""tx_type"": ""withdrawal"", ""currency"": ""USD"", ""amount"": 23.85, ""amount_in_usd"": 23.85}",No action (low risk cleared),Pending review,Awaiting investigator
TXN_123363,2026-09-18 12:10:45 UTC,0.0352,Weekend transaction,Model finds this transaction low risk due to weekend timing (score 0.035),"{""source"": ""transactions_b.csv"", ""channel"": ""Mobile"", ""tx_type"": ""payment"", ""currency"": ""USD"", ""amount"": 62.22, ""amount_in_usd"": 62.22}",No action (low risk cleared),Pending review,Awaiting investigator
TXN_989780,2026-09-18 12:10:45 UTC,0.0708,Online + international (typical fraud vector),Model finds this transaction low risk due to online and international (score 0.071),"{""source"": ""transactions_b.csv"", ""channel"": ""Branch"", ""tx_type"": ""payment"", ""currency"": ""USD"", ""amount"": 5.25, ""amount_in_usd"": 5.25}",No action (low risk cleared),Pending review,Awaiting investigator
TXN_662168,2026-09-18 12:10:45 UTC,0.0545,No high-risk rules triggered,Model finds this transaction low risk with no strong anomaly indicators (score 0.054),"{""source"": ""transactions_b.csv"", ""channel"": ""Mobile"", ""tx_type"": ""purchase"", ""currency"": ""USD"", ""amount"": 7.38, ""amount_in_usd"": 7.38}",No action (low risk cleared),Pending review,Awaiting investigator
TXN_603036,2026-09-18 12:10:45 UTC,0.0164,Weekend transaction,Model finds this transaction low risk due to weekend timing (score 0.016),"{""source"": ""transactions_b.csv"", ""channel"": ""Branch"", ""tx_type"": ""purchase"", ""currency"": ""USD"", ""amount"": 12.62, ""amount_in_usd"": 12.62}",No action (low risk cleared),Pending review,Awaiting investigator
TXN_292920,2026-09-18 12:10:45 UTC,0.0463,No high-risk rules triggered,Model finds this transaction low risk with no strong anomaly indicators (score 0.046),"{""source"": ""transactions_b.csv"", ""channel"": ""Online"", ""tx_type"": ""payment"", ""currency"": ""USD"", ""amount"": 8.82, ""amount_in_usd"": 8.82}",No action (low risk cleared),Pending review,Awaiting investigator
TXN_329465,2026-09-18 12:10:45 UTC,0.0459,No high-risk rules triggered,Model finds this transaction low risk with no strong anomaly indicators (score 0.046),"{""source"": ""transactions_b.csv"", ""channel"": ""Mobile"", ""tx_type"": ""purchase"", ""currency"": ""USD"", ""amount"": 4.16, ""amount_in_usd"": 4.16}",No action (low risk cleared),Pending review,Awaiting investigator
TXN_824159,2026-09-18 12:10:45 UTC,0.0984,No high-risk rules triggered,Model finds this transaction low risk with no strong anomaly indicators (score 0.098),"{""source"": ""transactions_b.csv"", ""channel"": ""Mobile"", ""tx_type"": ""payment"", ""currency"": ""USD"", ""amount"": 29.14, ""amount_in_usd"": 29.14}",No action (low risk cleared),Pending review,Awaiting investigator
TXN_239279,2026-09-18 12:10:45 UTC,0.0775,Weekend transaction,Model finds this transaction low risk due to weekend timing (score 0.077),"{""source"": ""transactions_b.csv"", ""channel"": ""Online"", ""tx_type"": ""transfer"", ""currency"": ""USD"", ""amount"": 1.82, ""amount_in_usd"": 1.82}",No action (low risk cleared),Pending review,Awaiting investigator
TXN_524882,2026-09-18 12:10:45 UTC,0.0432,No high-risk rules triggered,Model finds this transaction low risk with no strong anomaly indicators (score 0.043),"{""source"": ""transactions_b.csv"", ""channel"": ""ATM"", ""tx_type"": ""withdrawal"", ""currency"": ""USD"", ""amount"": 15.32, ""amount_in_usd"": 15.32}",No action (low risk cleared),Pending review,Awaiting investigator
TXN_354246,2026-09-18 12:10:45 UTC,0.2195,"Unusual hour (night, outside 06:00-22:00)",Model finds this transaction low risk due to occurred at night (score 0.220),"{""source"": ""transactions_b.csv"", ""channel"": ""Mobile"", ""tx_type"": ""transfer"", ""currency"": ""USD"", ""amount"": 107.08, ""amount_in_usd"": 107.08}",No action (low risk cleared),Pending review,Awaiting investigator
TXN_704728,2026-09-18 12:10:45 UTC,0.0194,No high-risk rules triggered,Model finds this transaction low risk with no strong anomaly indicators (score 0.019),"{""source"": ""transactions_b.csv"", ""channel"": ""Mobile"", ""tx_type"": ""purchase"", ""currency"": ""USD"", ""amount"": 27.88, ""amount_in_usd"": 27.88}",No action (low risk cleared),Pending review,Awaiting investigator
TXN_167585,2026-09-18 12:10:45 UTC,0.0320,No high-risk rules triggered,Model finds this transaction low risk with no strong anomaly indicators (score 0.032),"{""source"": ""transactions_b.csv"", ""channel"": ""Online"", ""tx_type"": ""purchase"", ""currency"": ""USD"", ""amount"": 39.8, ""amount_in_usd"": 39.8}",No action (low risk cleared),Pending review,Awaiting investigator
TXN_663071,2026-09-18 12:10:45 UTC,0.0644,Weekend transaction; Online + international (typical fraud vector),"Model finds this transaction low risk due to online and international, weekend timing (score 0.064)","{""source"": ""transactions_b.csv"", ""channel"": ""Mobile"", ""tx_type"": ""withdrawal"", ""currency"": ""USD"", ""amount"": 27.58, ""amount_in_usd"": 27.58}",No action (low risk cleared),Pending review,Awaiting investigator
TXN_272271,2026-09-18 12:10:45 UTC,0.0299,Weekend transaction,Model finds this transaction low risk due to weekend timing (score 0.030),"{""source"": ""transactions_b.csv"", ""channel"": ""POS"", ""tx_type"": ""purchase"", ""currency"": ""USD"", ""amount"": 33.31, ""amount_in_usd"": 33.31}",No action (low risk cleared),Pending review,Awaiting investigator
TXN_181680,2026-09-18 12:10:45 UTC,0.0636,Weekend transaction,Model finds this transaction low risk due to weekend timing (score 0.064),"{""source"": ""transactions_b.csv"", ""channel"": ""Branch"", ""tx_type"": ""purchase"", ""currency"": ""USD"", ""amount"": 79.68, ""amount_in_usd"": 79.68}",No action (low risk cleared),Pending review,Awaiting investigator
TXN_899772,2026-09-18 12:10:45 UTC,0.0256,Weekend transaction,Model finds this transaction low risk due to weekend timing (score 0.026),"{""source"": ""transactions_b.csv"", ""channel"": ""Mobile"", ""tx_type"": ""purchase"", ""currency"": ""USD"", ""amount"": 71.07, ""amount_in_usd"": 71.07}",No action (low risk cleared),Pending review,Awaiting investigator
TXN_507668,2026-09-18 12:10:45 UTC,0.0213,No high-risk rules triggered,Model finds this transaction low risk with no strong anomaly indicators (score 0.021),"{""source"": ""transactions_b.csv"", ""channel"": ""Mobile"", ""tx_type"": ""purchase"", ""currency"": ""USD"", ""amount"": 27.53, ""amount_in_usd"": 27.53}",No action (low risk cleared),Pending review,Awaiting investigator
TXN_195046,2026-09-18 12:10:45 UTC,0.0634,Weekend transaction,Model finds this transaction low risk due to weekend timing (score 0.063),"{""source"": ""transactions_b.csv"", ""channel"": ""Mobile"", ""tx_type"": ""purchase"", ""currency"": ""USD"", ""amount"": 54.41, ""amount_in_usd"": 54.41}",No action (low risk cleared),Pending review,Awaiting investigator
TXN_115248,2026-09-18 12:10:45 UTC,0.0300,Weekend transaction,Model finds this transaction low risk due to weekend timing (score 0.030),"{""source"": ""transactions_b.csv"", ""channel"": ""Mobile"", ""tx_type"": ""payment"", ""currency"": ""USD"", ""amount"": 46.76, ""amount_in_usd"": 46.76}",No action (low risk cleared),Pending review,Awaiting investigator
TXN_743569,2026-09-18 12:10:45 UTC,0.0440,No high-risk rules triggered,Model finds this transaction low risk with no strong anomaly indicators (score 0.044),"{""source"": ""transactions_b.csv"", ""channel"": ""POS"", ""tx_type"": ""purchase"", ""currency"": ""USD"", ""amount"": 17.54, ""amount_in_usd"": 17.54}",No action (low risk cleared),Pending review,Awaiting investigator
TXN_504132,2026-09-18 12:10:45 UTC,0.0510,No high-risk rules triggered,Model finds this transaction low risk with no strong anomaly indicators (score 0.051),"{""source"": ""transactions_b.csv"", ""channel"": ""Branch"", ""tx_type"": ""purchase"", ""currency"": ""USD"", ""amount"": 65.03, ""amount_in_usd"": 65.03}",No action (low risk cleared),Pending review,Awaiting investigator
TXN_144040,2026-09-18 12:10:45 UTC,0.0728,No high-risk rules triggered,Model finds this transaction low risk with no strong anomaly indicators (score 0.073),"{""source"": ""transactions_b.csv"", ""channel"": ""POS"", ""tx_type"": ""withdrawal"", ""currency"": ""USD"", ""amount"": 2.07, ""amount_in_usd"": 2.07}",No action (low risk cleared),Pending review,Awaiting investigator
TXN_182224,2026-09-18 12:10:45 UTC,0.0473,Weekend transaction,Model finds this transaction low risk due to weekend timing (score 0.047),"{""source"": ""transactions_b.csv"", ""channel"": ""Online"", ""tx_type"": ""transfer"", ""currency"": ""USD"", ""amount"": 32.13, ""amount_in_usd"": 32.13}",No action (low risk cleared),Pending review,Awaiting investigator
TXN_545629,2026-09-18 12:10:45 UTC,0.0583,No high-risk rules triggered,Model finds this transaction low risk with no strong anomaly indicators (score 0.058),"{""source"": ""transactions_b.csv"", ""channel"": ""Online"", ""tx_type"": ""purchase"", ""currency"": ""USD"", ""amount"": 4.81, ""amount_in_usd"": 4.81}",No action (low risk cleared),Pending review,Awaiting investigator
TXN_776915,2026-09-18 12:10:45 UTC,0.1262,Weekend transaction,Model finds this transaction low risk due to weekend timing (score 0.126),"{""source"": ""transactions_b.csv"", ""channel"": ""Online"", ""tx_type"": ""purchase"", ""currency"": ""USD"", ""amount"": 183.59, ""amount_in_usd"": 183.59}",No action (low risk cleared),Pending review,Awaiting investigator
TXN_151271,2026-09-18 12:10:45 UTC,0.0437,Weekend transaction,Model finds this transaction low risk due to weekend timing (score 0.044),"{""source"": ""transactions_b.csv"", ""channel"": ""Branch"", ""tx_type"": ""withdrawal"", ""currency"": ""USD"", ""amount"": 7.98, ""amount_in_usd"": 7.98}",No action (low risk cleared),Pending review,Awaiting investigator
TXN_972533,2026-09-18 12:10:45 UTC,0.0326,No high-risk rules triggered,Model finds this transaction low risk with no strong anomaly indicators (score 0.033),"{""source"": ""transactions_b.csv"", ""channel"": ""POS"", ""tx_type"": ""purchase"", ""currency"": ""USD"", ""amount"": 22.22, ""amount_in_usd"": 22.22}",No action (low risk cleared),Pending review,Awaiting investigator
TXN_832799,2026-09-18 12:10:45 UTC,0.0519,Weekend transaction,Model finds this transaction low risk due to weekend timing (score 0.052),"{""source"": ""transactions_b.csv"", ""channel"": ""POS"", ""tx_type"": ""transfer"", ""currency"": ""USD"", ""amount"": 99.66, ""amount_in_usd"": 99.66}",No action (low risk cleared),Pending review,Awaiting investigator
TXN_507768,2026-09-18 12:10:45 UTC,0.0200,No high-risk rules triggered,Model finds this transaction low risk with no strong anomaly indicators (score 0.020),"{""source"": ""transactions_b.csv"", ""channel"": ""Mobile"", ""tx_type"": ""transfer"", ""currency"": ""USD"", ""amount"": 110.88, ""amount_in_usd"": 110.88}",No action (low risk cleared),Pending review,Awaiting investigator
TXN_814897,2026-09-18 12:10:45 UTC,0.0136,No high-risk rules triggered,Model finds this transaction low risk with no strong anomaly indicators (score 0.014),"{""source"": ""transactions_b.csv"", ""channel"": ""Online"", ""tx_type"": ""purchase"", ""currency"": ""USD"", ""amount"": 16.18, ""amount_in_usd"": 16.18}",No action (low risk cleared),Pending review,Awaiting investigator
TXN_955599,2026-09-18 12:10:45 UTC,0.0168,Weekend transaction,Model finds this transaction low risk due to weekend timing (score 0.017),"{""source"": ""transactions_b.csv"", ""channel"": ""Mobile"", ""tx_type"": ""purchase"", ""currency"": ""USD"", ""amount"": 26.59, ""amount_in_usd"": 26.59}",No action (low risk cleared),Pending review,Awaiting investigator
TXN_229870,2026-09-18 12:10:45 UTC,0.0173,No high-risk rules triggered,Model finds this transaction low risk with no strong anomaly indicators (score 0.017),"{""source"": ""transactions_b.csv"", ""channel"": ""Online"", ""tx_type"": ""purchase"", ""currency"": ""USD"", ""amount"": 11.54, ""amount_in_usd"": 11.54}",No action (low risk cleared),Pending review,Awaiting investigator
TXN_271609,2026-09-18 12:10:45 UTC,0.0454,No high-risk rules triggered,Model finds this transaction low risk with no strong anomaly indicators (score 0.045),"{""source"": ""transactions_b.csv"", ""channel"": ""Branch"", ""tx_type"": ""withdrawal"", ""currency"": ""USD"", ""amount"": 180.46, ""amount_in_usd"": 180.46}",No action (low risk cleared),Pending review,Awaiting investigator
TXN_506547,2026-09-18 12:10:45 UTC,0.0210,Weekend transaction,Model finds this transaction low risk due to weekend timing (score 0.021),"{""source"": ""transactions_b.csv"", ""channel"": ""Online"", ""tx_type"": ""purchase"", ""currency"": ""USD"", ""amount"": 45.77, ""amount_in_usd"": 45.77}",No action (low risk cleared),Pending review,Awaiting investigator
TXN_163370,2026-09-18 12:10:45 UTC,0.0093,No high-risk rules triggered,Model finds this transaction low risk with no strong anomaly indicators (score 0.009),"{""source"": ""transactions_b.csv"", ""channel"": ""Mobile"", ""tx_type"": ""transfer"", ""currency"": ""USD"", ""amount"": 37.18, ""amount_in_usd"": 37.18}",No action (low risk cleared),Pending review,Awaiting investigator
TXN_996230,2026-09-18 12:10:45 UTC,0.0566,No high-risk rules triggered,Model finds this transaction low risk with no strong anomaly indicators (score 0.057),"{""source"": ""transactions_b.csv"", ""channel"": ""ATM"", ""tx_type"": ""purchase"", ""currency"": ""USD"", ""amount"": 3.51, ""amount_in_usd"": 3.51}",No action (low risk cleared),Pending review,Awaiting investigator
TXN_739042,2026-09-18 12:10:45 UTC,0.0546,No high-risk rules triggered,Model finds this transaction low risk with no strong anomaly indicators (score 0.055),"{""source"": ""transactions_b.csv"", ""channel"": ""POS"", ""tx_type"": ""withdrawal"", ""currency"": ""USD"", ""amount"": 217.18, ""amount_in_usd"": 217.18}",No action (low risk cleared),Pending review,Awaiting investigator
TXN_956005,2026-09-18 12:10:45 UTC,0.0325,No high-risk rules triggered,Model finds this transaction low risk with no strong anomaly indicators (score 0.033),"{""source"": ""transactions_b.csv"", ""channel"": ""POS"", ""tx_type"": ""withdrawal"", ""currency"": ""USD"", ""amount"": 23.62, ""amount_in_usd"": 23.62}",No action (low risk cleared),Pending review,Awaiting investigator
TXN_189558,2026-09-18 12:10:45 UTC,0.0942,Weekend transaction,Model finds this transaction low risk due to weekend timing (score 0.094),"{""source"": ""transactions_b.csv"", ""channel"": ""POS"", ""tx_type"": ""payment"", ""currency"": ""USD"", ""amount"": 448.08, ""amount_in_usd"": 448.08}",No action (low risk cleared),Pending review,Awaiting investigator
TXN_704083,2026-09-18 12:10:45 UTC,0.0174,No high-risk rules triggered,Model finds this transaction low risk with no strong anomaly indicators (score 0.017),"{""source"": ""transactions_b.csv"", ""channel"": ""Online"", ""tx_type"": ""purchase"", ""currency"": ""USD"", ""amount"": 97.09, ""amount_in_usd"": 97.09}",No action (low risk cleared),Pending review,Awaiting investigator
TXN_658688,2026-09-18 12:10:45 UTC,0.0514,No high-risk rules triggered,Model finds this transaction low risk with no strong anomaly indicators (score 0.051),"{""source"": ""transactions_b.csv"", ""channel"": ""POS"", ""tx_type"": ""transfer"", ""currency"": ""USD"", ""amount"": 131.87, ""amount_in_usd"": 131.87}",No action (low risk cleared),Pending review,Awaiting investigator
TXN_995356,2026-09-18 12:10:45 UTC,0.0202,No high-risk rules triggered,Model finds this transaction low risk with no strong anomaly indicators (score 0.020),"{""source"": ""transactions_b.csv"", ""channel"": ""Mobile"", ""tx_type"": ""purchase"", ""currency"": ""USD"", ""amount"": 20.09, ""amount_in_usd"": 20.09}",No action (low risk cleared),Pending review,Awaiting investigator
TXN_978828,2026-09-18 12:10:45 UTC,0.0482,No high-risk rules triggered,Model finds this transaction low risk with no strong anomaly indicators (score 0.048),"{""source"": ""transactions_b.csv"", ""channel"": ""Online"", ""tx_type"": ""purchase"", ""currency"": ""USD"", ""amount"": 253.62, ""amount_in_usd"": 253.62}",No action (low risk cleared),Pending review,Awaiting investigator
TXN_353296,2026-09-18 12:10:45 UTC,0.0349,No high-risk rules triggered,Model finds this transaction low risk with no strong anomaly indicators (score 0.035),"{""source"": ""transactions_b.csv"", ""channel"": ""Online"", ""tx_type"": ""payment"", ""currency"": ""USD"", ""amount"": 38.8, ""amount_in_usd"": 38.8}",No action (low risk cleared),Pending review,Awaiting investigator
TXN_125704,2026-09-18 12:10:45 UTC,0.0273,No high-risk rules triggered,Model finds this transaction low risk with no strong anomaly indicators (score 0.027),"{""source"": ""transactions_b.csv"", ""channel"": ""Mobile"", ""tx_type"": ""transfer"", ""currency"": ""USD"", ""amount"": 58.9, ""amount_in_usd"": 58.9}",No action (low risk cleared),Pending review,Awaiting investigator
TXN_151819,2026-09-18 12:10:45 UTC,0.8550,No high-risk rules triggered,Model strongly flags this transaction with no strong anomaly indicators (score 0.855),"{""source"": ""transactions_b.csv"", ""channel"": ""Online"", ""tx_type"": ""purchase"", ""currency"": ""USD"", ""amount"": 375.89, ""amount_in_usd"": 375.89}",Flagged for review,Pending review,Awaiting investigator
TXN_990009,2026-09-18 12:10:45 UTC,0.0772,No high-risk rules triggered,Model finds this transaction low risk with no strong anomaly indicators (score 0.077),"{""source"": ""transactions_b.csv"", ""channel"": ""POS"", ""tx_type"": ""purchase"", ""currency"": ""USD"", ""amount"": 47.25, ""amount_in_usd"": 47.25}",No action (low risk cleared),Pending review,Awaiting investigator
TXN_133666,2026-09-18 12:10:45 UTC,0.0983,"Unusual hour (night, outside 06:00-22:00); Weekend transaction","Model finds this transaction low risk due to occurred at night, weekend timing (score 0.098)","{""source"": ""transactions_b.csv"", ""channel"": ""Mobile"", ""tx_type"": ""purchase"", ""currency"": ""USD"", ""amount"": 7.07, ""amount_in_usd"": 7.07}",No action (low risk cleared),Pending review,Awaiting investigator
TXN_450703,2026-09-18 12:10:45 UTC,0.0259,No high-risk rules triggered,Model finds this transaction low risk with no strong anomaly indicators (score 0.026),"{""source"": ""transactions_b.csv"", ""channel"": ""Mobile"", ""tx_type"": ""purchase"", ""currency"": ""USD"", ""amount"": 11.43, ""amount_in_usd"": 11.43}",No action (low risk cleared),Pending review,Awaiting investigator
TXN_872461,2026-09-18 12:10:45 UTC,0.0388,No high-risk rules triggered,Model finds this transaction low risk with no strong anomaly indicators (score 0.039),"{""source"": ""transactions_b.csv"", ""channel"": ""Online"", ""tx_type"": ""withdrawal"", ""currency"": ""USD"", ""amount"": 11.75, ""amount_in_usd"": 11.75}",No action (low risk cleared),Pending review,Awaiting investigator
TXN_523145,2026-09-18 12:10:45 UTC,0.0075,No high-risk rules triggered,Model finds this transaction low risk with no strong anomaly indicators (score 0.007),"{""source"": ""transactions_b.csv"", ""channel"": ""Mobile"", ""tx_type"": ""transfer"", ""currency"": ""USD"", ""amount"": 12.81, ""amount_in_usd"": 12.81}",No action (low risk cleared),Pending review,Awaiting investigator
TXN_178978,2026-09-18 12:10:45 UTC,0.0657,No high-risk rules triggered,Model finds this transaction low risk with no strong anomaly indicators (score 0.066),"{""source"": ""transactions_b.csv"", ""channel"": ""Online"", ""tx_type"": ""withdrawal"", ""currency"": ""USD"", ""amount"": 62.96, ""amount_in_usd"": 62.96}",No action (low risk cleared),Pending review,Awaiting investigator
TXN_924387,2026-09-18 12:10:45 UTC,0.0438,Weekend transaction,Model finds this transaction low risk due to weekend timing (score 0.044),"{""source"": ""transactions_b.csv"", ""channel"": ""Online"", ""tx_type"": ""withdrawal"", ""currency"": ""USD"", ""amount"": 12.0, ""amount_in_usd"": 12.0}",No action (low risk cleared),Pending review,Awaiting investigator
TXN_885244,2026-09-18 12:10:45 UTC,0.0904,No high-risk rules triggered,Model finds this transaction low risk with no strong anomaly indicators (score 0.090),"{""source"": ""transactions_b.csv"", ""channel"": ""Branch"", ""tx_type"": ""payment"", ""currency"": ""USD"", ""amount"": 180.39, ""amount_in_usd"": 180.39}",No action (low risk cleared),Pending review,Awaiting investigator
TXN_846390,2026-09-18 12:10:45 UTC,0.0376,No high-risk rules triggered,Model finds this transaction low risk with no strong anomaly indicators (score 0.038),"{""source"": ""transactions_b.csv"", ""channel"": ""POS"", ""tx_type"": ""withdrawal"", ""currency"": ""USD"", ""amount"": 11.91, ""amount_in_usd"": 11.91}",No action (low risk cleared),Pending review,Awaiting investigator
TXN_701417,2026-09-18 12:10:45 UTC,0.0300,Weekend transaction,Model finds this transaction low risk due to weekend timing (score 0.030),"{""source"": ""transactions_b.csv"", ""channel"": ""ATM"", ""tx_type"": ""purchase"", ""currency"": ""USD"", ""amount"": 77.77, ""amount_in_usd"": 77.77}",No action (low risk cleared),Pending review,Awaiting investigator
TXN_735020,2026-09-18 12:10:45 UTC,0.0468,No high-risk rules triggered,Model finds this transaction low risk with no strong anomaly indicators (score 0.047),"{""source"": ""transactions_b.csv"", ""channel"": ""ATM"", ""tx_type"": ""payment"", ""currency"": ""USD"", ""amount"": 26.06, ""amount_in_usd"": 26.06}",No action (low risk cleared),Pending review,Awaiting investigator
TXN_170723,2026-09-18 12:10:45 UTC,0.0456,Online + international (typical fraud vector),Model finds this transaction low risk due to online and international (score 0.046),"{""source"": ""transactions_b.csv"", ""channel"": ""Mobile"", ""tx_type"": ""purchase"", ""currency"": ""USD"", ""amount"": 6.9, ""amount_in_usd"": 6.9}",No action (low risk cleared),Pending review,Awaiting investigator
TXN_908957,2026-09-18 12:10:45 UTC,0.0331,No high-risk rules triggered,Model finds this transaction low risk with no strong anomaly indicators (score 0.033),"{""source"": ""transactions_b.csv"", ""channel"": ""Mobile"", ""tx_type"": ""purchase"", ""currency"": ""USD"", ""amount"": 19.76, ""amount_in_usd"": 19.76}",No action (low risk cleared),Pending review,Awaiting investigator
TXN_188657,2026-09-18 12:10:45 UTC,0.0613,No high-risk rules triggered,Model finds this transaction low risk with no strong anomaly indicators (score 0.061),"{""source"": ""transactions_b.csv"", ""channel"": ""Online"", ""tx_type"": ""purchase"", ""currency"": ""USD"", ""amount"": 2.6, ""amount_in_usd"": 2.6}",No action (low risk cleared),Pending review,Awaiting investigator
TXN_346064,2026-09-18 12:10:45 UTC,0.0140,No high-risk rules triggered,Model finds this transaction low risk with no strong anomaly indicators (score 0.014),"{""source"": ""transactions_b.csv"", ""channel"": ""Online"", ""tx_type"": ""purchase"", ""currency"": ""USD"", ""amount"": 29.11, ""amount_in_usd"": 29.11}",No action (low risk cleared),Pending review,Awaiting investigator
TXN_468345,2026-09-18 12:10:45 UTC,0.0536,No high-risk rules triggered,Model finds this transaction low risk with no strong anomaly indicators (score 0.054),"{""source"": ""transactions_b.csv"", ""channel"": ""POS"", ""tx_type"": ""transfer"", ""currency"": ""USD"", ""amount"": 8.19, ""amount_in_usd"": 8.19}",No action (low risk cleared),Pending review,Awaiting investigator
TXN_869369,2026-09-18 12:10:45 UTC,0.0538,No high-risk rules triggered,Model finds this transaction low risk with no strong anomaly indicators (score 0.054),"{""source"": ""transactions_b.csv"", ""channel"": ""POS"", ""tx_type"": ""transfer"", ""currency"": ""USD"", ""amount"": 35.31, ""amount_in_usd"": 35.31}",No action (low risk cleared),Pending review,Awaiting investigator
TXN_685789,2026-09-18 12:10:45 UTC,0.0190,No high-risk rules triggered,Model finds this transaction low risk with no strong anomaly indicators (score 0.019),"{""source"": ""transactions_b.csv"", ""channel"": ""Mobile"", ""tx_type"": ""withdrawal"", ""currency"": ""USD"", ""amount"": 14.24, ""amount_in_usd"": 14.24}",No action (low risk cleared),Pending review,Awaiting investigator
TXN_200150,2026-09-18 12:10:45 UTC,0.0220,No high-risk rules triggered,Model finds this transaction low risk with no strong anomaly indicators (score 0.022),"{""source"": ""transactions_b.csv"", ""channel"": ""Online"", ""tx_type"": ""purchase"", ""currency"": ""USD"", ""amount"": 13.0, ""amount_in_usd"": 13.0}",No action (low risk cleared),Pending review,Awaiting investigator
TXN_471869,2026-09-18 12:10:45 UTC,0.1234,"Unusual hour (night, outside 06:00-22:00)",Model finds this transaction low risk due to occurred at night (score 0.123),"{""source"": ""transactions_b.csv"", ""channel"": ""Online"", ""tx_type"": ""transfer"", ""currency"": ""USD"", ""amount"": 311.85, ""amount_in_usd"": 311.85}",No action (low risk cleared),Pending review,Awaiting investigator
TXN_427218,2026-09-18 12:10:45 UTC,0.0467,No high-risk rules triggered,Model finds this transaction low risk with no strong anomaly indicators (score 0.047),"{""source"": ""transactions_b.csv"", ""channel"": ""POS"", ""tx_type"": ""withdrawal"", ""currency"": ""USD"", ""amount"": 55.78, ""amount_in_usd"": 55.78}",No action (low risk cleared),Pending review,Awaiting investigator
TXN_604908,2026-09-18 12:10:45 UTC,0.1712,No high-risk rules triggered,Model finds this transaction low risk with no strong anomaly indicators (score 0.171),"{""source"": ""transactions_b.csv"", ""channel"": ""Online"", ""tx_type"": ""withdrawal"", ""currency"": ""USD"", ""amount"": 310.14, ""amount_in_usd"": 310.14}",No action (low risk cleared),Pending review,Awaiting investigator
TXN_361854,2026-09-18 12:10:45 UTC,0.0955,"Unusual hour (night, outside 06:00-22:00); Weekend transaction; Late-night online purchase","Model finds this transaction low risk due to occurred at night, weekend timing (score 0.096)","{""source"": ""transactions_b.csv"", ""channel"": ""Branch"", ""tx_type"": ""transfer"", ""currency"": ""USD"", ""amount"": 17.75, ""amount_in_usd"": 17.75}",No action (low risk cleared),Pending review,Awaiting investigator
TXN_901278,2026-09-18 12:10:45 UTC,0.0160,No high-risk rules triggered,Model finds this transaction low risk with no strong anomaly indicators (score 0.016),"{""source"": ""transactions_b.csv"", ""channel"": ""Online"", ""tx_type"": ""payment"", ""currency"": ""USD"", ""amount"": 61.06, ""amount_in_usd"": 61.06}",No action (low risk cleared),Pending review,Awaiting investigator
TXN_692121,2026-09-18 12:10:45 UTC,0.0480,Weekend transaction,Model finds this transaction low risk due to weekend timing (score 0.048),"{""source"": ""transactions_b.csv"", ""channel"": ""POS"", ""tx_type"": ""payment"", ""currency"": ""USD"", ""amount"": 13.95, ""amount_in_usd"": 13.95}",No action (low risk cleared),Pending review,Awaiting investigator
TXN_749359,2026-09-18 12:10:45 UTC,0.0346,Weekend transaction,Model finds this transaction low risk due to weekend timing (score 0.035),"{""source"": ""transactions_b.csv"", ""channel"": ""POS"", ""tx_type"": ""withdrawal"", ""currency"": ""USD"", ""amount"": 28.58, ""amount_in_usd"": 28.58}",No action (low risk cleared),Pending review,Awaiting investigator
TXN_540144,2026-09-18 12:10:45 UTC,0.0685,No high-risk rules triggered,Model finds this transaction low risk with no strong anomaly indicators (score 0.069),"{""source"": ""transactions_b.csv"", ""channel"": ""ATM"", ""tx_type"": ""withdrawal"", ""currency"": ""USD"", ""amount"": 68.98, ""amount_in_usd"": 68.98}",No action (low risk cleared),Pending review,Awaiting investigator
TXN_933445,2026-09-18 12:10:45 UTC,0.0564,No high-risk rules triggered,Model finds this transaction low risk with no strong anomaly indicators (score 0.056),"{""source"": ""transactions_b.csv"", ""channel"": ""Branch"", ""tx_type"": ""withdrawal"", ""currency"": ""USD"", ""amount"": 2.57, ""amount_in_usd"": 2.57}",No action (low risk cleared),Pending review,Awaiting investigator
TXN_812799,2026-09-18 12:10:45 UTC,0.0918,Weekend transaction,Model finds this transaction low risk due to weekend timing (score 0.092),"{""source"": ""transactions_b.csv"", ""channel"": ""Branch"", ""tx_type"": ""withdrawal"", ""currency"": ""USD"", ""amount"": 22.57, ""amount_in_usd"": 22.57}",No action (low risk cleared),Pending review,Awaiting investigator
TXN_925844,2026-09-18 12:10:45 UTC,0.0516,No high-risk rules triggered,Model finds this transaction low risk with no strong anomaly indicators (score 0.052),"{""source"": ""transactions_b.csv"", ""channel"": ""POS"", ""tx_type"": ""transfer"", ""currency"": ""USD"", ""amount"": 63.24, ""amount_in_usd"": 63.24}",No action (low risk cleared),Pending review,Awaiting investigator
TXN_216469,2026-09-18 12:10:45 UTC,0.0170,Weekend transaction,Model finds this transaction low risk due to weekend timing (score 0.017),"{""source"": ""transactions_b.csv"", ""channel"": ""Online"", ""tx_type"": ""purchase"", ""currency"": ""USD"", ""amount"": 14.68, ""amount_in_usd"": 14.68}",No action (low risk cleared),Pending review,Awaiting investigator
TXN_758020,2026-09-18 12:10:45 UTC,0.0245,No high-risk rules triggered,Model finds this transaction low risk with no strong anomaly indicators (score 0.025),"{""source"": ""transactions_b.csv"", ""channel"": ""Branch"", ""tx_type"": ""withdrawal"", ""currency"": ""USD"", ""amount"": 44.92, ""amount_in_usd"": 44.92}",No action (low risk cleared),Pending review,Awaiting investigator
TXN_386975,2026-09-18 12:10:45 UTC,0.0460,Weekend transaction,Model finds this transaction low risk due to weekend timing (score 0.046),"{""source"": ""transactions_b.csv"", ""channel"": ""Branch"", ""tx_type"": ""payment"", ""currency"": ""USD"", ""amount"": 41.58, ""amount_in_usd"": 41.58}",No action (low risk cleared),Pending review,Awaiting investigator
TXN_623471,2026-09-18 12:10:45 UTC,0.0477,Weekend transaction,Model finds this transaction low risk due to weekend timing (score 0.048),"{""source"": ""transactions_b.csv"", ""channel"": ""Online"", ""tx_type"": ""withdrawal"", ""currency"": ""USD"", ""amount"": 15.22, ""amount_in_usd"": 15.22}",No action (low risk cleared),Pending review,Awaiting investigator
TXN_509148,2026-09-18 12:10:45 UTC,0.0575,Online + international (typical fraud vector),Model finds this transaction low risk due to online and international (score 0.058),"{""source"": ""transactions_b.csv"", ""channel"": ""Mobile"", ""tx_type"": ""withdrawal"", ""currency"": ""USD"", ""amount"": 35.01, ""amount_in_usd"": 35.01}",No action (low risk cleared),Pending review,Awaiting investigator
TXN_772605,2026-09-18 12:10:45 UTC,0.0258,Weekend transaction,Model finds this transaction low risk due to weekend timing (score 0.026),"{""source"": ""transactions_b.csv"", ""channel"": ""ATM"", ""tx_type"": ""purchase"", ""currency"": ""USD"", ""amount"": 12.65, ""amount_in_usd"": 12.65}",No action (low risk cleared),Pending review,Awaiting investigator
TXN_667844,2026-09-18 12:10:45 UTC,0.0518,No high-risk rules triggered,Model finds this transaction low risk with no strong anomaly indicators (score 0.052),"{""source"": ""transactions_b.csv"", ""channel"": ""ATM"", ""tx_type"": ""purchase"", ""currency"": ""USD"", ""amount"": 22.66, ""amount_in_usd"": 22.66}",No action (low risk cleared),Pending review,Awaiting investigator
TXN_745666,2026-09-18 12:10:45 UTC,0.0950,No high-risk rules triggered,Model finds this transaction low risk with no strong anomaly indicators (score 0.095),"{""source"": ""transactions_b.csv"", ""channel"": ""Online"", ""tx_type"": ""transfer"", ""currency"": ""USD"", ""amount"": 533.11, ""amount_in_usd"": 533.11}",No action (low risk cleared),Pending review,Awaiting investigator
TXN_824078,2026-09-18 12:10:45 UTC,0.0579,No high-risk rules triggered,Model finds this transaction low risk with no strong anomaly indicators (score 0.058),"{""source"": ""transactions_b.csv"", ""channel"": ""Online"", ""tx_type"": ""payment"", ""currency"": ""USD"", ""amount"": 4.95, ""amount_in_usd"": 4.95}",No action (low risk cleared),Pending review,Awaiting investigator
TXN_679140,2026-09-18 12:10:45 UTC,0.0193,Weekend transaction,Model finds this transaction low risk due to weekend timing (score 0.019),"{""source"": ""transactions_b.csv"", ""channel"": ""Online"", ""tx_type"": ""purchase"", ""currency"": ""USD"", ""amount"": 56.57, ""amount_in_usd"": 56.57}",No action (low risk cleared),Pending review,Awaiting investigator
TXN_614041,2026-09-18 12:10:45 UTC,0.0234,Weekend transaction,Model finds this transaction low risk due to weekend timing (score 0.023),"{""source"": ""transactions_b.csv"", ""channel"": ""Online"", ""tx_type"": ""withdrawal"", ""currency"": ""USD"", ""amount"": 17.33, ""amount_in_usd"": 17.33}",No action (low risk cleared),Pending review,Awaiting investigator
TXN_737116,2026-09-18 12:10:45 UTC,0.0491,No high-risk rules triggered,Model finds this transaction low risk with no strong anomaly indicators (score 0.049),"{""source"": ""transactions_b.csv"", ""channel"": ""POS"", ""tx_type"": ""purchase"", ""currency"": ""USD"", ""amount"": 3.93, ""amount_in_usd"": 3.93}",No action (low risk cleared),Pending review,Awaiting investigator
TXN_460531,2026-09-18 12:10:45 UTC,0.0170,Weekend transaction,Model finds this transaction low risk due to weekend timing (score 0.017),"{""source"": ""transactions_b.csv"", ""channel"": ""POS"", ""tx_type"": ""purchase"", ""currency"": ""USD"", ""amount"": 18.93, ""amount_in_usd"": 18.93}",No action (low risk cleared),Pending review,Awaiting investigator
TXN_335679,2026-09-18 12:10:45 UTC,0.0325,Weekend transaction,Model finds this transaction low risk due to weekend timing (score 0.033),"{""source"": ""transactions_b.csv"", ""channel"": ""POS"", ""tx_type"": ""payment"", ""currency"": ""USD"", ""amount"": 25.49, ""amount_in_usd"": 25.49}",No action (low risk cleared),Pending review,Awaiting investigator
TXN_357313,2026-09-18 12:10:45 UTC,0.0327,No high-risk rules triggered,Model finds this transaction low risk with no strong anomaly indicators (score 0.033),"{""source"": ""transactions_b.csv"", ""channel"": ""Branch"", ""tx_type"": ""withdrawal"", ""currency"": ""USD"", ""amount"": 47.27, ""amount_in_usd"": 47.27}",No action (low risk cleared),Pending review,Awaiting investigator
TXN_684898,2026-09-18 12:10:45 UTC,0.0323,Weekend transaction,Model finds this transaction low risk due to weekend timing (score 0.032),"{""source"": ""transactions_b.csv"", ""channel"": ""Online"", ""tx_type"": ""purchase"", ""currency"": ""USD"", ""amount"": 151.15, ""amount_in_usd"": 151.15}",No action (low risk cleared),Pending review,Awaiting investigator
TXN_534748,2026-09-18 12:10:45 UTC,0.0785,Weekend transaction,Model finds this transaction low risk due to weekend timing (score 0.079),"{""source"": ""transactions_b.csv"", ""channel"": ""ATM"", ""tx_type"": ""payment"", ""currency"": ""USD"", ""amount"": 105.8, ""amount_in_usd"": 105.8}",No action (low risk cleared),Pending review,Awaiting investigator
TXN_568870,2026-09-18 12:10:45 UTC,0.1203,Weekend transaction,Model finds this transaction low risk due to weekend timing (score 0.120),"{""source"": ""transactions_b.csv"", ""channel"": ""Branch"", ""tx_type"": ""transfer"", ""currency"": ""USD"", ""amount"": 754.07, ""amount_in_usd"": 754.07}",No action (low risk cleared),Pending review,Awaiting investigator
TXN_694374,2026-09-18 12:10:45 UTC,0.0323,No high-risk rules triggered,Model finds this transaction low risk with no strong anomaly indicators (score 0.032),"{""source"": ""transactions_b.csv"", ""channel"": ""ATM"", ""tx_type"": ""purchase"", ""currency"": ""USD"", ""amount"": 28.04, ""amount_in_usd"": 28.04}",No action (low risk cleared),Pending review,Awaiting investigator
TXN_220996,2026-09-18 12:10:45 UTC,0.0169,No high-risk rules triggered,Model finds this transaction low risk with no strong anomaly indicators (score 0.017),"{""source"": ""transactions_b.csv"", ""channel"": ""Online"", ""tx_type"": ""payment"", ""currency"": ""USD"", ""amount"": 17.17, ""amount_in_usd"": 17.17}",No action (low risk cleared),Pending review,Awaiting investigator
TXN_644375,2026-09-18 12:10:45 UTC,0.0588,Weekend transaction,Model finds this transaction low risk due to weekend timing (score 0.059),"{""source"": ""transactions_b.csv"", ""channel"": ""Online"", ""tx_type"": ""payment"", ""currency"": ""USD"", ""amount"": 84.1, ""amount_in_usd"": 84.1}",No action (low risk cleared),Pending review,Awaiting investigator
TXN_393138,2026-09-18 12:10:45 UTC,0.0109,No high-risk rules triggered,Model finds this transaction low risk with no strong anomaly indicators (score 0.011),"{""source"": ""transactions_b.csv"", ""channel"": ""Online"", ""tx_type"": ""withdrawal"", ""currency"": ""USD"", ""amount"": 16.31, ""amount_in_usd"": 16.31}",No action (low risk cleared),Pending review,Awaiting investigator
TXN_782319,2026-09-18 12:10:45 UTC,0.1323,No high-risk rules triggered,Model finds this transaction low risk with no strong anomaly indicators (score 0.132),"{""source"": ""transactions_b.csv"", ""channel"": ""Online"", ""tx_type"": ""purchase"", ""currency"": ""USD"", ""amount"": 1169.44, ""amount_in_usd"": 1169.44}",No action (low risk cleared),Pending review,Awaiting investigator
TXN_372914,2026-09-18 12:10:45 UTC,0.0319,No high-risk rules triggered,Model finds this transaction low risk with no strong anomaly indicators (score 0.032),"{""source"": ""transactions_b.csv"", ""channel"": ""POS"", ""tx_type"": ""purchase"", ""currency"": ""USD"", ""amount"": 48.09, ""amount_in_usd"": 48.09}",No action (low risk cleared),Pending review,Awaiting investigator
TXN_901181,2026-09-18 12:10:45 UTC,0.0929,No high-risk rules triggered,Model finds this transaction low risk with no strong anomaly indicators (score 0.093),"{""source"": ""transactions_b.csv"", ""channel"": ""ATM"", ""tx_type"": ""purchase"", ""currency"": ""USD"", ""amount"": 1.17, ""amount_in_usd"": 1.17}",No action (low risk cleared),Pending review,Awaiting investigator
TXN_617444,2026-09-18 12:10:45 UTC,0.0507,No high-risk rules triggered,Model finds this transaction low risk with no strong anomaly indicators (score 0.051),"{""source"": ""transactions_b.csv"", ""channel"": ""Branch"", ""tx_type"": ""purchase"", ""currency"": ""USD"", ""amount"": 143.12, ""amount_in_usd"": 143.12}",No action (low risk cleared),Pending review,Awaiting investigator
TXN_906370,2026-09-18 12:10:45 UTC,0.0315,Weekend transaction,Model finds this transaction low risk due to weekend timing (score 0.032),"{""source"": ""transactions_b.csv"", ""channel"": ""Online"", ""tx_type"": ""transfer"", ""currency"": ""USD"", ""amount"": 29.01, ""amount_in_usd"": 29.01}",No action (low risk cleared),Pending review,Awaiting investigator
TXN_649358,2026-09-18 12:10:45 UTC,0.0126,No high-risk rules triggered,Model finds this transaction low risk with no strong anomaly indicators (score 0.013),"{""source"": ""transactions_b.csv"", ""channel"": ""POS"", ""tx_type"": ""purchase"", ""currency"": ""USD"", ""amount"": 14.23, ""amount_in_usd"": 14.23}",No action (low risk cleared),Pending review,Awaiting investigator
TXN_369010,2026-09-18 12:10:45 UTC,0.0194,Weekend transaction,Model finds this transaction low risk due to weekend timing (score 0.019),"{""source"": ""transactions_b.csv"", ""channel"": ""Mobile"", ""tx_type"": ""purchase"", ""currency"": ""USD"", ""amount"": 13.26, ""amount_in_usd"": 13.26}",No action (low risk cleared),Pending review,Awaiting investigator
TXN_460555,2026-09-18 12:10:45 UTC,0.0498,No high-risk rules triggered,Model finds this transaction low risk with no strong anomaly indicators (score 0.050),"{""source"": ""transactions_b.csv"", ""channel"": ""ATM"", ""tx_type"": ""purchase"", ""currency"": ""USD"", ""amount"": 46.28, ""amount_in_usd"": 46.28}",No action (low risk cleared),Pending review,Awaiting investigator
TXN_270875,2026-09-18 12:10:45 UTC,0.0608,Weekend transaction; Late-night online purchase,Model finds this transaction low risk due to weekend timing (score 0.061),"{""source"": ""transactions_b.csv"", ""channel"": ""POS"", ""tx_type"": ""transfer"", ""currency"": ""USD"", ""amount"": 95.97, ""amount_in_usd"": 95.97}",No action (low risk cleared),Pending review,Awaiting investigator
TXN_146907,2026-09-18 12:10:45 UTC,0.0488,Weekend transaction,Model finds this transaction low risk due to weekend timing (score 0.049),"{""source"": ""transactions_b.csv"", ""channel"": ""POS"", ""tx_type"": ""payment"", ""currency"": ""USD"", ""amount"": 105.9, ""amount_in_usd"": 105.9}",No action (low risk cleared),Pending review,Awaiting investigator
TXN_892766,2026-09-18 12:10:45 UTC,0.0529,No high-risk rules triggered,Model finds this transaction low risk with no strong anomaly indicators (score 0.053),"{""source"": ""transactions_b.csv"", ""channel"": ""Branch"", ""tx_type"": ""purchase"", ""currency"": ""USD"", ""amount"": 34.77, ""amount_in_usd"": 34.77}",No action (low risk cleared),Pending review,Awaiting investigator
TXN_293969,2026-09-18 12:10:45 UTC,0.0111,No high-risk rules triggered,Model finds this transaction low risk with no strong anomaly indicators (score 0.011),"{""source"": ""transactions_b.csv"", ""channel"": ""Mobile"", ""tx_type"": ""purchase"", ""currency"": ""USD"", ""amount"": 85.89, ""amount_in_usd"": 85.89}",No action (low risk cleared),Pending review,Awaiting investigator
TXN_519577,2026-09-18 12:10:45 UTC,0.0330,No high-risk rules triggered,Model finds this transaction low risk with no strong anomaly indicators (score 0.033),"{""source"": ""transactions_b.csv"", ""channel"": ""Mobile"", ""tx_type"": ""purchase"", ""currency"": ""USD"", ""amount"": 8.81, ""amount_in_usd"": 8.81}",No action (low risk cleared),Pending review,Awaiting investigator
TXN_444493,2026-09-18 12:10:45 UTC,0.0208,No high-risk rules triggered,Model finds this transaction low risk with no strong anomaly indicators (score 0.021),"{""source"": ""transactions_b.csv"", ""channel"": ""Branch"", ""tx_type"": ""purchase"", ""currency"": ""USD"", ""amount"": 35.5, ""amount_in_usd"": 35.5}",No action (low risk cleared),Pending review,Awaiting investigator
TXN_789453,2026-09-18 12:10:45 UTC,0.0616,Weekend transaction,Model finds this transaction low risk due to weekend timing (score 0.062),"{""source"": ""transactions_b.csv"", ""channel"": ""POS"", ""tx_type"": ""withdrawal"", ""currency"": ""USD"", ""amount"": 15.48, ""amount_in_usd"": 15.48}",No action (low risk cleared),Pending review,Awaiting investigator
TXN_136710,2026-09-18 12:10:45 UTC,0.0255,No high-risk rules triggered,Model finds this transaction low risk with no strong anomaly indicators (score 0.025),"{""source"": ""transactions_b.csv"", ""channel"": ""Online"", ""tx_type"": ""transfer"", ""currency"": ""USD"", ""amount"": 8.96, ""amount_in_usd"": 8.96}",No action (low risk cleared),Pending review,Awaiting investigator
TXN_426929,2026-09-18 12:10:45 UTC,0.0376,No high-risk rules triggered,Model finds this transaction low risk with no strong anomaly indicators (score 0.038),"{""source"": ""transactions_b.csv"", ""channel"": ""Online"", ""tx_type"": ""purchase"", ""currency"": ""USD"", ""amount"": 12.18, ""amount_in_usd"": 12.18}",No action (low risk cleared),Pending review,Awaiting investigator
TXN_419093,2026-09-18 12:10:45 UTC,0.0583,Weekend transaction,Model finds this transaction low risk due to weekend timing (score 0.058),"{""source"": ""transactions_b.csv"", ""channel"": ""Branch"", ""tx_type"": ""withdrawal"", ""currency"": ""USD"", ""amount"": 23.99, ""amount_in_usd"": 23.99}",No action (low risk cleared),Pending review,Awaiting investigator
TXN_290222,2026-09-18 12:10:45 UTC,0.0759,No high-risk rules triggered,Model finds this transaction low risk with no strong anomaly indicators (score 0.076),"{""source"": ""transactions_b.csv"", ""channel"": ""Online"", ""tx_type"": ""withdrawal"", ""currency"": ""USD"", ""amount"": 464.69, ""amount_in_usd"": 464.69}",No action (low risk cleared),Pending review,Awaiting investigator
TXN_521567,2026-09-18 12:10:45 UTC,0.0229,No high-risk rules triggered,Model finds this transaction low risk with no strong anomaly indicators (score 0.023),"{""source"": ""transactions_b.csv"", ""channel"": ""POS"", ""tx_type"": ""purchase"", ""currency"": ""USD"", ""amount"": 7.97, ""amount_in_usd"": 7.97}",No action (low risk cleared),Pending review,Awaiting investigator
TXN_942094,2026-09-18 12:10:45 UTC,0.0522,No high-risk rules triggered,Model finds this transaction low risk with no strong anomaly indicators (score 0.052),"{""source"": ""transactions_b.csv"", ""channel"": ""POS"", ""tx_type"": ""transfer"", ""currency"": ""USD"", ""amount"": 179.25, ""amount_in_usd"": 179.25}",No action (low risk cleared),Pending review,Awaiting investigator
TXN_812138,2026-09-18 12:10:45 UTC,0.0229,Weekend transaction,Model finds this transaction low risk due to weekend timing (score 0.023),"{""source"": ""transactions_b.csv"", ""channel"": ""Online"", ""tx_type"": ""purchase"", ""currency"": ""USD"", ""amount"": 11.66, ""amount_in_usd"": 11.66}",No action (low risk cleared),Pending review,Awaiting investigator
TXN_970925,2026-09-18 12:10:45 UTC,0.0512,Weekend transaction,Model finds this transaction low risk due to weekend timing (score 0.051),"{""source"": ""transactions_b.csv"", ""channel"": ""Branch"", ""tx_type"": ""withdrawal"", ""currency"": ""USD"", ""amount"": 52.85, ""amount_in_usd"": 52.85}",No action (low risk cleared),Pending review,Awaiting investigator
TXN_851266,2026-09-18 12:10:45 UTC,0.0537,No high-risk rules triggered,Model finds this transaction low risk with no strong anomaly indicators (score 0.054),"{""source"": ""transactions_b.csv"", ""channel"": ""Online"", ""tx_type"": ""withdrawal"", ""currency"": ""USD"", ""amount"": 181.84, ""amount_in_usd"": 181.84}",No action (low risk cleared),Pending review,Awaiting investigator
TXN_549362,2026-09-18 12:10:45 UTC,0.0333,No high-risk rules triggered,Model finds this transaction low risk with no strong anomaly indicators (score 0.033),"{""source"": ""transactions_b.csv"", ""channel"": ""Online"", ""tx_type"": ""withdrawal"", ""currency"": ""USD"", ""amount"": 12.78, ""amount_in_usd"": 12.78}",No action (low risk cleared),Pending review,Awaiting investigator
TXN_312167,2026-09-18 12:10:45 UTC,0.0650,No high-risk rules triggered,Model finds this transaction low risk with no strong anomaly indicators (score 0.065),"{""source"": ""transactions_b.csv"", ""channel"": ""POS"", ""tx_type"": ""withdrawal"", ""currency"": ""USD"", ""amount"": 102.13, ""amount_in_usd"": 102.13}",No action (low risk cleared),Pending review,Awaiting investigator
TXN_263995,2026-09-18 12:10:45 UTC,0.0178,No high-risk rules triggered,Model finds this transaction low risk with no strong anomaly indicators (score 0.018),"{""source"": ""transactions_b.csv"", ""channel"": ""POS"", ""tx_type"": ""purchase"", ""currency"": ""USD"", ""amount"": 83.72, ""amount_in_usd"": 83.72}",No action (low risk cleared),Pending review,Awaiting investigator
TXN_598139,2026-09-18 12:10:45 UTC,0.8646,"Unusual hour (night, outside 06:00-22:00); Weekend transaction; Late-night online purchase","Model strongly flags this transaction due to occurred at night, weekend timing (score 0.865)","{""source"": ""transactions_b.csv"", ""channel"": ""Mobile"", ""tx_type"": ""transfer"", ""currency"": ""USD"", ""amount"": 102.82, ""amount_in_usd"": 102.82}",Flagged for review,Pending review,Awaiting investigator
TXN_600117,2026-09-18 12:10:45 UTC,0.0519,Weekend transaction,Model finds this transaction low risk due to weekend timing (score 0.052),"{""source"": ""transactions_b.csv"", ""channel"": ""Online"", ""tx_type"": ""withdrawal"", ""currency"": ""USD"", ""amount"": 42.19, ""amount_in_usd"": 42.19}",No action (low risk cleared),Pending review,Awaiting investigator
TXN_352619,2026-09-18 12:10:45 UTC,0.0389,No high-risk rules triggered,Model finds this transaction low risk with no strong anomaly indicators (score 0.039),"{""source"": ""transactions_b.csv"", ""channel"": ""Mobile"", ""tx_type"": ""purchase"", ""currency"": ""USD"", ""amount"": 30.59, ""amount_in_usd"": 30.59}",No action (low risk cleared),Pending review,Awaiting investigator
TXN_370231,2026-09-18 12:10:45 UTC,0.9704,"Unusual hour (night, outside 06:00-22:00); Online + international (typical fraud vector); Late-night online purchase","Model strongly flags this transaction due to occurred at night, online and international (score 0.970)","{""source"": ""transactions_b.csv"", ""channel"": ""POS"", ""tx_type"": ""purchase"", ""currency"": ""USD"", ""amount"": 2836.73, ""amount_in_usd"": 2836.73}",Flagged for review,Pending review,Awaiting investigator
TXN_121596,2026-09-18 12:10:45 UTC,0.1319,No high-risk rules triggered,Model finds this transaction low risk with no strong anomaly indicators (score 0.132),"{""source"": ""transactions_b.csv"", ""channel"": ""POS"", ""tx_type"": ""withdrawal"", ""currency"": ""USD"", ""amount"": 1114.62, ""amount_in_usd"": 1114.62}",No action (low risk cleared),Pending review,Awaiting investigator
TXN_338847,2026-09-18 12:10:45 UTC,0.0568,Weekend transaction,Model finds this transaction low risk due to weekend timing (score 0.057),"{""source"": ""transactions_b.csv"", ""channel"": ""Online"", ""tx_type"": ""purchase"", ""currency"": ""USD"", ""amount"": 97.27, ""amount_in_usd"": 97.27}",No action (low risk cleared),Pending review,Awaiting investigator
TXN_232291,2026-09-18 12:10:45 UTC,0.0338,Weekend transaction,Model finds this transaction low risk due to weekend timing (score 0.034),"{""source"": ""transactions_b.csv"", ""channel"": ""POS"", ""tx_type"": ""payment"", ""currency"": ""USD"", ""amount"": 53.99, ""amount_in_usd"": 53.99}",No action (low risk cleared),Pending review,Awaiting investigator
TXN_803275,2026-09-18 12:10:45 UTC,0.0389,Weekend transaction,Model finds this transaction low risk due to weekend timing (score 0.039),"{""source"": ""transactions_b.csv"", ""channel"": ""ATM"", ""tx_type"": ""transfer"", ""currency"": ""USD"", ""amount"": 18.33, ""amount_in_usd"": 18.33}",No action (low risk cleared),Pending review,Awaiting investigator
TXN_827947,2026-09-18 12:10:45 UTC,0.0521,No high-risk rules triggered,Model finds this transaction low risk with no strong anomaly indicators (score 0.052),"{""source"": ""transactions_b.csv"", ""channel"": ""Online"", ""tx_type"": ""payment"", ""currency"": ""USD"", ""amount"": 82.8, ""amount_in_usd"": 82.8}",No action (low risk cleared),Pending review,Awaiting investigator
TXN_587380,2026-09-18 12:10:45 UTC,0.0804,No high-risk rules triggered,Model finds this transaction low risk with no strong anomaly indicators (score 0.080),"{""source"": ""transactions_b.csv"", ""channel"": ""ATM"", ""tx_type"": ""purchase"", ""currency"": ""USD"", ""amount"": 61.5, ""amount_in_usd"": 61.5}",No action (low risk cleared),Pending review,Awaiting investigator
TXN_864090,2026-09-18 12:10:45 UTC,0.0936,Weekend transaction,Model finds this transaction low risk due to weekend timing (score 0.094),"{""source"": ""transactions_b.csv"", ""channel"": ""ATM"", ""tx_type"": ""payment"", ""currency"": ""USD"", ""amount"": 9.42, ""amount_in_usd"": 9.42}",No action (low risk cleared),Pending review,Awaiting investigator
TXN_114122,2026-09-18 12:10:45 UTC,0.0941,No high-risk rules triggered,Model finds this transaction low risk with no strong anomaly indicators (score 0.094),"{""source"": ""transactions_b.csv"", ""channel"": ""ATM"", ""tx_type"": ""payment"", ""currency"": ""USD"", ""amount"": 6.37, ""amount_in_usd"": 6.37}",No action (low risk cleared),Pending review,Awaiting investigator
TXN_484043,2026-09-18 12:10:45 UTC,0.0429,Weekend transaction,Model finds this transaction low risk due to weekend timing (score 0.043),"{""source"": ""transactions_b.csv"", ""channel"": ""POS"", ""tx_type"": ""payment"", ""currency"": ""USD"", ""amount"": 47.0, ""amount_in_usd"": 47.0}",No action (low risk cleared),Pending review,Awaiting investigator
TXN_947606,2026-09-18 12:10:45 UTC,0.0321,No high-risk rules triggered,Model finds this transaction low risk with no strong anomaly indicators (score 0.032),"{""source"": ""transactions_b.csv"", ""channel"": ""Branch"", ""tx_type"": ""purchase"", ""currency"": ""USD"", ""amount"": 111.96, ""amount_in_usd"": 111.96}",No action (low risk cleared),Pending review,Awaiting investigator
TXN_426502,2026-09-18 12:10:45 UTC,0.0293,No high-risk rules triggered,Model finds this transaction low risk with no strong anomaly indicators (score 0.029),"{""source"": ""transactions_b.csv"", ""channel"": ""Online"", ""tx_type"": ""withdrawal"", ""currency"": ""USD"", ""amount"": 8.56, ""amount_in_usd"": 8.56}",No action (low risk cleared),Pending review,Awaiting investigator
TXN_136278,2026-09-18 12:10:45 UTC,0.0326,Weekend transaction,Model finds this transaction low risk due to weekend timing (score 0.033),"{""source"": ""transactions_b.csv"", ""channel"": ""Mobile"", ""tx_type"": ""transfer"", ""currency"": ""USD"", ""amount"": 18.21, ""amount_in_usd"": 18.21}",No action (low risk cleared),Pending review,Awaiting investigator
TXN_334352,2026-09-18 12:10:45 UTC,0.0391,Online + international (typical fraud vector),Model finds this transaction low risk due to online and international (score 0.039),"{""source"": ""transactions_b.csv"", ""channel"": ""POS"", ""tx_type"": ""purchase"", ""currency"": ""USD"", ""amount"": 39.96, ""amount_in_usd"": 39.96}",No action (low risk cleared),Pending review,Awaiting investigator
TXN_181369,2026-09-18 12:10:45 UTC,0.0437,Weekend transaction,Model finds this transaction low risk due to weekend timing (score 0.044),"{""source"": ""transactions_b.csv"", ""channel"": ""Online"", ""tx_type"": ""transfer"", ""currency"": ""USD"", ""amount"": 12.92, ""amount_in_usd"": 12.92}",No action (low risk cleared),Pending review,Awaiting investigator
TXN_766963,2026-09-18 12:10:45 UTC,0.0432,No high-risk rules triggered,Model finds this transaction low risk with no strong anomaly indicators (score 0.043),"{""source"": ""transactions_b.csv"", ""channel"": ""Online"", ""tx_type"": ""purchase"", ""currency"": ""USD"", ""amount"": 108.37, ""amount_in_usd"": 108.37}",No action (low risk cleared),Pending review,Awaiting investigator
TXN_801633,2026-09-18 12:10:45 UTC,0.0651,Weekend transaction,Model finds this transaction low risk due to weekend timing (score 0.065),"{""source"": ""transactions_b.csv"", ""channel"": ""Branch"", ""tx_type"": ""transfer"", ""currency"": ""USD"", ""amount"": 17.03, ""amount_in_usd"": 17.03}",No action (low risk cleared),Pending review,Awaiting investigator
TXN_422170,2026-09-18 12:10:45 UTC,0.0780,No high-risk rules triggered,Model finds this transaction low risk with no strong anomaly indicators (score 0.078),"{""source"": ""transactions_b.csv"", ""channel"": ""Mobile"", ""tx_type"": ""withdrawal"", ""currency"": ""USD"", ""amount"": 9.44, ""amount_in_usd"": 9.44}",No action (low risk cleared),Pending review,Awaiting investigator
TXN_184402,2026-09-18 12:10:45 UTC,0.0276,Weekend transaction,Model finds this transaction low risk due to weekend timing (score 0.028),"{""source"": ""transactions_b.csv"", ""channel"": ""Online"", ""tx_type"": ""payment"", ""currency"": ""USD"", ""amount"": 65.96, ""amount_in_usd"": 65.96}",No action (low risk cleared),Pending review,Awaiting investigator
TXN_835060,2026-09-18 12:10:45 UTC,0.0142,No high-risk rules triggered,Model finds this transaction low risk with no strong anomaly indicators (score 0.014),"{""source"": ""transactions_b.csv"", ""channel"": ""Online"", ""tx_type"": ""purchase"", ""currency"": ""USD"", ""amount"": 68.71, ""amount_in_usd"": 68.71}",No action (low risk cleared),Pending review,Awaiting investigator
TXN_232528,2026-09-18 12:10:45 UTC,0.0405,No high-risk rules triggered,Model finds this transaction low risk with no strong anomaly indicators (score 0.041),"{""source"": ""transactions_b.csv"", ""channel"": ""ATM"", ""tx_type"": ""purchase"", ""currency"": ""USD"", ""amount"": 116.2, ""amount_in_usd"": 116.2}",No action (low risk cleared),Pending review,Awaiting investigator
TXN_292954,2026-09-18 12:10:45 UTC,0.0365,No high-risk rules triggered,Model finds this transaction low risk with no strong anomaly indicators (score 0.036),"{""source"": ""transactions_b.csv"", ""channel"": ""Branch"", ""tx_type"": ""purchase"", ""currency"": ""USD"", ""amount"": 32.12, ""amount_in_usd"": 32.12}",No action (low risk cleared),Pending review,Awaiting investigator
TXN_111794,2026-09-18 12:10:45 UTC,0.0211,Weekend transaction,Model finds this transaction low risk due to weekend timing (score 0.021),"{""source"": ""transactions_b.csv"", ""channel"": ""Online"", ""tx_type"": ""purchase"", ""currency"": ""USD"", ""amount"": 12.33, ""amount_in_usd"": 12.33}",No action (low risk cleared),Pending review,Awaiting investigator
TXN_280946,2026-09-18 12:10:45 UTC,0.0382,No high-risk rules triggered,Model finds this transaction low risk with no strong anomaly indicators (score 0.038),"{""source"": ""transactions_b.csv"", ""channel"": ""Mobile"", ""tx_type"": ""withdrawal"", ""currency"": ""USD"", ""amount"": 3.49, ""amount_in_usd"": 3.49}",No action (low risk cleared),Pending review,Awaiting investigator
TXN_454953,2026-09-18 12:10:45 UTC,0.0498,No high-risk rules triggered,Model finds this transaction low risk with no strong anomaly indicators (score 0.050),"{""source"": ""transactions_b.csv"", ""channel"": ""POS"", ""tx_type"": ""purchase"", ""currency"": ""USD"", ""amount"": 6.47, ""amount_in_usd"": 6.47}",No action (low risk cleared),Pending review,Awaiting investigator
TXN_962418,2026-09-18 12:10:45 UTC,0.0267,Weekend transaction,Model finds this transaction low risk due to weekend timing (score 0.027),"{""source"": ""transactions_b.csv"", ""channel"": ""ATM"", ""tx_type"": ""transfer"", ""currency"": ""USD"", ""amount"": 23.59, ""amount_in_usd"": 23.59}",No action (low risk cleared),Pending review,Awaiting investigator
TXN_943211,2026-09-18 12:10:45 UTC,0.0687,No high-risk rules triggered,Model finds this transaction low risk with no strong anomaly indicators (score 0.069),"{""source"": ""transactions_b.csv"", ""channel"": ""Mobile"", ""tx_type"": ""payment"", ""currency"": ""USD"", ""amount"": 63.81, ""amount_in_usd"": 63.81}",No action (low risk cleared),Pending review,Awaiting investigator
TXN_188908,2026-09-18 12:10:45 UTC,0.0469,No high-risk rules triggered,Model finds this transaction low risk with no strong anomaly indicators (score 0.047),"{""source"": ""transactions_b.csv"", ""channel"": ""Online"", ""tx_type"": ""purchase"", ""currency"": ""USD"", ""amount"": 34.89, ""amount_in_usd"": 34.89}",No action (low risk cleared),Pending review,Awaiting investigator
TXN_979268,2026-09-18 12:10:45 UTC,0.0310,Weekend transaction,Model finds this transaction low risk due to weekend timing (score 0.031),"{""source"": ""transactions_b.csv"", ""channel"": ""POS"", ""tx_type"": ""purchase"", ""currency"": ""USD"", ""amount"": 89.11, ""amount_in_usd"": 89.11}",No action (low risk cleared),Pending review,Awaiting investigator
TXN_559032,2026-09-18 12:10:45 UTC,0.0445,No high-risk rules triggered,Model finds this transaction low risk with no strong anomaly indicators (score 0.044),"{""source"": ""transactions_b.csv"", ""channel"": ""Mobile"", ""tx_type"": ""purchase"", ""currency"": ""USD"", ""amount"": 19.83, ""amount_in_usd"": 19.83}",No action (low risk cleared),Pending review,Awaiting investigator
TXN_623398,2026-09-18 12:10:45 UTC,0.0173,No high-risk rules triggered,Model finds this transaction low risk with no strong anomaly indicators (score 0.017),"{""source"": ""transactions_b.csv"", ""channel"": ""Branch"", ""tx_type"": ""purchase"", ""currency"": ""USD"", ""amount"": 90.62, ""amount_in_usd"": 90.62}",No action (low risk cleared),Pending review,Awaiting investigator
TXN_877493,2026-09-18 12:10:45 UTC,0.0319,No high-risk rules triggered,Model finds this transaction low risk with no strong anomaly indicators (score 0.032),"{""source"": ""transactions_b.csv"", ""channel"": ""POS"", ""tx_type"": ""purchase"", ""currency"": ""USD"", ""amount"": 42.24, ""amount_in_usd"": 42.24}",No action (low risk cleared),Pending review,Awaiting investigator
TXN_108356,2026-09-18 12:10:45 UTC,0.0328,No high-risk rules triggered,Model finds this transaction low risk with no strong anomaly indicators (score 0.033),"{""source"": ""transactions_b.csv"", ""channel"": ""Mobile"", ""tx_type"": ""purchase"", ""currency"": ""USD"", ""amount"": 13.01, ""amount_in_usd"": 13.01}",No action (low risk cleared),Pending review,Awaiting investigator
TXN_242862,2026-09-18 12:10:45 UTC,0.0142,Weekend transaction,Model finds this transaction low risk due to weekend timing (score 0.014),"{""source"": ""transactions_b.csv"", ""channel"": ""Online"", ""tx_type"": ""purchase"", ""currency"": ""USD"", ""amount"": 51.8, ""amount_in_usd"": 51.8}",No action (low risk cleared),Pending review,Awaiting investigator
TXN_700191,2026-09-18 12:10:45 UTC,0.0982,"Unusual hour (night, outside 06:00-22:00); Late-night online purchase",Model finds this transaction low risk due to occurred at night (score 0.098),"{""source"": ""transactions_b.csv"", ""channel"": ""ATM"", ""tx_type"": ""purchase"", ""currency"": ""USD"", ""amount"": 39.56, ""amount_in_usd"": 39.56}",No action (low risk cleared),Pending review,Awaiting investigator
TXN_996810,2026-09-18 12:10:45 UTC,0.0243,Weekend transaction,Model finds this transaction low risk due to weekend timing (score 0.024),"{""source"": ""transactions_b.csv"", ""channel"": ""Online"", ""tx_type"": ""transfer"", ""currency"": ""USD"", ""amount"": 12.53, ""amount_in_usd"": 12.53}",No action (low risk cleared),Pending review,Awaiting investigator
TXN_533433,2026-09-18 12:10:45 UTC,0.0373,Weekend transaction,Model finds this transaction low risk due to weekend timing (score 0.037),"{""source"": ""transactions_b.csv"", ""channel"": ""Mobile"", ""tx_type"": ""payment"", ""currency"": ""USD"", ""amount"": 15.77, ""amount_in_usd"": 15.77}",No action (low risk cleared),Pending review,Awaiting investigator
TXN_980653,2026-09-18 12:10:45 UTC,0.0286,No high-risk rules triggered,Model finds this transaction low risk with no strong anomaly indicators (score 0.029),"{""source"": ""transactions_b.csv"", ""channel"": ""Mobile"", ""tx_type"": ""purchase"", ""currency"": ""USD"", ""amount"": 103.19, ""amount_in_usd"": 103.19}",No action (low risk cleared),Pending review,Awaiting investigator
TXN_727715,2026-09-18 12:10:45 UTC,0.0192,No high-risk rules triggered,Model finds this transaction low risk with no strong anomaly indicators (score 0.019),"{""source"": ""transactions_b.csv"", ""channel"": ""Online"", ""tx_type"": ""transfer"", ""currency"": ""USD"", ""amount"": 25.77, ""amount_in_usd"": 25.77}",No action (low risk cleared),Pending review,Awaiting investigator
TXN_423115,2026-09-18 12:10:45 UTC,0.7394,"Unusual hour (night, outside 06:00-22:00); Online + international (typical fraud vector); Late-night online purchase","Model indicates elevated fraud risk due to occurred at night, online and international (score 0.739)","{""source"": ""transactions_b.csv"", ""channel"": ""Mobile"", ""tx_type"": ""purchase"", ""currency"": ""USD"", ""amount"": 16.25, ""amount_in_usd"": 16.25}",Flagged for review,Pending review,Awaiting investigator
TXN_819574,2026-09-18 12:10:45 UTC,0.9371,Weekend transaction; Online + international (typical fraud vector),"Model strongly flags this transaction due to online and international, weekend timing (score 0.937)","{""source"": ""transactions_b.csv"", ""channel"": ""Online"", ""tx_type"": ""payment"", ""currency"": ""USD"", ""amount"": 1727.55, ""amount_in_usd"": 1727.55}",Flagged for review,Pending review,Awaiting investigator
TXN_370065,2026-09-18 12:10:45 UTC,0.1246,Weekend transaction,Model finds this transaction low risk due to weekend timing (score 0.125),"{""source"": ""transactions_b.csv"", ""channel"": ""Branch"", ""tx_type"": ""withdrawal"", ""currency"": ""USD"", ""amount"": 164.87, ""amount_in_usd"": 164.87}",No action (low risk cleared),Pending review,Awaiting investigator
TXN_800848,2026-09-18 12:10:45 UTC,0.0321,No high-risk rules triggered,Model finds this transaction low risk with no strong anomaly indicators (score 0.032),"{""source"": ""transactions_b.csv"", ""channel"": ""POS"", ""tx_type"": ""purchase"", ""currency"": ""USD"", ""amount"": 45.37, ""amount_in_usd"": 45.37}",No action (low risk cleared),Pending review,Awaiting investigator
TXN_457372,2026-09-18 12:10:45 UTC,0.1115,No high-risk rules triggered,Model finds this transaction low risk with no strong anomaly indicators (score 0.112),"{""source"": ""transactions_b.csv"", ""channel"": ""Online"", ""tx_type"": ""payment"", ""currency"": ""USD"", ""amount"": 816.07, ""amount_in_usd"": 816.07}",No action (low risk cleared),Pending review,Awaiting investigator
TXN_723449,2026-09-18 12:10:45 UTC,0.0553,No high-risk rules triggered,Model finds this transaction low risk with no strong anomaly indicators (score 0.055),"{""source"": ""transactions_b.csv"", ""channel"": ""POS"", ""tx_type"": ""purchase"", ""currency"": ""USD"", ""amount"": 15.1, ""amount_in_usd"": 15.1}",No action (low risk cleared),Pending review,Awaiting investigator
TXN_519452,2026-09-18 12:10:45 UTC,0.0404,No high-risk rules triggered,Model finds this transaction low risk with no strong anomaly indicators (score 0.040),"{""source"": ""transactions_b.csv"", ""channel"": ""Online"", ""tx_type"": ""transfer"", ""currency"": ""USD"", ""amount"": 29.2, ""amount_in_usd"": 29.2}",No action (low risk cleared),Pending review,Awaiting investigator
TXN_613603,2026-09-18 12:10:45 UTC,0.0358,No high-risk rules triggered,Model finds this transaction low risk with no strong anomaly indicators (score 0.036),"{""source"": ""transactions_b.csv"", ""channel"": ""POS"", ""tx_type"": ""purchase"", ""currency"": ""USD"", ""amount"": 18.49, ""amount_in_usd"": 18.49}",No action (low risk cleared),Pending review,Awaiting investigator
TXN_617248,2026-09-18 12:10:45 UTC,0.0153,No high-risk rules triggered,Model finds this transaction low risk with no strong anomaly indicators (score 0.015),"{""source"": ""transactions_b.csv"", ""channel"": ""Online"", ""tx_type"": ""payment"", ""currency"": ""USD"", ""amount"": 58.19, ""amount_in_usd"": 58.19}",No action (low risk cleared),Pending review,Awaiting investigator
TXN_177748,2026-09-18 12:10:45 UTC,0.0155,Weekend transaction,Model finds this transaction low risk due to weekend timing (score 0.015),"{""source"": ""transactions_b.csv"", ""channel"": ""Online"", ""tx_type"": ""transfer"", ""currency"": ""USD"", ""amount"": 25.81, ""amount_in_usd"": 25.81}",No action (low risk cleared),Pending review,Awaiting investigator
TXN_894856,2026-09-18 12:10:46 UTC,0.0220,No high-risk rules triggered,Model finds this transaction low risk with no strong anomaly indicators (score 0.022),"{""source"": ""transactions_b.csv"", ""channel"": ""Online"", ""tx_type"": ""purchase"", ""currency"": ""USD"", ""amount"": 31.07, ""amount_in_usd"": 31.07}",No action (low risk cleared),Pending review,Awaiting investigator
TXN_843658,2026-09-18 12:10:46 UTC,0.0312,No high-risk rules triggered,Model finds this transaction low risk with no strong anomaly indicators (score 0.031),"{""source"": ""transactions_b.csv"", ""channel"": ""Online"", ""tx_type"": ""transfer"", ""currency"": ""USD"", ""amount"": 54.46, ""amount_in_usd"": 54.46}",No action (low risk cleared),Pending review,Awaiting investigator
TXN_303451,2026-09-18 12:10:46 UTC,0.0236,No high-risk rules triggered,Model finds this transaction low risk with no strong anomaly indicators (score 0.024),"{""source"": ""transactions_b.csv"", ""channel"": ""POS"", ""tx_type"": ""transfer"", ""currency"": ""USD"", ""amount"": 9.07, ""amount_in_usd"": 9.07}",No action (low risk cleared),Pending review,Awaiting investigator
TXN_679507,2026-09-18 12:10:46 UTC,0.1016,"Unusual hour (night, outside 06:00-22:00); Late-night online purchase",Model finds this transaction low risk due to occurred at night (score 0.102),"{""source"": ""transactions_b.csv"", ""channel"": ""ATM"", ""tx_type"": ""transfer"", ""currency"": ""USD"", ""amount"": 48.37, ""amount_in_usd"": 48.37}",No action (low risk cleared),Pending review,Awaiting investigator
TXN_264265,2026-09-18 12:10:46 UTC,0.0916,No high-risk rules triggered,Model finds this transaction low risk with no strong anomaly indicators (score 0.092),"{""source"": ""transactions_b.csv"", ""channel"": ""ATM"", ""tx_type"": ""payment"", ""currency"": ""USD"", ""amount"": 1.81, ""amount_in_usd"": 1.81}",No action (low risk cleared),Pending review,Awaiting investigator
TXN_195430,2026-09-18 12:10:46 UTC,0.0155,No high-risk rules triggered,Model finds this transaction low risk with no strong anomaly indicators (score 0.015),"{""source"": ""transactions_b.csv"", ""channel"": ""Online"", ""tx_type"": ""withdrawal"", ""currency"": ""USD"", ""amount"": 63.74, ""amount_in_usd"": 63.74}",No action (low risk cleared),Pending review,Awaiting investigator
TXN_673670,2026-09-18 12:10:46 UTC,0.0494,No high-risk rules triggered,Model finds this transaction low risk with no strong anomaly indicators (score 0.049),"{""source"": ""transactions_b.csv"", ""channel"": ""POS"", ""tx_type"": ""withdrawal"", ""currency"": ""USD"", ""amount"": 45.96, ""amount_in_usd"": 45.96}",No action (low risk cleared),Pending review,Awaiting investigator
TXN_807095,2026-09-18 12:10:46 UTC,0.0699,No high-risk rules triggered,Model finds this transaction low risk with no strong anomaly indicators (score 0.070),"{""source"": ""transactions_b.csv"", ""channel"": ""POS"", ""tx_type"": ""purchase"", ""currency"": ""USD"", ""amount"": 394.04, ""amount_in_usd"": 394.04}",No action (low risk cleared),Pending review,Awaiting investigator
TXN_755123,2026-09-18 12:10:46 UTC,0.0769,Weekend transaction,Model finds this transaction low risk due to weekend timing (score 0.077),"{""source"": ""transactions_b.csv"", ""channel"": ""Mobile"", ""tx_type"": ""payment"", ""currency"": ""USD"", ""amount"": 1.03, ""amount_in_usd"": 1.03}",No action (low risk cleared),Pending review,Awaiting investigator
TXN_758627,2026-09-18 12:10:46 UTC,0.0161,Weekend transaction,Model finds this transaction low risk due to weekend timing (score 0.016),"{""source"": ""transactions_b.csv"", ""channel"": ""Online"", ""tx_type"": ""purchase"", ""currency"": ""USD"", ""amount"": 13.66, ""amount_in_usd"": 13.66}",No action (low risk cleared),Pending review,Awaiting investigator
TXN_316087,2026-09-18 12:10:46 UTC,0.0497,No high-risk rules triggered,Model finds this transaction low risk with no strong anomaly indicators (score 0.050),"{""source"": ""transactions_b.csv"", ""channel"": ""Mobile"", ""tx_type"": ""withdrawal"", ""currency"": ""USD"", ""amount"": 112.78, ""amount_in_usd"": 112.78}",No action (low risk cleared),Pending review,Awaiting investigator
TXN_491496,2026-09-18 12:10:46 UTC,0.0523,Weekend transaction,Model finds this transaction low risk due to weekend timing (score 0.052),"{""source"": ""transactions_b.csv"", ""channel"": ""Online"", ""tx_type"": ""purchase"", ""currency"": ""USD"", ""amount"": 42.3, ""amount_in_usd"": 42.3}",No action (low risk cleared),Pending review,Awaiting investigator
TXN_530967,2026-09-18 12:10:46 UTC,0.0265,Weekend transaction,Model finds this transaction low risk due to weekend timing (score 0.026),"{""source"": ""transactions_b.csv"", ""channel"": ""Branch"", ""tx_type"": ""payment"", ""currency"": ""USD"", ""amount"": 13.98, ""amount_in_usd"": 13.98}",No action (low risk cleared),Pending review,Awaiting investigator
TXN_170687,2026-09-18 12:10:46 UTC,0.0524,No high-risk rules triggered,Model finds this transaction low risk with no strong anomaly indicators (score 0.052),"{""source"": ""transactions_b.csv"", ""channel"": ""Online"", ""tx_type"": ""withdrawal"", ""currency"": ""USD"", ""amount"": 34.88, ""amount_in_usd"": 34.88}",No action (low risk cleared),Pending review,Awaiting investigator
TXN_865533,2026-09-18 12:10:46 UTC,0.0675,No high-risk rules triggered,Model finds this transaction low risk with no strong anomaly indicators (score 0.068),"{""source"": ""transactions_b.csv"", ""channel"": ""ATM"", ""tx_type"": ""purchase"", ""currency"": ""USD"", ""amount"": 7.03, ""amount_in_usd"": 7.03}",No action (low risk cleared),Pending review,Awaiting investigator
TXN_987336,2026-09-18 12:10:46 UTC,0.0210,No high-risk rules triggered,Model finds this transaction low risk with no strong anomaly indicators (score 0.021),"{""source"": ""transactions_b.csv"", ""channel"": ""Mobile"", ""tx_type"": ""withdrawal"", ""currency"": ""USD"", ""amount"": 21.66, ""amount_in_usd"": 21.66}",No action (low risk cleared),Pending review,Awaiting investigator
TXN_940459,2026-09-18 12:10:46 UTC,0.0702,Weekend transaction,Model finds this transaction low risk due to weekend timing (score 0.070),"{""source"": ""transactions_b.csv"", ""channel"": ""ATM"", ""tx_type"": ""payment"", ""currency"": ""USD"", ""amount"": 32.68, ""amount_in_usd"": 32.68}",No action (low risk cleared),Pending review,Awaiting investigator
TXN_429931,2026-09-18 12:10:46 UTC,0.0047,No high-risk rules triggered,Model finds this transaction low risk with no strong anomaly indicators (score 0.005),"{""source"": ""transactions_b.csv"", ""channel"": ""POS"", ""tx_type"": ""transfer"", ""currency"": ""USD"", ""amount"": 17.93, ""amount_in_usd"": 17.93}",No action (low risk cleared),Pending review,Awaiting investigator
TXN_308238,2026-09-18 12:10:46 UTC,0.0567,Weekend transaction,Model finds this transaction low risk due to weekend timing (score 0.057),"{""source"": ""transactions_b.csv"", ""channel"": ""Branch"", ""tx_type"": ""purchase"", ""currency"": ""USD"", ""amount"": 150.94, ""amount_in_usd"": 150.94}",No action (low risk cleared),Pending review,Awaiting investigator
TXN_317684,2026-09-18 12:10:46 UTC,0.0040,No high-risk rules triggered,Model finds this transaction low risk with no strong anomaly indicators (score 0.004),"{""source"": ""transactions_b.csv"", ""channel"": ""Mobile"", ""tx_type"": ""purchase"", ""currency"": ""USD"", ""amount"": 31.95, ""amount_in_usd"": 31.95}",No action (low risk cleared),Pending review,Awaiting investigator
TXN_982502,2026-09-18 12:10:46 UTC,0.0423,Online + international (typical fraud vector),Model finds this transaction low risk due to online and international (score 0.042),"{""source"": ""transactions_b.csv"", ""channel"": ""POS"", ""tx_type"": ""withdrawal"", ""currency"": ""USD"", ""amount"": 32.84, ""amount_in_usd"": 32.84}",No action (low risk cleared),Pending review,Awaiting investigator
TXN_481658,2026-09-18 12:10:46 UTC,0.0318,No high-risk rules triggered,Model finds this transaction low risk with no strong anomaly indicators (score 0.032),"{""source"": ""transactions_b.csv"", ""channel"": ""Mobile"", ""tx_type"": ""purchase"", ""currency"": ""USD"", ""amount"": 12.85, ""amount_in_usd"": 12.85}",No action (low risk cleared),Pending review,Awaiting investigator
TXN_273183,2026-09-18 12:10:46 UTC,0.0226,No high-risk rules triggered,Model finds this transaction low risk with no strong anomaly indicators (score 0.023),"{""source"": ""transactions_b.csv"", ""channel"": ""Branch"", ""tx_type"": ""purchase"", ""currency"": ""USD"", ""amount"": 20.24, ""amount_in_usd"": 20.24}",No action (low risk cleared),Pending review,Awaiting investigator
TXN_853101,2026-09-18 12:10:46 UTC,0.0557,No high-risk rules triggered,Model finds this transaction low risk with no strong anomaly indicators (score 0.056),"{""source"": ""transactions_b.csv"", ""channel"": ""Mobile"", ""tx_type"": ""purchase"", ""currency"": ""USD"", ""amount"": 1.72, ""amount_in_usd"": 1.72}",No action (low risk cleared),Pending review,Awaiting investigator
TXN_280997,2026-09-18 12:10:46 UTC,0.0221,No high-risk rules triggered,Model finds this transaction low risk with no strong anomaly indicators (score 0.022),"{""source"": ""transactions_b.csv"", ""channel"": ""POS"", ""tx_type"": ""transfer"", ""currency"": ""USD"", ""amount"": 9.07, ""amount_in_usd"": 9.07}",No action (low risk cleared),Pending review,Awaiting investigator
TXN_714245,2026-09-18 12:10:46 UTC,0.0180,No high-risk rules triggered,Model finds this transaction low risk with no strong anomaly indicators (score 0.018),"{""source"": ""transactions_b.csv"", ""channel"": ""POS"", ""tx_type"": ""transfer"", ""currency"": ""USD"", ""amount"": 40.45, ""amount_in_usd"": 40.45}",No action (low risk cleared),Pending review,Awaiting investigator
TXN_845962,2026-09-18 12:10:46 UTC,0.0283,Weekend transaction,Model finds this transaction low risk due to weekend timing (score 0.028),"{""source"": ""transactions_b.csv"", ""channel"": ""Online"", ""tx_type"": ""purchase"", ""currency"": ""USD"", ""amount"": 11.56, ""amount_in_usd"": 11.56}",No action (low risk cleared),Pending review,Awaiting investigator
TXN_626658,2026-09-18 12:10:46 UTC,0.0331,No high-risk rules triggered,Model finds this transaction low risk with no strong anomaly indicators (score 0.033),"{""source"": ""transactions_b.csv"", ""channel"": ""Mobile"", ""tx_type"": ""withdrawal"", ""currency"": ""USD"", ""amount"": 13.93, ""amount_in_usd"": 13.93}",No action (low risk cleared),Pending review,Awaiting investigator
TXN_578133,2026-09-18 12:10:46 UTC,0.0502,No high-risk rules triggered,Model finds this transaction low risk with no strong anomaly indicators (score 0.050),"{""source"": ""transactions_b.csv"", ""channel"": ""ATM"", ""tx_type"": ""purchase"", ""currency"": ""USD"", ""amount"": 63.08, ""amount_in_usd"": 63.08}",No action (low risk cleared),Pending review,Awaiting investigator
TXN_507295,2026-09-18 12:10:46 UTC,0.0225,No high-risk rules triggered,Model finds this transaction low risk with no strong anomaly indicators (score 0.022),"{""source"": ""transactions_b.csv"", ""channel"": ""POS"", ""tx_type"": ""payment"", ""currency"": ""USD"", ""amount"": 57.68, ""amount_in_usd"": 57.68}",No action (low risk cleared),Pending review,Awaiting investigator
TXN_926392,2026-09-18 12:10:46 UTC,0.0316,No high-risk rules triggered,Model finds this transaction low risk with no strong anomaly indicators (score 0.032),"{""source"": ""transactions_b.csv"", ""channel"": ""POS"", ""tx_type"": ""purchase"", ""currency"": ""USD"", ""amount"": 48.52, ""amount_in_usd"": 48.52}",No action (low risk cleared),Pending review,Awaiting investigator
TXN_838558,2026-09-18 12:10:46 UTC,0.0359,No high-risk rules triggered,Model finds this transaction low risk with no strong anomaly indicators (score 0.036),"{""source"": ""transactions_b.csv"", ""channel"": ""POS"", ""tx_type"": ""purchase"", ""currency"": ""USD"", ""amount"": 85.01, ""amount_in_usd"": 85.01}",No action (low risk cleared),Pending review,Awaiting investigator
TXN_231878,2026-09-18 12:10:46 UTC,0.0489,Online + international (typical fraud vector),Model finds this transaction low risk due to online and international (score 0.049),"{""source"": ""transactions_b.csv"", ""channel"": ""Branch"", ""tx_type"": ""transfer"", ""currency"": ""USD"", ""amount"": 28.51, ""amount_in_usd"": 28.51}",No action (low risk cleared),Pending review,Awaiting investigator
TXN_636371,2026-09-18 12:10:46 UTC,0.0784,No high-risk rules triggered,Model finds this transaction low risk with no strong anomaly indicators (score 0.078),"{""source"": ""transactions_b.csv"", ""channel"": ""Online"", ""tx_type"": ""withdrawal"", ""currency"": ""USD"", ""amount"": 2.2, ""amount_in_usd"": 2.2}",No action (low risk cleared),Pending review,Awaiting investigator
TXN_666562,2026-09-18 12:10:46 UTC,0.0272,No high-risk rules triggered,Model finds this transaction low risk with no strong anomaly indicators (score 0.027),"{""source"": ""transactions_b.csv"", ""channel"": ""Mobile"", ""tx_type"": ""transfer"", ""currency"": ""USD"", ""amount"": 35.34, ""amount_in_usd"": 35.34}",No action (low risk cleared),Pending review,Awaiting investigator
TXN_265496,2026-09-18 12:10:46 UTC,0.0362,No high-risk rules triggered,Model finds this transaction low risk with no strong anomaly indicators (score 0.036),"{""source"": ""transactions_b.csv"", ""channel"": ""POS"", ""tx_type"": ""purchase"", ""currency"": ""USD"", ""amount"": 43.14, ""amount_in_usd"": 43.14}",No action (low risk cleared),Pending review,Awaiting investigator
TXN_149706,2026-09-18 12:10:46 UTC,0.0250,No high-risk rules triggered,Model finds this transaction low risk with no strong anomaly indicators (score 0.025),"{""source"": ""transactions_b.csv"", ""channel"": ""Online"", ""tx_type"": ""transfer"", ""currency"": ""USD"", ""amount"": 29.86, ""amount_in_usd"": 29.86}",No action (low risk cleared),Pending review,Awaiting investigator
TXN_511217,2026-09-18 12:10:46 UTC,0.0244,No high-risk rules triggered,Model finds this transaction low risk with no strong anomaly indicators (score 0.024),"{""source"": ""transactions_b.csv"", ""channel"": ""Mobile"", ""tx_type"": ""withdrawal"", ""currency"": ""USD"", ""amount"": 6.25, ""amount_in_usd"": 6.25}",No action (low risk cleared),Pending review,Awaiting investigator
TXN_251383,2026-09-18 12:10:46 UTC,0.0732,Weekend transaction,Model finds this transaction low risk due to weekend timing (score 0.073),"{""source"": ""transactions_b.csv"", ""channel"": ""ATM"", ""tx_type"": ""purchase"", ""currency"": ""USD"", ""amount"": 16.02, ""amount_in_usd"": 16.02}",No action (low risk cleared),Pending review,Awaiting investigator
TXN_747383,2026-09-18 12:10:46 UTC,0.0487,No high-risk rules triggered,Model finds this transaction low risk with no strong anomaly indicators (score 0.049),"{""source"": ""transactions_b.csv"", ""channel"": ""Online"", ""tx_type"": ""payment"", ""currency"": ""USD"", ""amount"": 3.86, ""amount_in_usd"": 3.86}",No action (low risk cleared),Pending review,Awaiting investigator
TXN_350499,2026-09-18 12:10:46 UTC,0.0675,No high-risk rules triggered,Model finds this transaction low risk with no strong anomaly indicators (score 0.068),"{""source"": ""transactions_b.csv"", ""channel"": ""Mobile"", ""tx_type"": ""purchase"", ""currency"": ""USD"", ""amount"": 5.23, ""amount_in_usd"": 5.23}",No action (low risk cleared),Pending review,Awaiting investigator
TXN_132451,2026-09-18 12:10:46 UTC,0.0784,No high-risk rules triggered,Model finds this transaction low risk with no strong anomaly indicators (score 0.078),"{""source"": ""transactions_b.csv"", ""channel"": ""ATM"", ""tx_type"": ""transfer"", ""currency"": ""USD"", ""amount"": 77.45, ""amount_in_usd"": 77.45}",No action (low risk cleared),Pending review,Awaiting investigator
TXN_577679,2026-09-18 12:10:46 UTC,0.0410,Weekend transaction,Model finds this transaction low risk due to weekend timing (score 0.041),"{""source"": ""transactions_b.csv"", ""channel"": ""Online"", ""tx_type"": ""transfer"", ""currency"": ""USD"", ""amount"": 110.9, ""amount_in_usd"": 110.9}",No action (low risk cleared),Pending review,Awaiting investigator
TXN_908314,2026-09-18 12:10:46 UTC,0.0241,Weekend transaction,Model finds this transaction low risk due to weekend timing (score 0.024),"{""source"": ""transactions_b.csv"", ""channel"": ""Online"", ""tx_type"": ""withdrawal"", ""currency"": ""USD"", ""amount"": 15.06, ""amount_in_usd"": 15.06}",No action (low risk cleared),Pending review,Awaiting investigator
TXN_821620,2026-09-18 12:10:46 UTC,0.0236,Weekend transaction,Model finds this transaction low risk due to weekend timing (score 0.024),"{""source"": ""transactions_b.csv"", ""channel"": ""Online"", ""tx_type"": ""transfer"", ""currency"": ""USD"", ""amount"": 12.79, ""amount_in_usd"": 12.79}",No action (low risk cleared),Pending review,Awaiting investigator
TXN_466808,2026-09-18 12:10:46 UTC,0.0218,No high-risk rules triggered,Model finds this transaction low risk with no strong anomaly indicators (score 0.022),"{""source"": ""transactions_b.csv"", ""channel"": ""POS"", ""tx_type"": ""transfer"", ""currency"": ""USD"", ""amount"": 54.21, ""amount_in_usd"": 54.21}",No action (low risk cleared),Pending review,Awaiting investigator
TXN_224825,2026-09-18 12:10:46 UTC,0.0372,No high-risk rules triggered,Model finds this transaction low risk with no strong anomaly indicators (score 0.037),"{""source"": ""transactions_b.csv"", ""channel"": ""Mobile"", ""tx_type"": ""withdrawal"", ""currency"": ""USD"", ""amount"": 58.32, ""amount_in_usd"": 58.32}",No action (low risk cleared),Pending review,Awaiting investigator
TXN_705974,2026-09-18 12:10:46 UTC,0.0725,No high-risk rules triggered,Model finds this transaction low risk with no strong anomaly indicators (score 0.072),"{""source"": ""transactions_b.csv"", ""channel"": ""ATM"", ""tx_type"": ""withdrawal"", ""currency"": ""USD"", ""amount"": 263.0, ""amount_in_usd"": 263.0}",No action (low risk cleared),Pending review,Awaiting investigator
TXN_107435,2026-09-18 12:10:46 UTC,0.1001,"Unusual hour (night, outside 06:00-22:00)",Model finds this transaction low risk due to occurred at night (score 0.100),"{""source"": ""transactions_b.csv"", ""channel"": ""ATM"", ""tx_type"": ""transfer"", ""currency"": ""USD"", ""amount"": 7.6, ""amount_in_usd"": 7.6}",No action (low risk cleared),Pending review,Awaiting investigator
TXN_126882,2026-09-18 12:10:46 UTC,0.0630,No high-risk rules triggered,Model finds this transaction low risk with no strong anomaly indicators (score 0.063),"{""source"": ""transactions_b.csv"", ""channel"": ""Branch"", ""tx_type"": ""transfer"", ""currency"": ""USD"", ""amount"": 68.02, ""amount_in_usd"": 68.02}",No action (low risk cleared),Pending review,Awaiting investigator
TXN_631384,2026-09-18 12:10:46 UTC,0.0229,No high-risk rules triggered,Model finds this transaction low risk with no strong anomaly indicators (score 0.023),"{""source"": ""transactions_b.csv"", ""channel"": ""Online"", ""tx_type"": ""purchase"", ""currency"": ""USD"", ""amount"": 93.97, ""amount_in_usd"": 93.97}",No action (low risk cleared),Pending review,Awaiting investigator
TXN_600499,2026-09-18 12:10:46 UTC,0.0311,No high-risk rules triggered,Model finds this transaction low risk with no strong anomaly indicators (score 0.031),"{""source"": ""transactions_b.csv"", ""channel"": ""Mobile"", ""tx_type"": ""payment"", ""currency"": ""USD"", ""amount"": 79.38, ""amount_in_usd"": 79.38}",No action (low risk cleared),Pending review,Awaiting investigator
TXN_904691,2026-09-18 12:10:46 UTC,0.0292,No high-risk rules triggered,Model finds this transaction low risk with no strong anomaly indicators (score 0.029),"{""source"": ""transactions_b.csv"", ""channel"": ""ATM"", ""tx_type"": ""purchase"", ""currency"": ""USD"", ""amount"": 22.65, ""amount_in_usd"": 22.65}",No action (low risk cleared),Pending review,Awaiting investigator
TXN_223421,2026-09-18 12:10:46 UTC,0.0163,Weekend transaction,Model finds this transaction low risk due to weekend timing (score 0.016),"{""source"": ""transactions_b.csv"", ""channel"": ""Mobile"", ""tx_type"": ""transfer"", ""currency"": ""USD"", ""amount"": 37.94, ""amount_in_usd"": 37.94}",No action (low risk cleared),Pending review,Awaiting investigator
TXN_935520,2026-09-18 12:10:46 UTC,0.0340,No high-risk rules triggered,Model finds this transaction low risk with no strong anomaly indicators (score 0.034),"{""source"": ""transactions_b.csv"", ""channel"": ""Mobile"", ""tx_type"": ""transfer"", ""currency"": ""USD"", ""amount"": 8.68, ""amount_in_usd"": 8.68}",No action (low risk cleared),Pending review,Awaiting investigator
TXN_534585,2026-09-18 12:10:46 UTC,0.1705,No high-risk rules triggered,Model finds this transaction low risk with no strong anomaly indicators (score 0.171),"{""source"": ""transactions_b.csv"", ""channel"": ""ATM"", ""tx_type"": ""transfer"", ""currency"": ""USD"", ""amount"": 439.62, ""amount_in_usd"": 439.62}",No action (low risk cleared),Pending review,Awaiting investigator
TXN_548831,2026-09-18 12:10:46 UTC,0.0144,No high-risk rules triggered,Model finds this transaction low risk with no strong anomaly indicators (score 0.014),"{""source"": ""transactions_b.csv"", ""channel"": ""POS"", ""tx_type"": ""purchase"", ""currency"": ""USD"", ""amount"": 76.0, ""amount_in_usd"": 76.0}",No action (low risk cleared),Pending review,Awaiting investigator
TXN_423555,2026-09-18 12:10:46 UTC,0.0523,No high-risk rules triggered,Model finds this transaction low risk with no strong anomaly indicators (score 0.052),"{""source"": ""transactions_b.csv"", ""channel"": ""POS"", ""tx_type"": ""withdrawal"", ""currency"": ""USD"", ""amount"": 7.5, ""amount_in_usd"": 7.5}",No action (low risk cleared),Pending review,Awaiting investigator
TXN_919132,2026-09-18 12:10:46 UTC,0.0829,No high-risk rules triggered,Model finds this transaction low risk with no strong anomaly indicators (score 0.083),"{""source"": ""transactions_b.csv"", ""channel"": ""ATM"", ""tx_type"": ""purchase"", ""currency"": ""USD"", ""amount"": 3.08, ""amount_in_usd"": 3.08}",No action (low risk cleared),Pending review,Awaiting investigator
TXN_205491,2026-09-18 12:10:46 UTC,0.0688,No high-risk rules triggered,Model finds this transaction low risk with no strong anomaly indicators (score 0.069),"{""source"": ""transactions_b.csv"", ""channel"": ""Branch"", ""tx_type"": ""payment"", ""currency"": ""USD"", ""amount"": 249.45, ""amount_in_usd"": 249.45}",No action (low risk cleared),Pending review,Awaiting investigator
TXN_481478,2026-09-18 12:10:46 UTC,0.0576,Online + international (typical fraud vector),Model finds this transaction low risk due to online and international (score 0.058),"{""source"": ""transactions_b.csv"", ""channel"": ""POS"", ""tx_type"": ""purchase"", ""currency"": ""USD"", ""amount"": 42.52, ""amount_in_usd"": 42.52}",No action (low risk cleared),Pending review,Awaiting investigator
TXN_889882,2026-09-18 12:10:46 UTC,0.1352,Weekend transaction,Model finds this transaction low risk due to weekend timing (score 0.135),"{""source"": ""transactions_b.csv"", ""channel"": ""Branch"", ""tx_type"": ""purchase"", ""currency"": ""USD"", ""amount"": 244.66, ""amount_in_usd"": 244.66}",No action (low risk cleared),Pending review,Awaiting investigator
TXN_454913,2026-09-18 12:10:46 UTC,0.0362,No high-risk rules triggered,Model finds this transaction low risk with no strong anomaly indicators (score 0.036),"{""source"": ""transactions_b.csv"", ""channel"": ""Online"", ""tx_type"": ""transfer"", ""currency"": ""USD"", ""amount"": 16.71, ""amount_in_usd"": 16.71}",No action (low risk cleared),Pending review,Awaiting investigator
TXN_607491,2026-09-18 12:10:46 UTC,0.0680,Online + international (typical fraud vector),Model finds this transaction low risk due to online and international (score 0.068),"{""source"": ""transactions_b.csv"", ""channel"": ""Branch"", ""tx_type"": ""purchase"", ""currency"": ""USD"", ""amount"": 26.92, ""amount_in_usd"": 26.92}",No action (low risk cleared),Pending review,Awaiting investigator
TXN_331097,2026-09-18 12:10:46 UTC,0.0239,No high-risk rules triggered,Model finds this transaction low risk with no strong anomaly indicators (score 0.024),"{""source"": ""transactions_b.csv"", ""channel"": ""Mobile"", ""tx_type"": ""payment"", ""currency"": ""USD"", ""amount"": 62.97, ""amount_in_usd"": 62.97}",No action (low risk cleared),Pending review,Awaiting investigator
TXN_819580,2026-09-18 12:10:46 UTC,0.0492,No high-risk rules triggered,Model finds this transaction low risk with no strong anomaly indicators (score 0.049),"{""source"": ""transactions_b.csv"", ""channel"": ""Mobile"", ""tx_type"": ""payment"", ""currency"": ""USD"", ""amount"": 265.58, ""amount_in_usd"": 265.58}",No action (low risk cleared),Pending review,Awaiting investigator
TXN_781948,2026-09-18 12:10:46 UTC,0.0373,No high-risk rules triggered,Model finds this transaction low risk with no strong anomaly indicators (score 0.037),"{""source"": ""transactions_b.csv"", ""channel"": ""POS"", ""tx_type"": ""purchase"", ""currency"": ""USD"", ""amount"": 8.87, ""amount_in_usd"": 8.87}",No action (low risk cleared),Pending review,Awaiting investigator
TXN_238649,2026-09-18 12:10:46 UTC,0.0844,Online + international (typical fraud vector),Model finds this transaction low risk due to online and international (score 0.084),"{""source"": ""transactions_b.csv"", ""channel"": ""ATM"", ""tx_type"": ""purchase"", ""currency"": ""USD"", ""amount"": 42.01, ""amount_in_usd"": 42.01}",No action (low risk cleared),Pending review,Awaiting investigator
TXN_208136,2026-09-18 12:10:46 UTC,0.0497,No high-risk rules triggered,Model finds this transaction low risk with no strong anomaly indicators (score 0.050),"{""source"": ""transactions_b.csv"", ""channel"": ""ATM"", ""tx_type"": ""payment"", ""currency"": ""USD"", ""amount"": 18.98, ""amount_in_usd"": 18.98}",No action (low risk cleared),Pending review,Awaiting investigator
TXN_297363,2026-09-18 12:10:46 UTC,0.9412,"Unusual hour (night, outside 06:00-22:00); Late-night online purchase",Model strongly flags this transaction due to occurred at night (score 0.941),"{""source"": ""transactions_b.csv"", ""channel"": ""Mobile"", ""tx_type"": ""withdrawal"", ""currency"": ""USD"", ""amount"": 1006.32, ""amount_in_usd"": 1006.32}",Flagged for review,Pending review,Awaiting investigator
TXN_740531,2026-09-18 12:10:46 UTC,0.0730,No high-risk rules triggered,Model finds this transaction low risk with no strong anomaly indicators (score 0.073),"{""source"": ""transactions_b.csv"", ""channel"": ""Online"", ""tx_type"": ""withdrawal"", ""currency"": ""USD"", ""amount"": 3.35, ""amount_in_usd"": 3.35}",No action (low risk cleared),Pending review,Awaiting investigator
TXN_483644,2026-09-18 12:10:46 UTC,0.0172,No high-risk rules triggered,Model finds this transaction low risk with no strong anomaly indicators (score 0.017),"{""source"": ""transactions_b.csv"", ""channel"": ""Online"", ""tx_type"": ""transfer"", ""currency"": ""USD"", ""amount"": 15.8, ""amount_in_usd"": 15.8}",No action (low risk cleared),Pending review,Awaiting investigator
TXN_941627,2026-09-18 12:10:46 UTC,0.0240,No high-risk rules triggered,Model finds this transaction low risk with no strong anomaly indicators (score 0.024),"{""source"": ""transactions_b.csv"", ""channel"": ""POS"", ""tx_type"": ""purchase"", ""currency"": ""USD"", ""amount"": 70.77, ""amount_in_usd"": 70.77}",No action (low risk cleared),Pending review,Awaiting investigator
TXN_282516,2026-09-18 12:10:46 UTC,0.0548,Weekend transaction,Model finds this transaction low risk due to weekend timing (score 0.055),"{""source"": ""transactions_b.csv"", ""channel"": ""Online"", ""tx_type"": ""transfer"", ""currency"": ""USD"", ""amount"": 18.27, ""amount_in_usd"": 18.27}",No action (low risk cleared),Pending review,Awaiting investigator
TXN_903669,2026-09-18 12:10:46 UTC,0.0044,No high-risk rules triggered,Model finds this transaction low risk with no strong anomaly indicators (score 0.004),"{""source"": ""transactions_b.csv"", ""channel"": ""Online"", ""tx_type"": ""purchase"", ""currency"": ""USD"", ""amount"": 13.2, ""amount_in_usd"": 13.2}",No action (low risk cleared),Pending review,Awaiting investigator
TXN_924915,2026-09-18 12:10:46 UTC,0.0614,Weekend transaction,Model finds this transaction low risk due to weekend timing (score 0.061),"{""source"": ""transactions_b.csv"", ""channel"": ""Mobile"", ""tx_type"": ""payment"", ""currency"": ""USD"", ""amount"": 53.44, ""amount_in_usd"": 53.44}",No action (low risk cleared),Pending review,Awaiting investigator
TXN_575144,2026-09-18 12:10:46 UTC,0.0476,No high-risk rules triggered,Model finds this transaction low risk with no strong anomaly indicators (score 0.048),"{""source"": ""transactions_b.csv"", ""channel"": ""POS"", ""tx_type"": ""transfer"", ""currency"": ""USD"", ""amount"": 8.92, ""amount_in_usd"": 8.92}",No action (low risk cleared),Pending review,Awaiting investigator
TXN_446234,2026-09-18 12:10:46 UTC,0.0169,No high-risk rules triggered,Model finds this transaction low risk with no strong anomaly indicators (score 0.017),"{""source"": ""transactions_b.csv"", ""channel"": ""Mobile"", ""tx_type"": ""transfer"", ""currency"": ""USD"", ""amount"": 38.23, ""amount_in_usd"": 38.23}",No action (low risk cleared),Pending review,Awaiting investigator
TXN_757386,2026-09-18 12:10:46 UTC,0.0537,Online + international (typical fraud vector),Model finds this transaction low risk due to online and international (score 0.054),"{""source"": ""transactions_b.csv"", ""channel"": ""ATM"", ""tx_type"": ""purchase"", ""currency"": ""USD"", ""amount"": 17.31, ""amount_in_usd"": 17.31}",No action (low risk cleared),Pending review,Awaiting investigator
TXN_791755,2026-09-18 12:10:46 UTC,0.9292,"Unusual hour (night, outside 06:00-22:00); Online + international (typical fraud vector); Late-night online purchase","Model strongly flags this transaction due to occurred at night, online and international (score 0.929)","{""source"": ""transactions_b.csv"", ""channel"": ""POS"", ""tx_type"": ""transfer"", ""currency"": ""USD"", ""amount"": 285.61, ""amount_in_usd"": 285.61}",Flagged for review,Pending review,Awaiting investigator
TXN_898040,2026-09-18 12:10:46 UTC,0.0251,Weekend transaction,Model finds this transaction low risk due to weekend timing (score 0.025),"{""source"": ""transactions_b.csv"", ""channel"": ""Online"", ""tx_type"": ""purchase"", ""currency"": ""USD"", ""amount"": 38.94, ""amount_in_usd"": 38.94}",No action (low risk cleared),Pending review,Awaiting investigator
TXN_618992,2026-09-18 12:10:46 UTC,0.0778,No high-risk rules triggered,Model finds this transaction low risk with no strong anomaly indicators (score 0.078),"{""source"": ""transactions_b.csv"", ""channel"": ""Mobile"", ""tx_type"": ""purchase"", ""currency"": ""USD"", ""amount"": 159.43, ""amount_in_usd"": 159.43}",No action (low risk cleared),Pending review,Awaiting investigator
TXN_105433,2026-09-18 12:10:46 UTC,0.0260,No high-risk rules triggered,Model finds this transaction low risk with no strong anomaly indicators (score 0.026),"{""source"": ""transactions_b.csv"", ""channel"": ""POS"", ""tx_type"": ""purchase"", ""currency"": ""USD"", ""amount"": 23.76, ""amount_in_usd"": 23.76}",No action (low risk cleared),Pending review,Awaiting investigator
TXN_766451,2026-09-18 12:10:46 UTC,0.0314,Weekend transaction,Model finds this transaction low risk due to weekend timing (score 0.031),"{""source"": ""transactions_b.csv"", ""channel"": ""Mobile"", ""tx_type"": ""purchase"", ""currency"": ""USD"", ""amount"": 49.95, ""amount_in_usd"": 49.95}",No action (low risk cleared),Pending review,Awaiting investigator
TXN_269889,2026-09-18 12:10:46 UTC,0.0744,No high-risk rules triggered,Model finds this transaction low risk with no strong anomaly indicators (score 0.074),"{""source"": ""transactions_b.csv"", ""channel"": ""POS"", ""tx_type"": ""transfer"", ""currency"": ""USD"", ""amount"": 55.68, ""amount_in_usd"": 55.68}",No action (low risk cleared),Pending review,Awaiting investigator
TXN_369477,2026-09-18 12:10:46 UTC,0.0641,No high-risk rules triggered,Model finds this transaction low risk with no strong anomaly indicators (score 0.064),"{""source"": ""transactions_b.csv"", ""channel"": ""ATM"", ""tx_type"": ""withdrawal"", ""currency"": ""USD"", ""amount"": 4.01, ""amount_in_usd"": 4.01}",No action (low risk cleared),Pending review,Awaiting investigator
TXN_732160,2026-09-18 12:10:46 UTC,0.0235,Weekend transaction,Model finds this transaction low risk due to weekend timing (score 0.024),"{""source"": ""transactions_b.csv"", ""channel"": ""Branch"", ""tx_type"": ""withdrawal"", ""currency"": ""USD"", ""amount"": 20.45, ""amount_in_usd"": 20.45}",No action (low risk cleared),Pending review,Awaiting investigator
TXN_839373,2026-09-18 12:10:46 UTC,0.1117,Weekend transaction,Model finds this transaction low risk due to weekend timing (score 0.112),"{""source"": ""transactions_b.csv"", ""channel"": ""Branch"", ""tx_type"": ""transfer"", ""currency"": ""USD"", ""amount"": 194.33, ""amount_in_usd"": 194.33}",No action (low risk cleared),Pending review,Awaiting investigator
TXN_838637,2026-09-18 12:10:46 UTC,0.8155,Weekend transaction; Online + international (typical fraud vector); Late-night online purchase,"Model strongly flags this transaction due to online and international, weekend timing (score 0.816)","{""source"": ""transactions_b.csv"", ""channel"": ""Mobile"", ""tx_type"": ""withdrawal"", ""currency"": ""USD"", ""amount"": 24.31, ""amount_in_usd"": 24.31}",Flagged for review,Pending review,Awaiting investigator
TXN_630229,2026-09-18 12:10:46 UTC,0.0802,No high-risk rules triggered,Model finds this transaction low risk with no strong anomaly indicators (score 0.080),"{""source"": ""transactions_b.csv"", ""channel"": ""POS"", ""tx_type"": ""transfer"", ""currency"": ""USD"", ""amount"": 1.25, ""amount_in_usd"": 1.25}",No action (low risk cleared),Pending review,Awaiting investigator
TXN_389838,2026-09-18 12:10:46 UTC,0.0264,No high-risk rules triggered,Model finds this transaction low risk with no strong anomaly indicators (score 0.026),"{""source"": ""transactions_b.csv"", ""channel"": ""Online"", ""tx_type"": ""withdrawal"", ""currency"": ""USD"", ""amount"": 39.62, ""amount_in_usd"": 39.62}",No action (low risk cleared),Pending review,Awaiting investigator
TXN_168371,2026-09-18 12:10:46 UTC,0.0152,No high-risk rules triggered,Model finds this transaction low risk with no strong anomaly indicators (score 0.015),"{""source"": ""transactions_b.csv"", ""channel"": ""Branch"", ""tx_type"": ""purchase"", ""currency"": ""USD"", ""amount"": 56.83, ""amount_in_usd"": 56.83}",No action (low risk cleared),Pending review,Awaiting investigator
TXN_351754,2026-09-18 12:10:46 UTC,0.0459,No high-risk rules triggered,Model finds this transaction low risk with no strong anomaly indicators (score 0.046),"{""source"": ""transactions_b.csv"", ""channel"": ""Branch"", ""tx_type"": ""purchase"", ""currency"": ""USD"", ""amount"": 172.34, ""amount_in_usd"": 172.34}",No action (low risk cleared),Pending review,Awaiting investigator
TXN_549827,2026-09-18 12:10:46 UTC,0.0253,No high-risk rules triggered,Model finds this transaction low risk with no strong anomaly indicators (score 0.025),"{""source"": ""transactions_b.csv"", ""channel"": ""Mobile"", ""tx_type"": ""payment"", ""currency"": ""USD"", ""amount"": 60.9, ""amount_in_usd"": 60.9}",No action (low risk cleared),Pending review,Awaiting investigator
TXN_932279,2026-09-18 12:10:46 UTC,0.1000,"Unusual hour (night, outside 06:00-22:00); Weekend transaction","Model finds this transaction low risk due to occurred at night, weekend timing (score 0.100)","{""source"": ""transactions_b.csv"", ""channel"": ""Mobile"", ""tx_type"": ""payment"", ""currency"": ""USD"", ""amount"": 115.67, ""amount_in_usd"": 115.67}",No action (low risk cleared),Pending review,Awaiting investigator
TXN_496709,2026-09-18 12:10:46 UTC,0.0419,No high-risk rules triggered,Model finds this transaction low risk with no strong anomaly indicators (score 0.042),"{""source"": ""transactions_b.csv"", ""channel"": ""Online"", ""tx_type"": ""withdrawal"", ""currency"": ""USD"", ""amount"": 5.36, ""amount_in_usd"": 5.36}",No action (low risk cleared),Pending review,Awaiting investigator
TXN_227835,2026-09-18 12:10:46 UTC,0.0654,No high-risk rules triggered,Model finds this transaction low risk with no strong anomaly indicators (score 0.065),"{""source"": ""transactions_b.csv"", ""channel"": ""POS"", ""tx_type"": ""payment"", ""currency"": ""USD"", ""amount"": 2.75, ""amount_in_usd"": 2.75}",No action (low risk cleared),Pending review,Awaiting investigator
TXN_716977,2026-09-18 12:10:46 UTC,0.0478,No high-risk rules triggered,Model finds this transaction low risk with no strong anomaly indicators (score 0.048),"{""source"": ""transactions_b.csv"", ""channel"": ""Online"", ""tx_type"": ""purchase"", ""currency"": ""USD"", ""amount"": 256.89, ""amount_in_usd"": 256.89}",No action (low risk cleared),Pending review,Awaiting investigator
TXN_428567,2026-09-18 12:10:46 UTC,0.0311,Weekend transaction,Model finds this transaction low risk due to weekend timing (score 0.031),"{""source"": ""transactions_b.csv"", ""channel"": ""Mobile"", ""tx_type"": ""transfer"", ""currency"": ""USD"", ""amount"": 20.19, ""amount_in_usd"": 20.19}",No action (low risk cleared),Pending review,Awaiting investigator
TXN_882055,2026-09-18 12:10:46 UTC,0.1150,"Unusual hour (night, outside 06:00-22:00); Weekend transaction","Model finds this transaction low risk due to occurred at night, weekend timing (score 0.115)","{""source"": ""transactions_b.csv"", ""channel"": ""Online"", ""tx_type"": ""payment"", ""currency"": ""USD"", ""amount"": 178.32, ""amount_in_usd"": 178.32}",No action (low risk cleared),Pending review,Awaiting investigator
TXN_102333,2026-09-18 12:10:46 UTC,0.0233,No high-risk rules triggered,Model finds this transaction low risk with no strong anomaly indicators (score 0.023),"{""source"": ""transactions_b.csv"", ""channel"": ""Online"", ""tx_type"": ""purchase"", ""currency"": ""USD"", ""amount"": 80.63, ""amount_in_usd"": 80.63}",No action (low risk cleared),Pending review,Awaiting investigator
TXN_549991,2026-09-18 12:10:46 UTC,0.0198,Weekend transaction,Model finds this transaction low risk due to weekend timing (score 0.020),"{""source"": ""transactions_b.csv"", ""channel"": ""Online"", ""tx_type"": ""transfer"", ""currency"": ""USD"", ""amount"": 69.82, ""amount_in_usd"": 69.82}",No action (low risk cleared),Pending review,Awaiting investigator
TXN_115052,2026-09-18 12:10:46 UTC,0.0467,No high-risk rules triggered,Model finds this transaction low risk with no strong anomaly indicators (score 0.047),"{""source"": ""transactions_b.csv"", ""channel"": ""Online"", ""tx_type"": ""purchase"", ""currency"": ""USD"", ""amount"": 243.84, ""amount_in_usd"": 243.84}",No action (low risk cleared),Pending review,Awaiting investigator
TXN_293624,2026-09-18 12:10:46 UTC,0.0873,Weekend transaction,Model finds this transaction low risk due to weekend timing (score 0.087),"{""source"": ""transactions_b.csv"", ""channel"": ""Online"", ""tx_type"": ""withdrawal"", ""currency"": ""USD"", ""amount"": 389.86, ""amount_in_usd"": 389.86}",No action (low risk cleared),Pending review,Awaiting investigator
TXN_141798,2026-09-18 12:10:46 UTC,0.0682,Weekend transaction,Model finds this transaction low risk due to weekend timing (score 0.068),"{""source"": ""transactions_b.csv"", ""channel"": ""Mobile"", ""tx_type"": ""purchase"", ""currency"": ""USD"", ""amount"": 205.13, ""amount_in_usd"": 205.13}",No action (low risk cleared),Pending review,Awaiting investigator
TXN_103457,2026-09-18 12:10:46 UTC,0.0611,No high-risk rules triggered,Model finds this transaction low risk with no strong anomaly indicators (score 0.061),"{""source"": ""transactions_b.csv"", ""channel"": ""POS"", ""tx_type"": ""purchase"", ""currency"": ""USD"", ""amount"": 193.46, ""amount_in_usd"": 193.46}",No action (low risk cleared),Pending review,Awaiting investigator
TXN_173727,2026-09-18 12:10:46 UTC,0.0382,No high-risk rules triggered,Model finds this transaction low risk with no strong anomaly indicators (score 0.038),"{""source"": ""transactions_b.csv"", ""channel"": ""Mobile"", ""tx_type"": ""purchase"", ""currency"": ""USD"", ""amount"": 15.94, ""amount_in_usd"": 15.94}",No action (low risk cleared),Pending review,Awaiting investigator
TXN_726809,2026-09-18 12:10:46 UTC,0.1298,"Unusual hour (night, outside 06:00-22:00); Weekend transaction","Model finds this transaction low risk due to occurred at night, weekend timing (score 0.130)","{""source"": ""transactions_b.csv"", ""channel"": ""Branch"", ""tx_type"": ""purchase"", ""currency"": ""USD"", ""amount"": 39.33, ""amount_in_usd"": 39.33}",No action (low risk cleared),Pending review,Awaiting investigator
TXN_928830,2026-09-18 12:10:46 UTC,0.0585,No high-risk rules triggered,Model finds this transaction low risk with no strong anomaly indicators (score 0.059),"{""source"": ""transactions_b.csv"", ""channel"": ""Online"", ""tx_type"": ""purchase"", ""currency"": ""USD"", ""amount"": 220.99, ""amount_in_usd"": 220.99}",No action (low risk cleared),Pending review,Awaiting investigator
TXN_305423,2026-09-18 12:10:46 UTC,0.0352,Online + international (typical fraud vector),Model finds this transaction low risk due to online and international (score 0.035),"{""source"": ""transactions_b.csv"", ""channel"": ""Online"", ""tx_type"": ""withdrawal"", ""currency"": ""USD"", ""amount"": 35.19, ""amount_in_usd"": 35.19}",No action (low risk cleared),Pending review,Awaiting investigator
TXN_374963,2026-09-18 12:10:46 UTC,0.0345,Weekend transaction,Model finds this transaction low risk due to weekend timing (score 0.035),"{""source"": ""transactions_b.csv"", ""channel"": ""POS"", ""tx_type"": ""transfer"", ""currency"": ""USD"", ""amount"": 73.3, ""amount_in_usd"": 73.3}",No action (low risk cleared),Pending review,Awaiting investigator
TXN_968126,2026-09-18 12:10:46 UTC,0.0300,No high-risk rules triggered,Model finds this transaction low risk with no strong anomaly indicators (score 0.030),"{""source"": ""transactions_b.csv"", ""channel"": ""Online"", ""tx_type"": ""purchase"", ""currency"": ""USD"", ""amount"": 92.19, ""amount_in_usd"": 92.19}",No action (low risk cleared),Pending review,Awaiting investigator
TXN_600439,2026-09-18 12:10:46 UTC,0.0442,Weekend transaction,Model finds this transaction low risk due to weekend timing (score 0.044),"{""source"": ""transactions_b.csv"", ""channel"": ""Mobile"", ""tx_type"": ""payment"", ""currency"": ""USD"", ""amount"": 42.19, ""amount_in_usd"": 42.19}",No action (low risk cleared),Pending review,Awaiting investigator
TXN_817792,2026-09-18 12:10:46 UTC,0.0490,Weekend transaction,Model finds this transaction low risk due to weekend timing (score 0.049),"{""source"": ""transactions_b.csv"", ""channel"": ""POS"", ""tx_type"": ""transfer"", ""currency"": ""USD"", ""amount"": 8.34, ""amount_in_usd"": 8.34}",No action (low risk cleared),Pending review,Awaiting investigator
TXN_518705,2026-09-18 12:10:46 UTC,0.0514,Weekend transaction,Model finds this transaction low risk due to weekend timing (score 0.051),"{""source"": ""transactions_b.csv"", ""channel"": ""POS"", ""tx_type"": ""payment"", ""currency"": ""USD"", ""amount"": 20.4, ""amount_in_usd"": 20.4}",No action (low risk cleared),Pending review,Awaiting investigator
TXN_531868,2026-09-18 12:10:46 UTC,0.0808,Weekend transaction,Model finds this transaction low risk due to weekend timing (score 0.081),"{""source"": ""transactions_b.csv"", ""channel"": ""POS"", ""tx_type"": ""withdrawal"", ""currency"": ""USD"", ""amount"": 275.51, ""amount_in_usd"": 275.51}",No action (low risk cleared),Pending review,Awaiting investigator
TXN_855318,2026-09-18 12:10:46 UTC,0.0139,No high-risk rules triggered,Model finds this transaction low risk with no strong anomaly indicators (score 0.014),"{""source"": ""transactions_b.csv"", ""channel"": ""Online"", ""tx_type"": ""purchase"", ""currency"": ""USD"", ""amount"": 51.9, ""amount_in_usd"": 51.9}",No action (low risk cleared),Pending review,Awaiting investigator
TXN_538937,2026-09-18 12:10:46 UTC,0.0590,Weekend transaction,Model finds this transaction low risk due to weekend timing (score 0.059),"{""source"": ""transactions_b.csv"", ""channel"": ""Online"", ""tx_type"": ""withdrawal"", ""currency"": ""USD"", ""amount"": 78.28, ""amount_in_usd"": 78.28}",No action (low risk cleared),Pending review,Awaiting investigator
TXN_953271,2026-09-18 12:10:46 UTC,0.0594,No high-risk rules triggered,Model finds this transaction low risk with no strong anomaly indicators (score 0.059),"{""source"": ""transactions_b.csv"", ""channel"": ""ATM"", ""tx_type"": ""purchase"", ""currency"": ""USD"", ""amount"": 45.29, ""amount_in_usd"": 45.29}",No action (low risk cleared),Pending review,Awaiting investigator
TXN_339132,2026-09-18 12:10:46 UTC,0.0215,No high-risk rules triggered,Model finds this transaction low risk with no strong anomaly indicators (score 0.021),"{""source"": ""transactions_b.csv"", ""channel"": ""Branch"", ""tx_type"": ""purchase"", ""currency"": ""USD"", ""amount"": 46.97, ""amount_in_usd"": 46.97}",No action (low risk cleared),Pending review,Awaiting investigator
TXN_948837,2026-09-18 12:10:46 UTC,0.0776,Online + international (typical fraud vector),Model finds this transaction low risk due to online and international (score 0.078),"{""source"": ""transactions_b.csv"", ""channel"": ""Mobile"", ""tx_type"": ""withdrawal"", ""currency"": ""USD"", ""amount"": 159.48, ""amount_in_usd"": 159.48}",No action (low risk cleared),Pending review,Awaiting investigator
TXN_731535,2026-09-18 12:10:46 UTC,0.0388,No high-risk rules triggered,Model finds this transaction low risk with no strong anomaly indicators (score 0.039),"{""source"": ""transactions_b.csv"", ""channel"": ""POS"", ""tx_type"": ""withdrawal"", ""currency"": ""USD"", ""amount"": 12.79, ""amount_in_usd"": 12.79}",No action (low risk cleared),Pending review,Awaiting investigator
TXN_817732,2026-09-18 12:10:46 UTC,0.0186,No high-risk rules triggered,Model finds this transaction low risk with no strong anomaly indicators (score 0.019),"{""source"": ""transactions_b.csv"", ""channel"": ""Online"", ""tx_type"": ""purchase"", ""currency"": ""USD"", ""amount"": 29.57, ""amount_in_usd"": 29.57}",No action (low risk cleared),Pending review,Awaiting investigator
TXN_411037,2026-09-18 12:10:46 UTC,0.0159,No high-risk rules triggered,Model finds this transaction low risk with no strong anomaly indicators (score 0.016),"{""source"": ""transactions_b.csv"", ""channel"": ""Online"", ""tx_type"": ""purchase"", ""currency"": ""USD"", ""amount"": 45.76, ""amount_in_usd"": 45.76}",No action (low risk cleared),Pending review,Awaiting investigator
TXN_364460,2026-09-18 12:10:46 UTC,0.1026,No high-risk rules triggered,Model finds this transaction low risk with no strong anomaly indicators (score 0.103),"{""source"": ""transactions_b.csv"", ""channel"": ""Branch"", ""tx_type"": ""withdrawal"", ""currency"": ""USD"", ""amount"": 6.68, ""amount_in_usd"": 6.68}",No action (low risk cleared),Pending review,Awaiting investigator
TXN_639382,2026-09-18 12:10:46 UTC,0.0193,No high-risk rules triggered,Model finds this transaction low risk with no strong anomaly indicators (score 0.019),"{""source"": ""transactions_b.csv"", ""channel"": ""Online"", ""tx_type"": ""purchase"", ""currency"": ""USD"", ""amount"": 22.12, ""amount_in_usd"": 22.12}",No action (low risk cleared),Pending review,Awaiting investigator
TXN_988386,2026-09-18 12:10:46 UTC,0.0404,No high-risk rules triggered,Model finds this transaction low risk with no strong anomaly indicators (score 0.040),"{""source"": ""transactions_b.csv"", ""channel"": ""Mobile"", ""tx_type"": ""purchase"", ""currency"": ""USD"", ""amount"": 141.24, ""amount_in_usd"": 141.24}",No action (low risk cleared),Pending review,Awaiting investigator
TXN_901257,2026-09-18 12:10:46 UTC,0.0087,No high-risk rules triggered,Model finds this transaction low risk with no strong anomaly indicators (score 0.009),"{""source"": ""transactions_b.csv"", ""channel"": ""Branch"", ""tx_type"": ""purchase"", ""currency"": ""USD"", ""amount"": 55.7, ""amount_in_usd"": 55.7}",No action (low risk cleared),Pending review,Awaiting investigator
TXN_244051,2026-09-18 12:10:46 UTC,0.0588,No high-risk rules triggered,Model finds this transaction low risk with no strong anomaly indicators (score 0.059),"{""source"": ""transactions_b.csv"", ""channel"": ""POS"", ""tx_type"": ""purchase"", ""currency"": ""USD"", ""amount"": 5.49, ""amount_in_usd"": 5.49}",No action (low risk cleared),Pending review,Awaiting investigator
TXN_460254,2026-09-18 12:10:46 UTC,0.0513,No high-risk rules triggered,Model finds this transaction low risk with no strong anomaly indicators (score 0.051),"{""source"": ""transactions_b.csv"", ""channel"": ""POS"", ""tx_type"": ""purchase"", ""currency"": ""USD"", ""amount"": 12.99, ""amount_in_usd"": 12.99}",No action (low risk cleared),Pending review,Awaiting investigator
TXN_769355,2026-09-18 12:10:46 UTC,0.0760,No high-risk rules triggered,Model finds this transaction low risk with no strong anomaly indicators (score 0.076),"{""source"": ""transactions_b.csv"", ""channel"": ""ATM"", ""tx_type"": ""withdrawal"", ""currency"": ""USD"", ""amount"": 3.02, ""amount_in_usd"": 3.02}",No action (low risk cleared),Pending review,Awaiting investigator
TXN_748819,2026-09-18 12:10:46 UTC,0.2170,"Unusual hour (night, outside 06:00-22:00); Weekend transaction","Model finds this transaction low risk due to occurred at night, weekend timing (score 0.217)","{""source"": ""transactions_b.csv"", ""channel"": ""POS"", ""tx_type"": ""transfer"", ""currency"": ""USD"", ""amount"": 523.96, ""amount_in_usd"": 523.96}",No action (low risk cleared),Pending review,Awaiting investigator
TXN_344041,2026-09-18 12:10:46 UTC,0.0278,No high-risk rules triggered,Model finds this transaction low risk with no strong anomaly indicators (score 0.028),"{""source"": ""transactions_b.csv"", ""channel"": ""Mobile"", ""tx_type"": ""payment"", ""currency"": ""USD"", ""amount"": 15.99, ""amount_in_usd"": 15.99}",No action (low risk cleared),Pending review,Awaiting investigator
TXN_928190,2026-09-18 12:10:46 UTC,0.0514,No high-risk rules triggered,Model finds this transaction low risk with no strong anomaly indicators (score 0.051),"{""source"": ""transactions_b.csv"", ""channel"": ""ATM"", ""tx_type"": ""payment"", ""currency"": ""USD"", ""amount"": 62.22, ""amount_in_usd"": 62.22}",No action (low risk cleared),Pending review,Awaiting investigator
TXN_386549,2026-09-18 12:10:46 UTC,0.0146,No high-risk rules triggered,Model finds this transaction low risk with no strong anomaly indicators (score 0.015),"{""source"": ""transactions_b.csv"", ""channel"": ""Online"", ""tx_type"": ""transfer"", ""currency"": ""USD"", ""amount"": 40.9, ""amount_in_usd"": 40.9}",No action (low risk cleared),Pending review,Awaiting investigator
TXN_311144,2026-09-18 12:10:46 UTC,0.0379,Weekend transaction,Model finds this transaction low risk due to weekend timing (score 0.038),"{""source"": ""transactions_b.csv"", ""channel"": ""POS"", ""tx_type"": ""purchase"", ""currency"": ""USD"", ""amount"": 37.9, ""amount_in_usd"": 37.9}",No action (low risk cleared),Pending review,Awaiting investigator
TXN_289205,2026-09-18 12:10:46 UTC,0.0797,No high-risk rules triggered,Model finds this transaction low risk with no strong anomaly indicators (score 0.080),"{""source"": ""transactions_b.csv"", ""channel"": ""ATM"", ""tx_type"": ""transfer"", ""currency"": ""USD"", ""amount"": 194.13, ""amount_in_usd"": 194.13}",No action (low risk cleared),Pending review,Awaiting investigator
TXN_921180,2026-09-18 12:10:46 UTC,0.0531,Weekend transaction,Model finds this transaction low risk due to weekend timing (score 0.053),"{""source"": ""transactions_b.csv"", ""channel"": ""Branch"", ""tx_type"": ""purchase"", ""currency"": ""USD"", ""amount"": 8.42, ""amount_in_usd"": 8.42}",No action (low risk cleared),Pending review,Awaiting investigator
TXN_921407,2026-09-18 12:10:46 UTC,0.0377,No high-risk rules triggered,Model finds this transaction low risk with no strong anomaly indicators (score 0.038),"{""source"": ""transactions_b.csv"", ""channel"": ""Mobile"", ""tx_type"": ""purchase"", ""currency"": ""USD"", ""amount"": 97.78, ""amount_in_usd"": 97.78}",No action (low risk cleared),Pending review,Awaiting investigator
TXN_199705,2026-09-18 12:10:46 UTC,0.1235,No high-risk rules triggered,Model finds this transaction low risk with no strong anomaly indicators (score 0.123),"{""source"": ""transactions_b.csv"", ""channel"": ""POS"", ""tx_type"": ""payment"", ""currency"": ""USD"", ""amount"": 358.9, ""amount_in_usd"": 358.9}",No action (low risk cleared),Pending review,Awaiting investigator
TXN_336745,2026-09-18 12:10:46 UTC,0.0557,No high-risk rules triggered,Model finds this transaction low risk with no strong anomaly indicators (score 0.056),"{""source"": ""transactions_b.csv"", ""channel"": ""POS"", ""tx_type"": ""transfer"", ""currency"": ""USD"", ""amount"": 213.26, ""amount_in_usd"": 213.26}",No action (low risk cleared),Pending review,Awaiting investigator
TXN_756985,2026-09-18 12:10:46 UTC,0.0327,Weekend transaction,Model finds this transaction low risk due to weekend timing (score 0.033),"{""source"": ""transactions_b.csv"", ""channel"": ""ATM"", ""tx_type"": ""purchase"", ""currency"": ""USD"", ""amount"": 34.28, ""amount_in_usd"": 34.28}",No action (low risk cleared),Pending review,Awaiting investigator
TXN_911617,2026-09-18 12:10:46 UTC,0.0209,No high-risk rules triggered,Model finds this transaction low risk with no strong anomaly indicators (score 0.021),"{""source"": ""transactions_b.csv"", ""channel"": ""Mobile"", ""tx_type"": ""purchase"", ""currency"": ""USD"", ""amount"": 25.87, ""amount_in_usd"": 25.87}",No action (low risk cleared),Pending review,Awaiting investigator
TXN_937989,2026-09-18 12:10:46 UTC,0.0429,Weekend transaction,Model finds this transaction low risk due to weekend timing (score 0.043),"{""source"": ""transactions_b.csv"", ""channel"": ""ATM"", ""tx_type"": ""payment"", ""currency"": ""USD"", ""amount"": 24.49, ""amount_in_usd"": 24.49}",No action (low risk cleared),Pending review,Awaiting investigator
TXN_171464,2026-09-18 12:10:46 UTC,0.0614,No high-risk rules triggered,Model finds this transaction low risk with no strong anomaly indicators (score 0.061),"{""source"": ""transactions_b.csv"", ""channel"": ""Online"", ""tx_type"": ""purchase"", ""currency"": ""USD"", ""amount"": 82.62, ""amount_in_usd"": 82.62}",No action (low risk cleared),Pending review,Awaiting investigator
TXN_166512,2026-09-18 12:10:46 UTC,0.0635,Weekend transaction,Model finds this transaction low risk due to weekend timing (score 0.064),"{""source"": ""transactions_b.csv"", ""channel"": ""ATM"", ""tx_type"": ""purchase"", ""currency"": ""USD"", ""amount"": 181.59, ""amount_in_usd"": 181.59}",No action (low risk cleared),Pending review,Awaiting investigator
TXN_152170,2026-09-18 12:10:46 UTC,0.0510,Online + international (typical fraud vector),Model finds this transaction low risk due to online and international (score 0.051),"{""source"": ""transactions_b.csv"", ""channel"": ""POS"", ""tx_type"": ""transfer"", ""currency"": ""USD"", ""amount"": 12.3, ""amount_in_usd"": 12.3}",No action (low risk cleared),Pending review,Awaiting investigator
TXN_417893,2026-09-18 12:10:46 UTC,0.0878,Online + international (typical fraud vector),Model finds this transaction low risk due to online and international (score 0.088),"{""source"": ""transactions_b.csv"", ""channel"": ""Branch"", ""tx_type"": ""purchase"", ""currency"": ""USD"", ""amount"": 8.89, ""amount_in_usd"": 8.89}",No action (low risk cleared),Pending review,Awaiting investigator
TXN_663151,2026-09-18 12:10:46 UTC,0.0334,Weekend transaction,Model finds this transaction low risk due to weekend timing (score 0.033),"{""source"": ""transactions_b.csv"", ""channel"": ""POS"", ""tx_type"": ""withdrawal"", ""currency"": ""USD"", ""amount"": 25.12, ""amount_in_usd"": 25.12}",No action (low risk cleared),Pending review,Awaiting investigator
TXN_504734,2026-09-18 12:10:46 UTC,0.0245,No high-risk rules triggered,Model finds this transaction low risk with no strong anomaly indicators (score 0.025),"{""source"": ""transactions_b.csv"", ""channel"": ""ATM"", ""tx_type"": ""transfer"", ""currency"": ""USD"", ""amount"": 50.77, ""amount_in_usd"": 50.77}",No action (low risk cleared),Pending review,Awaiting investigator
TXN_994295,2026-09-18 12:10:46 UTC,0.0493,Online + international (typical fraud vector),Model finds this transaction low risk due to online and international (score 0.049),"{""source"": ""transactions_b.csv"", ""channel"": ""Online"", ""tx_type"": ""transfer"", ""currency"": ""USD"", ""amount"": 92.03, ""amount_in_usd"": 92.03}",No action (low risk cleared),Pending review,Awaiting investigator
TXN_962107,2026-09-18 12:10:46 UTC,0.0428,Weekend transaction,Model finds this transaction low risk due to weekend timing (score 0.043),"{""source"": ""transactions_b.csv"", ""channel"": ""Online"", ""tx_type"": ""withdrawal"", ""currency"": ""USD"", ""amount"": 52.99, ""amount_in_usd"": 52.99}",No action (low risk cleared),Pending review,Awaiting investigator
TXN_308747,2026-09-18 12:10:46 UTC,0.1530,Weekend transaction,Model finds this transaction low risk due to weekend timing (score 0.153),"{""source"": ""transactions_b.csv"", ""channel"": ""Mobile"", ""tx_type"": ""purchase"", ""currency"": ""USD"", ""amount"": 213.9, ""amount_in_usd"": 213.9}",No action (low risk cleared),Pending review,Awaiting investigator
TXN_786668,2026-09-18 12:10:46 UTC,0.0258,No high-risk rules triggered,Model finds this transaction low risk with no strong anomaly indicators (score 0.026),"{""source"": ""transactions_b.csv"", ""channel"": ""ATM"", ""tx_type"": ""purchase"", ""currency"": ""USD"", ""amount"": 21.79, ""amount_in_usd"": 21.79}",No action (low risk cleared),Pending review,Awaiting investigator
TXN_980509,2026-09-18 12:10:46 UTC,0.0791,No high-risk rules triggered,Model finds this transaction low risk with no strong anomaly indicators (score 0.079),"{""source"": ""transactions_b.csv"", ""channel"": ""Online"", ""tx_type"": ""withdrawal"", ""currency"": ""USD"", ""amount"": 250.54, ""amount_in_usd"": 250.54}",No action (low risk cleared),Pending review,Awaiting investigator
TXN_456686,2026-09-18 12:10:46 UTC,0.0493,No high-risk rules triggered,Model finds this transaction low risk with no strong anomaly indicators (score 0.049),"{""source"": ""transactions_b.csv"", ""channel"": ""Online"", ""tx_type"": ""payment"", ""currency"": ""USD"", ""amount"": 12.0, ""amount_in_usd"": 12.0}",No action (low risk cleared),Pending review,Awaiting investigator
TXN_178932,2026-09-18 12:10:46 UTC,0.0327,Weekend transaction,Model finds this transaction low risk due to weekend timing (score 0.033),"{""source"": ""transactions_b.csv"", ""channel"": ""Mobile"", ""tx_type"": ""purchase"", ""currency"": ""USD"", ""amount"": 31.51, ""amount_in_usd"": 31.51}",No action (low risk cleared),Pending review,Awaiting investigator
TXN_573512,2026-09-18 12:10:46 UTC,0.0554,No high-risk rules triggered,Model finds this transaction low risk with no strong anomaly indicators (score 0.055),"{""source"": ""transactions_b.csv"", ""channel"": ""Mobile"", ""tx_type"": ""purchase"", ""currency"": ""USD"", ""amount"": 290.06, ""amount_in_usd"": 290.06}",No action (low risk cleared),Pending review,Awaiting investigator
TXN_676939,2026-09-18 12:10:46 UTC,0.0402,No high-risk rules triggered,Model finds this transaction low risk with no strong anomaly indicators (score 0.040),"{""source"": ""transactions_b.csv"", ""channel"": ""POS"", ""tx_type"": ""transfer"", ""currency"": ""USD"", ""amount"": 34.6, ""amount_in_usd"": 34.6}",No action (low risk cleared),Pending review,Awaiting investigator
TXN_165654,2026-09-18 12:10:46 UTC,0.0736,Weekend transaction,Model finds this transaction low risk due to weekend timing (score 0.074),"{""source"": ""transactions_b.csv"", ""channel"": ""ATM"", ""tx_type"": ""purchase"", ""currency"": ""USD"", ""amount"": 8.64, ""amount_in_usd"": 8.64}",No action (low risk cleared),Pending review,Awaiting investigator
TXN_278616,2026-09-18 12:10:46 UTC,0.0451,No high-risk rules triggered,Model finds this transaction low risk with no strong anomaly indicators (score 0.045),"{""source"": ""transactions_b.csv"", ""channel"": ""POS"", ""tx_type"": ""purchase"", ""currency"": ""USD"", ""amount"": 62.22, ""amount_in_usd"": 62.22}",No action (low risk cleared),Pending review,Awaiting investigator
TXN_142887,2026-09-18 12:10:46 UTC,0.0263,No high-risk rules triggered,Model finds this transaction low risk with no strong anomaly indicators (score 0.026),"{""source"": ""transactions_b.csv"", ""channel"": ""Mobile"", ""tx_type"": ""withdrawal"", ""currency"": ""USD"", ""amount"": 18.85, ""amount_in_usd"": 18.85}",No action (low risk cleared),Pending review,Awaiting investigator
TXN_353148,2026-09-18 12:10:46 UTC,0.0141,No high-risk rules triggered,Model finds this transaction low risk with no strong anomaly indicators (score 0.014),"{""source"": ""transactions_b.csv"", ""channel"": ""Online"", ""tx_type"": ""purchase"", ""currency"": ""USD"", ""amount"": 65.62, ""amount_in_usd"": 65.62}",No action (low risk cleared),Pending review,Awaiting investigator
TXN_955639,2026-09-18 12:10:46 UTC,0.0199,No high-risk rules triggered,Model finds this transaction low risk with no strong anomaly indicators (score 0.020),"{""source"": ""transactions_b.csv"", ""channel"": ""Mobile"", ""tx_type"": ""withdrawal"", ""currency"": ""USD"", ""amount"": 76.78, ""amount_in_usd"": 76.78}",No action (low risk cleared),Pending review,Awaiting investigator
TXN_372251,2026-09-18 12:10:46 UTC,0.4572,Weekend transaction; Online + international (typical fraud vector); Late-night online purchase,"Model shows moderate risk; review advised due to online and international, weekend timing (score 0.457)","{""source"": ""transactions_b.csv"", ""channel"": ""POS"", ""tx_type"": ""transfer"", ""currency"": ""USD"", ""amount"": 62.09, ""amount_in_usd"": 62.09}",No action (low risk cleared),Pending review,Awaiting investigator
TXN_716503,2026-09-18 12:10:46 UTC,0.0325,Weekend transaction,Model finds this transaction low risk due to weekend timing (score 0.033),"{""source"": ""transactions_b.csv"", ""channel"": ""Online"", ""tx_type"": ""transfer"", ""currency"": ""USD"", ""amount"": 20.19, ""amount_in_usd"": 20.19}",No action (low risk cleared),Pending review,Awaiting investigator
TXN_869445,2026-09-18 12:10:46 UTC,0.1025,"Unusual hour (night, outside 06:00-22:00)",Model finds this transaction low risk due to occurred at night (score 0.102),"{""source"": ""transactions_b.csv"", ""channel"": ""Online"", ""tx_type"": ""withdrawal"", ""currency"": ""USD"", ""amount"": 11.01, ""amount_in_usd"": 11.01}",No action (low risk cleared),Pending review,Awaiting investigator
TXN_568748,2026-09-18 12:10:46 UTC,0.1027,Weekend transaction,Model finds this transaction low risk due to weekend timing (score 0.103),"{""source"": ""transactions_b.csv"", ""channel"": ""ATM"", ""tx_type"": ""transfer"", ""currency"": ""USD"", ""amount"": 211.93, ""amount_in_usd"": 211.93}",No action (low risk cleared),Pending review,Awaiting investigator
TXN_897635,2026-09-18 12:10:46 UTC,0.0469,No high-risk rules triggered,Model finds this transaction low risk with no strong anomaly indicators (score 0.047),"{""source"": ""transactions_b.csv"", ""channel"": ""ATM"", ""tx_type"": ""payment"", ""currency"": ""USD"", ""amount"": 109.9, ""amount_in_usd"": 109.9}",No action (low risk cleared),Pending review,Awaiting investigator
TXN_479490,2026-09-18 12:10:46 UTC,0.0164,No high-risk rules triggered,Model finds this transaction low risk with no strong anomaly indicators (score 0.016),"{""source"": ""transactions_b.csv"", ""channel"": ""Online"", ""tx_type"": ""transfer"", ""currency"": ""USD"", ""amount"": 24.06, ""amount_in_usd"": 24.06}",No action (low risk cleared),Pending review,Awaiting investigator
TXN_625584,2026-09-18 12:10:46 UTC,0.8954,No high-risk rules triggered,Model strongly flags this transaction with no strong anomaly indicators (score 0.895),"{""source"": ""transactions_b.csv"", ""channel"": ""Branch"", ""tx_type"": ""transfer"", ""currency"": ""USD"", ""amount"": 738.91, ""amount_in_usd"": 738.91}",Flagged for review,Pending review,Awaiting investigator
TXN_552279,2026-09-18 12:10:46 UTC,0.0287,Weekend transaction,Model finds this transaction low risk due to weekend timing (score 0.029),"{""source"": ""transactions_b.csv"", ""channel"": ""Mobile"", ""tx_type"": ""purchase"", ""currency"": ""USD"", ""amount"": 70.96, ""amount_in_usd"": 70.96}",No action (low risk cleared),Pending review,Awaiting investigator
TXN_550001,2026-09-18 12:10:46 UTC,0.1541,No high-risk rules triggered,Model finds this transaction low risk with no strong anomaly indicators (score 0.154),"{""source"": ""transactions_b.csv"", ""channel"": ""Mobile"", ""tx_type"": ""purchase"", ""currency"": ""USD"", ""amount"": 64.17, ""amount_in_usd"": 64.17}",No action (low risk cleared),Pending review,Awaiting investigator
TXN_384965,2026-09-18 12:10:46 UTC,0.0180,Weekend transaction,Model finds this transaction low risk due to weekend timing (score 0.018),"{""source"": ""transactions_b.csv"", ""channel"": ""Online"", ""tx_type"": ""transfer"", ""currency"": ""USD"", ""amount"": 30.7, ""amount_in_usd"": 30.7}",No action (low risk cleared),Pending review,Awaiting investigator
TXN_821960,2026-09-18 12:10:46 UTC,0.0181,No high-risk rules triggered,Model finds this transaction low risk with no strong anomaly indicators (score 0.018),"{""source"": ""transactions_b.csv"", ""channel"": ""Mobile"", ""tx_type"": ""transfer"", ""currency"": ""USD"", ""amount"": 92.58, ""amount_in_usd"": 92.58}",No action (low risk cleared),Pending review,Awaiting investigator
TXN_605345,2026-09-18 12:10:46 UTC,0.0395,Weekend transaction,Model finds this transaction low risk due to weekend timing (score 0.040),"{""source"": ""transactions_b.csv"", ""channel"": ""Mobile"", ""tx_type"": ""purchase"", ""currency"": ""USD"", ""amount"": 45.84, ""amount_in_usd"": 45.84}",No action (low risk cleared),Pending review,Awaiting investigator
TXN_464789,2026-09-18 12:10:46 UTC,0.0544,Online + international (typical fraud vector),Model finds this transaction low risk due to online and international (score 0.054),"{""source"": ""transactions_b.csv"", ""channel"": ""Mobile"", ""tx_type"": ""purchase"", ""currency"": ""USD"", ""amount"": 4.98, ""amount_in_usd"": 4.98}",No action (low risk cleared),Pending review,Awaiting investigator
TXN_228968,2026-09-18 12:10:46 UTC,0.0296,No high-risk rules triggered,Model finds this transaction low risk with no strong anomaly indicators (score 0.030),"{""source"": ""transactions_b.csv"", ""channel"": ""Branch"", ""tx_type"": ""purchase"", ""currency"": ""USD"", ""amount"": 30.03, ""amount_in_usd"": 30.03}",No action (low risk cleared),Pending review,Awaiting investigator
TXN_742914,2026-09-18 12:10:46 UTC,0.1606,"Unusual hour (night, outside 06:00-22:00)",Model finds this transaction low risk due to occurred at night (score 0.161),"{""source"": ""transactions_b.csv"", ""channel"": ""Branch"", ""tx_type"": ""purchase"", ""currency"": ""USD"", ""amount"": 97.32, ""amount_in_usd"": 97.32}",No action (low risk cleared),Pending review,Awaiting investigator
TXN_529462,2026-09-18 12:10:46 UTC,0.1801,"Unusual hour (night, outside 06:00-22:00)",Model finds this transaction low risk due to occurred at night (score 0.180),"{""source"": ""transactions_b.csv"", ""channel"": ""Branch"", ""tx_type"": ""purchase"", ""currency"": ""USD"", ""amount"": 0.57, ""amount_in_usd"": 0.57}",No action (low risk cleared),Pending review,Awaiting investigator
TXN_377618,2026-09-18 12:10:46 UTC,0.0299,Weekend transaction,Model finds this transaction low risk due to weekend timing (score 0.030),"{""source"": ""transactions_b.csv"", ""channel"": ""POS"", ""tx_type"": ""purchase"", ""currency"": ""USD"", ""amount"": 60.3, ""amount_in_usd"": 60.3}",No action (low risk cleared),Pending review,Awaiting investigator
TXN_901046,2026-09-18 12:10:46 UTC,0.0122,No high-risk rules triggered,Model finds this transaction low risk with no strong anomaly indicators (score 0.012),"{""source"": ""transactions_b.csv"", ""channel"": ""Mobile"", ""tx_type"": ""transfer"", ""currency"": ""USD"", ""amount"": 52.6, ""amount_in_usd"": 52.6}",No action (low risk cleared),Pending review,Awaiting investigator
TXN_186641,2026-09-18 12:10:46 UTC,0.0753,Weekend transaction,Model finds this transaction low risk due to weekend timing (score 0.075),"{""source"": ""transactions_b.csv"", ""channel"": ""Online"", ""tx_type"": ""purchase"", ""currency"": ""USD"", ""amount"": 406.65, ""amount_in_usd"": 406.65}",No action (low risk cleared),Pending review,Awaiting investigator
TXN_154558,2026-09-18 12:10:46 UTC,0.0166,Weekend transaction,Model finds this transaction low risk due to weekend timing (score 0.017),"{""source"": ""transactions_b.csv"", ""channel"": ""Mobile"", ""tx_type"": ""purchase"", ""currency"": ""USD"", ""amount"": 53.65, ""amount_in_usd"": 53.65}",No action (low risk cleared),Pending review,Awaiting investigator
TXN_882475,2026-09-18 12:10:46 UTC,0.1035,No high-risk rules triggered,Model finds this transaction low risk with no strong anomaly indicators (score 0.103),"{""source"": ""transactions_b.csv"", ""channel"": ""POS"", ""tx_type"": ""withdrawal"", ""currency"": ""USD"", ""amount"": 284.05, ""amount_in_usd"": 284.05}",No action (low risk cleared),Pending review,Awaiting investigator
TXN_697004,2026-09-18 12:10:46 UTC,0.0333,No high-risk rules triggered,Model finds this transaction low risk with no strong anomaly indicators (score 0.033),"{""source"": ""transactions_b.csv"", ""channel"": ""Online"", ""tx_type"": ""withdrawal"", ""currency"": ""USD"", ""amount"": 80.35, ""amount_in_usd"": 80.35}",No action (low risk cleared),Pending review,Awaiting investigator
TXN_973560,2026-09-18 12:10:46 UTC,0.0213,No high-risk rules triggered,Model finds this transaction low risk with no strong anomaly indicators (score 0.021),"{""source"": ""transactions_b.csv"", ""channel"": ""Mobile"", ""tx_type"": ""withdrawal"", ""currency"": ""USD"", ""amount"": 16.98, ""amount_in_usd"": 16.98}",No action (low risk cleared),Pending review,Awaiting investigator
TXN_136839,2026-09-18 12:10:46 UTC,0.0491,No high-risk rules triggered,Model finds this transaction low risk with no strong anomaly indicators (score 0.049),"{""source"": ""transactions_b.csv"", ""channel"": ""Online"", ""tx_type"": ""purchase"", ""currency"": ""USD"", ""amount"": 4.94, ""amount_in_usd"": 4.94}",No action (low risk cleared),Pending review,Awaiting investigator
TXN_665654,2026-09-18 12:10:46 UTC,0.1939,Weekend transaction,Model finds this transaction low risk due to weekend timing (score 0.194),"{""source"": ""transactions_b.csv"", ""channel"": ""Branch"", ""tx_type"": ""purchase"", ""currency"": ""USD"", ""amount"": 105.82, ""amount_in_usd"": 105.82}",No action (low risk cleared),Pending review,Awaiting investigator
TXN_705122,2026-09-18 12:10:46 UTC,0.0167,No high-risk rules triggered,Model finds this transaction low risk with no strong anomaly indicators (score 0.017),"{""source"": ""transactions_b.csv"", ""channel"": ""Online"", ""tx_type"": ""withdrawal"", ""currency"": ""USD"", ""amount"": 27.77, ""amount_in_usd"": 27.77}",No action (low risk cleared),Pending review,Awaiting investigator
TXN_694725,2026-09-18 12:10:46 UTC,0.0254,No high-risk rules triggered,Model finds this transaction low risk with no strong anomaly indicators (score 0.025),"{""source"": ""transactions_b.csv"", ""channel"": ""Mobile"", ""tx_type"": ""purchase"", ""currency"": ""USD"", ""amount"": 37.69, ""amount_in_usd"": 37.69}",No action (low risk cleared),Pending review,Awaiting investigator
TXN_630455,2026-09-18 12:10:46 UTC,0.0327,No high-risk rules triggered,Model finds this transaction low risk with no strong anomaly indicators (score 0.033),"{""source"": ""transactions_b.csv"", ""channel"": ""Mobile"", ""tx_type"": ""payment"", ""currency"": ""USD"", ""amount"": 28.08, ""amount_in_usd"": 28.08}",No action (low risk cleared),Pending review,Awaiting investigator
TXN_841021,2026-09-18 12:10:46 UTC,0.0221,No high-risk rules triggered,Model finds this transaction low risk with no strong anomaly indicators (score 0.022),"{""source"": ""transactions_b.csv"", ""channel"": ""Mobile"", ""tx_type"": ""transfer"", ""currency"": ""USD"", ""amount"": 74.9, ""amount_in_usd"": 74.9}",No action (low risk cleared),Pending review,Awaiting investigator
TXN_190328,2026-09-18 12:10:46 UTC,0.0788,No high-risk rules triggered,Model finds this transaction low risk with no strong anomaly indicators (score 0.079),"{""source"": ""transactions_b.csv"", ""channel"": ""Online"", ""tx_type"": ""payment"", ""currency"": ""USD"", ""amount"": 98.59, ""amount_in_usd"": 98.59}",No action (low risk cleared),Pending review,Awaiting investigator
TXN_310680,2026-09-18 12:10:46 UTC,0.0407,Weekend transaction,Model finds this transaction low risk due to weekend timing (score 0.041),"{""source"": ""transactions_b.csv"", ""channel"": ""Online"", ""tx_type"": ""payment"", ""currency"": ""USD"", ""amount"": 68.2, ""amount_in_usd"": 68.2}",No action (low risk cleared),Pending review,Awaiting investigator
TXN_680528,2026-09-18 12:10:46 UTC,0.8688,Weekend transaction; Online + international (typical fraud vector),"Model strongly flags this transaction due to online and international, weekend timing (score 0.869)","{""source"": ""transactions_b.csv"", ""channel"": ""Online"", ""tx_type"": ""purchase"", ""currency"": ""USD"", ""amount"": 398.01, ""amount_in_usd"": 398.01}",Flagged for review,Pending review,Awaiting investigator
TXN_531553,2026-09-18 12:10:46 UTC,0.0252,Weekend transaction,Model finds this transaction low risk due to weekend timing (score 0.025),"{""source"": ""transactions_b.csv"", ""channel"": ""Mobile"", ""tx_type"": ""purchase"", ""currency"": ""USD"", ""amount"": 14.52, ""amount_in_usd"": 14.52}",No action (low risk cleared),Pending review,Awaiting investigator
TXN_616263,2026-09-18 12:10:46 UTC,0.0301,No high-risk rules triggered,Model finds this transaction low risk with no strong anomaly indicators (score 0.030),"{""source"": ""transactions_b.csv"", ""channel"": ""ATM"", ""tx_type"": ""purchase"", ""currency"": ""USD"", ""amount"": 20.01, ""amount_in_usd"": 20.01}",No action (low risk cleared),Pending review,Awaiting investigator
TXN_573652,2026-09-18 12:10:46 UTC,0.0937,"Unusual hour (night, outside 06:00-22:00); Late-night online purchase",Model finds this transaction low risk due to occurred at night (score 0.094),"{""source"": ""transactions_b.csv"", ""channel"": ""POS"", ""tx_type"": ""purchase"", ""currency"": ""USD"", ""amount"": 116.01, ""amount_in_usd"": 116.01}",No action (low risk cleared),Pending review,Awaiting investigator
TXN_105098,2026-09-18 12:10:46 UTC,0.0794,Weekend transaction,Model finds this transaction low risk due to weekend timing (score 0.079),"{""source"": ""transactions_b.csv"", ""channel"": ""Mobile"", ""tx_type"": ""purchase"", ""currency"": ""USD"", ""amount"": 22.31, ""amount_in_usd"": 22.31}",No action (low risk cleared),Pending review,Awaiting investigator
TXN_929214,2026-09-18 12:10:46 UTC,0.0313,No high-risk rules triggered,Model finds this transaction low risk with no strong anomaly indicators (score 0.031),"{""source"": ""transactions_b.csv"", ""channel"": ""Online"", ""tx_type"": ""purchase"", ""currency"": ""USD"", ""amount"": 186.89, ""amount_in_usd"": 186.89}",No action (low risk cleared),Pending review,Awaiting investigator
TXN_584437,2026-09-18 12:10:46 UTC,0.0271,No high-risk rules triggered,Model finds this transaction low risk with no strong anomaly indicators (score 0.027),"{""source"": ""transactions_b.csv"", ""channel"": ""ATM"", ""tx_type"": ""transfer"", ""currency"": ""USD"", ""amount"": 37.95, ""amount_in_usd"": 37.95}",No action (low risk cleared),Pending review,Awaiting investigator
TXN_479268,2026-09-18 12:10:46 UTC,0.0153,No high-risk rules triggered,Model finds this transaction low risk with no strong anomaly indicators (score 0.015),"{""source"": ""transactions_b.csv"", ""channel"": ""Online"", ""tx_type"": ""withdrawal"", ""currency"": ""USD"", ""amount"": 33.63, ""amount_in_usd"": 33.63}",No action (low risk cleared),Pending review,Awaiting investigator
TXN_294645,2026-09-18 12:10:46 UTC,0.0972,No high-risk rules triggered,Model finds this transaction low risk with no strong anomaly indicators (score 0.097),"{""source"": ""transactions_b.csv"", ""channel"": ""Mobile"", ""tx_type"": ""purchase"", ""currency"": ""USD"", ""amount"": 67.04, ""amount_in_usd"": 67.04}",No action (low risk cleared),Pending review,Awaiting investigator
TXN_560106,2026-09-18 12:10:46 UTC,0.0284,No high-risk rules triggered,Model finds this transaction low risk with no strong anomaly indicators (score 0.028),"{""source"": ""transactions_b.csv"", ""channel"": ""Online"", ""tx_type"": ""purchase"", ""currency"": ""USD"", ""amount"": 28.24, ""amount_in_usd"": 28.24}",No action (low risk cleared),Pending review,Awaiting investigator
TXN_758804,2026-09-18 12:10:46 UTC,0.0650,No high-risk rules triggered,Model finds this transaction low risk with no strong anomaly indicators (score 0.065),"{""source"": ""transactions_b.csv"", ""channel"": ""POS"", ""tx_type"": ""transfer"", ""currency"": ""USD"", ""amount"": 271.77, ""amount_in_usd"": 271.77}",No action (low risk cleared),Pending review,Awaiting investigator
TXN_239516,2026-09-18 12:10:46 UTC,0.0280,Weekend transaction,Model finds this transaction low risk due to weekend timing (score 0.028),"{""source"": ""transactions_b.csv"", ""channel"": ""Online"", ""tx_type"": ""withdrawal"", ""currency"": ""USD"", ""amount"": 67.13, ""amount_in_usd"": 67.13}",No action (low risk cleared),Pending review,Awaiting investigator
TXN_957102,2026-09-18 12:10:46 UTC,0.0370,No high-risk rules triggered,Model finds this transaction low risk with no strong anomaly indicators (score 0.037),"{""source"": ""transactions_b.csv"", ""channel"": ""Branch"", ""tx_type"": ""transfer"", ""currency"": ""USD"", ""amount"": 138.86, ""amount_in_usd"": 138.86}",No action (low risk cleared),Pending review,Awaiting investigator
TXN_148175,2026-09-18 12:10:46 UTC,0.8862,Online + international (typical fraud vector),Model strongly flags this transaction due to online and international (score 0.886),"{""source"": ""transactions_b.csv"", ""channel"": ""Branch"", ""tx_type"": ""purchase"", ""currency"": ""USD"", ""amount"": 340.92, ""amount_in_usd"": 340.92}",Flagged for review,Pending review,Awaiting investigator
TXN_480782,2026-09-18 12:10:46 UTC,0.1008,No high-risk rules triggered,Model finds this transaction low risk with no strong anomaly indicators (score 0.101),"{""source"": ""transactions_b.csv"", ""channel"": ""Online"", ""tx_type"": ""transfer"", ""currency"": ""USD"", ""amount"": 451.03, ""amount_in_usd"": 451.03}",No action (low risk cleared),Pending review,Awaiting investigator
TXN_525136,2026-09-18 12:10:46 UTC,0.0338,No high-risk rules triggered,Model finds this transaction low risk with no strong anomaly indicators (score 0.034),"{""source"": ""transactions_b.csv"", ""channel"": ""POS"", ""tx_type"": ""withdrawal"", ""currency"": ""USD"", ""amount"": 12.38, ""amount_in_usd"": 12.38}",No action (low risk cleared),Pending review,Awaiting investigator
TXN_532537,2026-09-18 12:10:46 UTC,0.0493,Weekend transaction,Model finds this transaction low risk due to weekend timing (score 0.049),"{""source"": ""transactions_b.csv"", ""channel"": ""Online"", ""tx_type"": ""purchase"", ""currency"": ""USD"", ""amount"": 140.05, ""amount_in_usd"": 140.05}",No action (low risk cleared),Pending review,Awaiting investigator
TXN_955931,2026-09-18 12:10:46 UTC,0.0516,Weekend transaction,Model finds this transaction low risk due to weekend timing (score 0.052),"{""source"": ""transactions_b.csv"", ""channel"": ""Online"", ""tx_type"": ""purchase"", ""currency"": ""USD"", ""amount"": 30.47, ""amount_in_usd"": 30.47}",No action (low risk cleared),Pending review,Awaiting investigator
TXN_741903,2026-09-18 12:10:47 UTC,0.0172,No high-risk rules triggered,Model finds this transaction low risk with no strong anomaly indicators (score 0.017),"{""source"": ""transactions_b.csv"", ""channel"": ""POS"", ""tx_type"": ""transfer"", ""currency"": ""USD"", ""amount"": 50.59, ""amount_in_usd"": 50.59}",No action (low risk cleared),Pending review,Awaiting investigator
TXN_730105,2026-09-18 12:10:47 UTC,0.0394,Weekend transaction,Model finds this transaction low risk due to weekend timing (score 0.039),"{""source"": ""transactions_b.csv"", ""channel"": ""Mobile"", ""tx_type"": ""purchase"", ""currency"": ""USD"", ""amount"": 5.89, ""amount_in_usd"": 5.89}",No action (low risk cleared),Pending review,Awaiting investigator
TXN_331637,2026-09-18 12:10:47 UTC,0.0288,No high-risk rules triggered,Model finds this transaction low risk with no strong anomaly indicators (score 0.029),"{""source"": ""transactions_b.csv"", ""channel"": ""Online"", ""tx_type"": ""purchase"", ""currency"": ""USD"", ""amount"": 37.55, ""amount_in_usd"": 37.55}",No action (low risk cleared),Pending review,Awaiting investigator
TXN_603849,2026-09-18 12:10:47 UTC,0.0235,No high-risk rules triggered,Model finds this transaction low risk with no strong anomaly indicators (score 0.024),"{""source"": ""transactions_b.csv"", ""channel"": ""POS"", ""tx_type"": ""payment"", ""currency"": ""USD"", ""amount"": 23.43, ""amount_in_usd"": 23.43}",No action (low risk cleared),Pending review,Awaiting investigator
TXN_883670,2026-09-18 12:10:47 UTC,0.0276,No high-risk rules triggered,Model finds this transaction low risk with no strong anomaly indicators (score 0.028),"{""source"": ""transactions_b.csv"", ""channel"": ""Mobile"", ""tx_type"": ""withdrawal"", ""currency"": ""USD"", ""amount"": 11.6, ""amount_in_usd"": 11.6}",No action (low risk cleared),Pending review,Awaiting investigator
TXN_679979,2026-09-18 12:10:47 UTC,0.0183,No high-risk rules triggered,Model finds this transaction low risk with no strong anomaly indicators (score 0.018),"{""source"": ""transactions_b.csv"", ""channel"": ""Mobile"", ""tx_type"": ""purchase"", ""currency"": ""USD"", ""amount"": 74.23, ""amount_in_usd"": 74.23}",No action (low risk cleared),Pending review,Awaiting investigator
TXN_670379,2026-09-18 12:10:47 UTC,0.0234,Weekend transaction,Model finds this transaction low risk due to weekend timing (score 0.023),"{""source"": ""transactions_b.csv"", ""channel"": ""Branch"", ""tx_type"": ""purchase"", ""currency"": ""USD"", ""amount"": 22.18, ""amount_in_usd"": 22.18}",No action (low risk cleared),Pending review,Awaiting investigator
TXN_706829,2026-09-18 12:10:47 UTC,0.0420,No high-risk rules triggered,Model finds this transaction low risk with no strong anomaly indicators (score 0.042),"{""source"": ""transactions_b.csv"", ""channel"": ""POS"", ""tx_type"": ""purchase"", ""currency"": ""USD"", ""amount"": 28.39, ""amount_in_usd"": 28.39}",No action (low risk cleared),Pending review,Awaiting investigator
TXN_224407,2026-09-18 12:10:47 UTC,0.0483,Weekend transaction,Model finds this transaction low risk due to weekend timing (score 0.048),"{""source"": ""transactions_b.csv"", ""channel"": ""Mobile"", ""tx_type"": ""transfer"", ""currency"": ""USD"", ""amount"": 7.33, ""amount_in_usd"": 7.33}",No action (low risk cleared),Pending review,Awaiting investigator
TXN_621103,2026-09-18 12:10:47 UTC,0.1002,Online + international (typical fraud vector),Model finds this transaction low risk due to online and international (score 0.100),"{""source"": ""transactions_b.csv"", ""channel"": ""POS"", ""tx_type"": ""purchase"", ""currency"": ""USD"", ""amount"": 256.08, ""amount_in_usd"": 256.08}",No action (low risk cleared),Pending review,Awaiting investigator
TXN_894017,2026-09-18 12:10:47 UTC,0.0474,No high-risk rules triggered,Model finds this transaction low risk with no strong anomaly indicators (score 0.047),"{""source"": ""transactions_b.csv"", ""channel"": ""ATM"", ""tx_type"": ""purchase"", ""currency"": ""USD"", ""amount"": 82.48, ""amount_in_usd"": 82.48}",No action (low risk cleared),Pending review,Awaiting investigator
TXN_991829,2026-09-18 12:10:47 UTC,0.0252,No high-risk rules triggered,Model finds this transaction low risk with no strong anomaly indicators (score 0.025),"{""source"": ""transactions_b.csv"", ""channel"": ""POS"", ""tx_type"": ""withdrawal"", ""currency"": ""USD"", ""amount"": 42.92, ""amount_in_usd"": 42.92}",No action (low risk cleared),Pending review,Awaiting investigator
TXN_454594,2026-09-18 12:10:47 UTC,0.0199,No high-risk rules triggered,Model finds this transaction low risk with no strong anomaly indicators (score 0.020),"{""source"": ""transactions_b.csv"", ""channel"": ""Mobile"", ""tx_type"": ""purchase"", ""currency"": ""USD"", ""amount"": 97.69, ""amount_in_usd"": 97.69}",No action (low risk cleared),Pending review,Awaiting investigator
TXN_885680,2026-09-18 12:10:47 UTC,0.0541,No high-risk rules triggered,Model finds this transaction low risk with no strong anomaly indicators (score 0.054),"{""source"": ""transactions_b.csv"", ""channel"": ""Mobile"", ""tx_type"": ""withdrawal"", ""currency"": ""USD"", ""amount"": 4.6, ""amount_in_usd"": 4.6}",No action (low risk cleared),Pending review,Awaiting investigator
TXN_750855,2026-09-18 12:10:47 UTC,0.0630,No high-risk rules triggered,Model finds this transaction low risk with no strong anomaly indicators (score 0.063),"{""source"": ""transactions_b.csv"", ""channel"": ""Mobile"", ""tx_type"": ""payment"", ""currency"": ""USD"", ""amount"": 2.09, ""amount_in_usd"": 2.09}",No action (low risk cleared),Pending review,Awaiting investigator
TXN_465499,2026-09-18 12:10:47 UTC,0.0371,No high-risk rules triggered,Model finds this transaction low risk with no strong anomaly indicators (score 0.037),"{""source"": ""transactions_b.csv"", ""channel"": ""POS"", ""tx_type"": ""payment"", ""currency"": ""USD"", ""amount"": 7.79, ""amount_in_usd"": 7.79}",No action (low risk cleared),Pending review,Awaiting investigator
TXN_512712,2026-09-18 12:10:47 UTC,0.0454,No high-risk rules triggered,Model finds this transaction low risk with no strong anomaly indicators (score 0.045),"{""source"": ""transactions_b.csv"", ""channel"": ""Mobile"", ""tx_type"": ""purchase"", ""currency"": ""USD"", ""amount"": 63.65, ""amount_in_usd"": 63.65}",No action (low risk cleared),Pending review,Awaiting investigator
TXN_491821,2026-09-18 12:10:47 UTC,0.0345,Weekend transaction,Model finds this transaction low risk due to weekend timing (score 0.035),"{""source"": ""transactions_b.csv"", ""channel"": ""ATM"", ""tx_type"": ""purchase"", ""currency"": ""USD"", ""amount"": 17.24, ""amount_in_usd"": 17.24}",No action (low risk cleared),Pending review,Awaiting investigator
TXN_517525,2026-09-18 12:10:47 UTC,0.0299,Weekend transaction,Model finds this transaction low risk due to weekend timing (score 0.030),"{""source"": ""transactions_b.csv"", ""channel"": ""Online"", ""tx_type"": ""withdrawal"", ""currency"": ""USD"", ""amount"": 41.62, ""amount_in_usd"": 41.62}",No action (low risk cleared),Pending review,Awaiting investigator
TXN_495023,2026-09-18 12:10:47 UTC,0.0416,No high-risk rules triggered,Model finds this transaction low risk with no strong anomaly indicators (score 0.042),"{""source"": ""transactions_b.csv"", ""channel"": ""Branch"", ""tx_type"": ""transfer"", ""currency"": ""USD"", ""amount"": 120.09, ""amount_in_usd"": 120.09}",No action (low risk cleared),Pending review,Awaiting investigator
TXN_621404,2026-09-18 12:10:47 UTC,0.0360,Weekend transaction,Model finds this transaction low risk due to weekend timing (score 0.036),"{""source"": ""transactions_b.csv"", ""channel"": ""Mobile"", ""tx_type"": ""transfer"", ""currency"": ""USD"", ""amount"": 24.68, ""amount_in_usd"": 24.68}",No action (low risk cleared),Pending review,Awaiting investigator
TXN_900489,2026-09-18 12:10:47 UTC,0.0385,Weekend transaction,Model finds this transaction low risk due to weekend timing (score 0.038),"{""source"": ""transactions_b.csv"", ""channel"": ""Mobile"", ""tx_type"": ""transfer"", ""currency"": ""USD"", ""amount"": 5.58, ""amount_in_usd"": 5.58}",No action (low risk cleared),Pending review,Awaiting investigator
TXN_173317,2026-09-18 12:10:47 UTC,0.0710,No high-risk rules triggered,Model finds this transaction low risk with no strong anomaly indicators (score 0.071),"{""source"": ""transactions_b.csv"", ""channel"": ""POS"", ""tx_type"": ""payment"", ""currency"": ""USD"", ""amount"": 48.93, ""amount_in_usd"": 48.93}",No action (low risk cleared),Pending review,Awaiting investigator
TXN_340738,2026-09-18 12:10:47 UTC,0.0253,No high-risk rules triggered,Model finds this transaction low risk with no strong anomaly indicators (score 0.025),"{""source"": ""transactions_b.csv"", ""channel"": ""Online"", ""tx_type"": ""withdrawal"", ""currency"": ""USD"", ""amount"": 45.24, ""amount_in_usd"": 45.24}",No action (low risk cleared),Pending review,Awaiting investigator
TXN_690146,2026-09-18 12:10:47 UTC,0.0287,No high-risk rules triggered,Model finds this transaction low risk with no strong anomaly indicators (score 0.029),"{""source"": ""transactions_b.csv"", ""channel"": ""POS"", ""tx_type"": ""withdrawal"", ""currency"": ""USD"", ""amount"": 76.79, ""amount_in_usd"": 76.79}",No action (low risk cleared),Pending review,Awaiting investigator
TXN_259082,2026-09-18 12:10:47 UTC,0.0109,No high-risk rules triggered,Model finds this transaction low risk with no strong anomaly indicators (score 0.011),"{""source"": ""transactions_b.csv"", ""channel"": ""POS"", ""tx_type"": ""purchase"", ""currency"": ""USD"", ""amount"": 46.29, ""amount_in_usd"": 46.29}",No action (low risk cleared),Pending review,Awaiting investigator
TXN_985474,2026-09-18 12:10:47 UTC,0.0378,Weekend transaction,Model finds this transaction low risk due to weekend timing (score 0.038),"{""source"": ""transactions_b.csv"", ""channel"": ""ATM"", ""tx_type"": ""purchase"", ""currency"": ""USD"", ""amount"": 30.47, ""amount_in_usd"": 30.47}",No action (low risk cleared),Pending review,Awaiting investigator
TXN_113020,2026-09-18 12:10:47 UTC,0.0907,No high-risk rules triggered,Model finds this transaction low risk with no strong anomaly indicators (score 0.091),"{""source"": ""transactions_b.csv"", ""channel"": ""Online"", ""tx_type"": ""withdrawal"", ""currency"": ""USD"", ""amount"": 107.41, ""amount_in_usd"": 107.41}",No action (low risk cleared),Pending review,Awaiting investigator
TXN_962914,2026-09-18 12:10:47 UTC,0.0264,No high-risk rules triggered,Model finds this transaction low risk with no strong anomaly indicators (score 0.026),"{""source"": ""transactions_b.csv"", ""channel"": ""POS"", ""tx_type"": ""withdrawal"", ""currency"": ""USD"", ""amount"": 20.87, ""amount_in_usd"": 20.87}",No action (low risk cleared),Pending review,Awaiting investigator
TXN_747724,2026-09-18 12:10:47 UTC,0.0298,No high-risk rules triggered,Model finds this transaction low risk with no strong anomaly indicators (score 0.030),"{""source"": ""transactions_b.csv"", ""channel"": ""POS"", ""tx_type"": ""withdrawal"", ""currency"": ""USD"", ""amount"": 21.53, ""amount_in_usd"": 21.53}",No action (low risk cleared),Pending review,Awaiting investigator
TXN_659806,2026-09-18 12:10:47 UTC,0.0583,Weekend transaction; Online + international (typical fraud vector),"Model finds this transaction low risk due to online and international, weekend timing (score 0.058)","{""source"": ""transactions_b.csv"", ""channel"": ""Mobile"", ""tx_type"": ""withdrawal"", ""currency"": ""USD"", ""amount"": 13.65, ""amount_in_usd"": 13.65}",No action (low risk cleared),Pending review,Awaiting investigator
TXN_156374,2026-09-18 12:10:47 UTC,0.0459,Weekend transaction,Model finds this transaction low risk due to weekend timing (score 0.046),"{""source"": ""transactions_b.csv"", ""channel"": ""ATM"", ""tx_type"": ""purchase"", ""currency"": ""USD"", ""amount"": 37.36, ""amount_in_usd"": 37.36}",No action (low risk cleared),Pending review,Awaiting investigator
TXN_308533,2026-09-18 12:10:47 UTC,0.0319,Weekend transaction,Model finds this transaction low risk due to weekend timing (score 0.032),"{""source"": ""transactions_b.csv"", ""channel"": ""Online"", ""tx_type"": ""withdrawal"", ""currency"": ""USD"", ""amount"": 26.93, ""amount_in_usd"": 26.93}",No action (low risk cleared),Pending review,Awaiting investigator
TXN_290003,2026-09-18 12:10:47 UTC,0.0370,No high-risk rules triggered,Model finds this transaction low risk with no strong anomaly indicators (score 0.037),"{""source"": ""transactions_b.csv"", ""channel"": ""POS"", ""tx_type"": ""withdrawal"", ""currency"": ""USD"", ""amount"": 75.74, ""amount_in_usd"": 75.74}",No action (low risk cleared),Pending review,Awaiting investigator
TXN_746137,2026-09-18 12:10:47 UTC,0.0260,Weekend transaction,Model finds this transaction low risk due to weekend timing (score 0.026),"{""source"": ""transactions_b.csv"", ""channel"": ""POS"", ""tx_type"": ""purchase"", ""currency"": ""USD"", ""amount"": 58.92, ""amount_in_usd"": 58.92}",No action (low risk cleared),Pending review,Awaiting investigator
TXN_295283,2026-09-18 12:10:47 UTC,0.0101,No high-risk rules triggered,Model finds this transaction low risk with no strong anomaly indicators (score 0.010),"{""source"": ""transactions_b.csv"", ""channel"": ""Mobile"", ""tx_type"": ""purchase"", ""currency"": ""USD"", ""amount"": 53.41, ""amount_in_usd"": 53.41}",No action (low risk cleared),Pending review,Awaiting investigator
TXN_317350,2026-09-18 12:10:47 UTC,0.0389,No high-risk rules triggered,Model finds this transaction low risk with no strong anomaly indicators (score 0.039),"{""source"": ""transactions_b.csv"", ""channel"": ""POS"", ""tx_type"": ""withdrawal"", ""currency"": ""USD"", ""amount"": 132.79, ""amount_in_usd"": 132.79}",No action (low risk cleared),Pending review,Awaiting investigator
TXN_994154,2026-09-18 12:10:47 UTC,0.0549,No high-risk rules triggered,Model finds this transaction low risk with no strong anomaly indicators (score 0.055),"{""source"": ""transactions_b.csv"", ""channel"": ""Online"", ""tx_type"": ""transfer"", ""currency"": ""USD"", ""amount"": 8.47, ""amount_in_usd"": 8.47}",No action (low risk cleared),Pending review,Awaiting investigator
TXN_480101,2026-09-18 12:10:47 UTC,0.0476,Weekend transaction,Model finds this transaction low risk due to weekend timing (score 0.048),"{""source"": ""transactions_b.csv"", ""channel"": ""ATM"", ""tx_type"": ""withdrawal"", ""currency"": ""USD"", ""amount"": 43.05, ""amount_in_usd"": 43.05}",No action (low risk cleared),Pending review,Awaiting investigator
TXN_678038,2026-09-18 12:10:47 UTC,0.0773,No high-risk rules triggered,Model finds this transaction low risk with no strong anomaly indicators (score 0.077),"{""source"": ""transactions_b.csv"", ""channel"": ""Online"", ""tx_type"": ""payment"", ""currency"": ""USD"", ""amount"": 2.07, ""amount_in_usd"": 2.07}",No action (low risk cleared),Pending review,Awaiting investigator
TXN_875476,2026-09-18 12:10:47 UTC,0.0202,No high-risk rules triggered,Model finds this transaction low risk with no strong anomaly indicators (score 0.020),"{""source"": ""transactions_b.csv"", ""channel"": ""Branch"", ""tx_type"": ""transfer"", ""currency"": ""USD"", ""amount"": 16.98, ""amount_in_usd"": 16.98}",No action (low risk cleared),Pending review,Awaiting investigator
TXN_364742,2026-09-18 12:10:47 UTC,0.0318,Weekend transaction,Model finds this transaction low risk due to weekend timing (score 0.032),"{""source"": ""transactions_b.csv"", ""channel"": ""Online"", ""tx_type"": ""purchase"", ""currency"": ""USD"", ""amount"": 22.12, ""amount_in_usd"": 22.12}",No action (low risk cleared),Pending review,Awaiting investigator
TXN_196248,2026-09-18 12:10:47 UTC,0.0315,No high-risk rules triggered,Model finds this transaction low risk with no strong anomaly indicators (score 0.032),"{""source"": ""transactions_b.csv"", ""channel"": ""Online"", ""tx_type"": ""purchase"", ""currency"": ""USD"", ""amount"": 2.83, ""amount_in_usd"": 2.83}",No action (low risk cleared),Pending review,Awaiting investigator
TXN_680946,2026-09-18 12:10:47 UTC,0.0262,No high-risk rules triggered,Model finds this transaction low risk with no strong anomaly indicators (score 0.026),"{""source"": ""transactions_b.csv"", ""channel"": ""Online"", ""tx_type"": ""purchase"", ""currency"": ""USD"", ""amount"": 48.1, ""amount_in_usd"": 48.1}",No action (low risk cleared),Pending review,Awaiting investigator
TXN_771833,2026-09-18 12:10:47 UTC,0.0375,No high-risk rules triggered,Model finds this transaction low risk with no strong anomaly indicators (score 0.037),"{""source"": ""transactions_b.csv"", ""channel"": ""ATM"", ""tx_type"": ""purchase"", ""currency"": ""USD"", ""amount"": 72.39, ""amount_in_usd"": 72.39}",No action (low risk cleared),Pending review,Awaiting investigator
TXN_446028,2026-09-18 12:10:47 UTC,0.0408,No high-risk rules triggered,Model finds this transaction low risk with no strong anomaly indicators (score 0.041),"{""source"": ""transactions_b.csv"", ""channel"": ""POS"", ""tx_type"": ""withdrawal"", ""currency"": ""USD"", ""amount"": 191.77, ""amount_in_usd"": 191.77}",No action (low risk cleared),Pending review,Awaiting investigator
TXN_735336,2026-09-18 12:10:47 UTC,0.0059,No high-risk rules triggered,Model finds this transaction low risk with no strong anomaly indicators (score 0.006),"{""source"": ""transactions_b.csv"", ""channel"": ""POS"", ""tx_type"": ""purchase"", ""currency"": ""USD"", ""amount"": 43.35, ""amount_in_usd"": 43.35}",No action (low risk cleared),Pending review,Awaiting investigator
TXN_236580,2026-09-18 12:10:47 UTC,0.0275,No high-risk rules triggered,Model finds this transaction low risk with no strong anomaly indicators (score 0.028),"{""source"": ""transactions_b.csv"", ""channel"": ""Online"", ""tx_type"": ""purchase"", ""currency"": ""USD"", ""amount"": 119.75, ""amount_in_usd"": 119.75}",No action (low risk cleared),Pending review,Awaiting investigator
TXN_477717,2026-09-18 12:10:47 UTC,0.0671,No high-risk rules triggered,Model finds this transaction low risk with no strong anomaly indicators (score 0.067),"{""source"": ""transactions_b.csv"", ""channel"": ""ATM"", ""tx_type"": ""transfer"", ""currency"": ""USD"", ""amount"": 88.19, ""amount_in_usd"": 88.19}",No action (low risk cleared),Pending review,Awaiting investigator
TXN_435150,2026-09-18 12:10:47 UTC,0.0646,Weekend transaction,Model finds this transaction low risk due to weekend timing (score 0.065),"{""source"": ""transactions_b.csv"", ""channel"": ""POS"", ""tx_type"": ""payment"", ""currency"": ""USD"", ""amount"": 175.51, ""amount_in_usd"": 175.51}",No action (low risk cleared),Pending review,Awaiting investigator
TXN_371886,2026-09-18 12:10:47 UTC,0.0163,No high-risk rules triggered,Model finds this transaction low risk with no strong anomaly indicators (score 0.016),"{""source"": ""transactions_b.csv"", ""channel"": ""Mobile"", ""tx_type"": ""withdrawal"", ""currency"": ""USD"", ""amount"": 21.8, ""amount_in_usd"": 21.8}",No action (low risk cleared),Pending review,Awaiting investigator
TXN_734643,2026-09-18 12:10:47 UTC,0.0523,No high-risk rules triggered,Model finds this transaction low risk with no strong anomaly indicators (score 0.052),"{""source"": ""transactions_b.csv"", ""channel"": ""POS"", ""tx_type"": ""withdrawal"", ""currency"": ""USD"", ""amount"": 32.98, ""amount_in_usd"": 32.98}",No action (low risk cleared),Pending review,Awaiting investigator
TXN_464788,2026-09-18 12:10:47 UTC,0.0792,Weekend transaction,Model finds this transaction low risk due to weekend timing (score 0.079),"{""source"": ""transactions_b.csv"", ""channel"": ""ATM"", ""tx_type"": ""withdrawal"", ""currency"": ""USD"", ""amount"": 203.46, ""amount_in_usd"": 203.46}",No action (low risk cleared),Pending review,Awaiting investigator
TXN_667356,2026-09-18 12:10:47 UTC,0.0747,No high-risk rules triggered,Model finds this transaction low risk with no strong anomaly indicators (score 0.075),"{""source"": ""transactions_b.csv"", ""channel"": ""POS"", ""tx_type"": ""purchase"", ""currency"": ""USD"", ""amount"": 258.63, ""amount_in_usd"": 258.63}",No action (low risk cleared),Pending review,Awaiting investigator
TXN_345913,2026-09-18 12:10:47 UTC,0.9728,"Amount exceeds 150% of available balance; Unusual hour (night, outside 06:00-22:00); Online + international (typical fraud vector); Transaction drove balance negative; Late-night online purchase","Model strongly flags this transaction due to amount far exceeds balance, occurred at night, online and international, left balance negative (score 0.973)","{""source"": ""transactions_b.csv"", ""channel"": ""Mobile"", ""tx_type"": ""purchase"", ""currency"": ""USD"", ""amount"": 315.78, ""amount_in_usd"": 315.78}",Flagged for review,Pending review,Awaiting investigator
TXN_306404,2026-09-18 12:10:47 UTC,0.8869,No high-risk rules triggered,Model strongly flags this transaction with no strong anomaly indicators (score 0.887),"{""source"": ""transactions_b.csv"", ""channel"": ""Mobile"", ""tx_type"": ""purchase"", ""currency"": ""USD"", ""amount"": 1229.16, ""amount_in_usd"": 1229.16}",Flagged for review,Pending review,Awaiting investigator
TXN_460504,2026-09-18 12:10:47 UTC,0.0179,Weekend transaction,Model finds this transaction low risk due to weekend timing (score 0.018),"{""source"": ""transactions_b.csv"", ""channel"": ""POS"", ""tx_type"": ""purchase"", ""currency"": ""USD"", ""amount"": 52.43, ""amount_in_usd"": 52.43}",No action (low risk cleared),Pending review,Awaiting investigator
TXN_881905,2026-09-18 12:10:47 UTC,0.0412,No high-risk rules triggered,Model finds this transaction low risk with no strong anomaly indicators (score 0.041),"{""source"": ""transactions_b.csv"", ""channel"": ""ATM"", ""tx_type"": ""withdrawal"", ""currency"": ""USD"", ""amount"": 53.58, ""amount_in_usd"": 53.58}",No action (low risk cleared),Pending review,Awaiting investigator
TXN_213872,2026-09-18 12:10:47 UTC,0.0874,No high-risk rules triggered,Model finds this transaction low risk with no strong anomaly indicators (score 0.087),"{""source"": ""transactions_b.csv"", ""channel"": ""POS"", ""tx_type"": ""withdrawal"", ""currency"": ""USD"", ""amount"": 1.63, ""amount_in_usd"": 1.63}",No action (low risk cleared),Pending review,Awaiting investigator
TXN_958426,2026-09-18 12:10:47 UTC,0.0508,No high-risk rules triggered,Model finds this transaction low risk with no strong anomaly indicators (score 0.051),"{""source"": ""transactions_b.csv"", ""channel"": ""POS"", ""tx_type"": ""withdrawal"", ""currency"": ""USD"", ""amount"": 135.89, ""amount_in_usd"": 135.89}",No action (low risk cleared),Pending review,Awaiting investigator
TXN_418855,2026-09-18 12:10:47 UTC,0.0139,No high-risk rules triggered,Model finds this transaction low risk with no strong anomaly indicators (score 0.014),"{""source"": ""transactions_b.csv"", ""channel"": ""Online"", ""tx_type"": ""purchase"", ""currency"": ""USD"", ""amount"": 28.33, ""amount_in_usd"": 28.33}",No action (low risk cleared),Pending review,Awaiting investigator
TXN_672868,2026-09-18 12:10:47 UTC,0.0342,No high-risk rules triggered,Model finds this transaction low risk with no strong anomaly indicators (score 0.034),"{""source"": ""transactions_b.csv"", ""channel"": ""Mobile"", ""tx_type"": ""transfer"", ""currency"": ""USD"", ""amount"": 28.56, ""amount_in_usd"": 28.56}",No action (low risk cleared),Pending review,Awaiting investigator
TXN_845319,2026-09-18 12:10:47 UTC,0.8859,"Unusual hour (night, outside 06:00-22:00)",Model strongly flags this transaction due to occurred at night (score 0.886),"{""source"": ""transactions_b.csv"", ""channel"": ""Mobile"", ""tx_type"": ""transfer"", ""currency"": ""USD"", ""amount"": 108.96, ""amount_in_usd"": 108.96}",Flagged for review,Pending review,Awaiting investigator
TXN_932865,2026-09-18 12:10:47 UTC,0.0195,No high-risk rules triggered,Model finds this transaction low risk with no strong anomaly indicators (score 0.019),"{""source"": ""transactions_b.csv"", ""channel"": ""Branch"", ""tx_type"": ""transfer"", ""currency"": ""USD"", ""amount"": 17.34, ""amount_in_usd"": 17.34}",No action (low risk cleared),Pending review,Awaiting investigator
TXN_131357,2026-09-18 12:10:47 UTC,0.0357,No high-risk rules triggered,Model finds this transaction low risk with no strong anomaly indicators (score 0.036),"{""source"": ""transactions_b.csv"", ""channel"": ""POS"", ""tx_type"": ""purchase"", ""currency"": ""USD"", ""amount"": 28.02, ""amount_in_usd"": 28.02}",No action (low risk cleared),Pending review,Awaiting investigator
TXN_234186,2026-09-18 12:10:47 UTC,0.0127,Weekend transaction,Model finds this transaction low risk due to weekend timing (score 0.013),"{""source"": ""transactions_b.csv"", ""channel"": ""Mobile"", ""tx_type"": ""purchase"", ""currency"": ""USD"", ""amount"": 31.65, ""amount_in_usd"": 31.65}",No action (low risk cleared),Pending review,Awaiting investigator
TXN_974103,2026-09-18 12:10:47 UTC,0.1320,Late-night online purchase,Model finds this transaction low risk with no strong anomaly indicators (score 0.132),"{""source"": ""transactions_b.csv"", ""channel"": ""Online"", ""tx_type"": ""payment"", ""currency"": ""USD"", ""amount"": 69.87, ""amount_in_usd"": 69.87}",No action (low risk cleared),Pending review,Awaiting investigator
TXN_992948,2026-09-18 12:10:47 UTC,0.0553,Weekend transaction,Model finds this transaction low risk due to weekend timing (score 0.055),"{""source"": ""transactions_b.csv"", ""channel"": ""ATM"", ""tx_type"": ""withdrawal"", ""currency"": ""USD"", ""amount"": 16.95, ""amount_in_usd"": 16.95}",No action (low risk cleared),Pending review,Awaiting investigator
TXN_178834,2026-09-18 12:10:47 UTC,0.0289,No high-risk rules triggered,Model finds this transaction low risk with no strong anomaly indicators (score 0.029),"{""source"": ""transactions_b.csv"", ""channel"": ""Online"", ""tx_type"": ""transfer"", ""currency"": ""USD"", ""amount"": 31.03, ""amount_in_usd"": 31.03}",No action (low risk cleared),Pending review,Awaiting investigator
TXN_235665,2026-09-18 12:10:47 UTC,0.0608,No high-risk rules triggered,Model finds this transaction low risk with no strong anomaly indicators (score 0.061),"{""source"": ""transactions_b.csv"", ""channel"": ""POS"", ""tx_type"": ""purchase"", ""currency"": ""USD"", ""amount"": 9.82, ""amount_in_usd"": 9.82}",No action (low risk cleared),Pending review,Awaiting investigator
TXN_192665,2026-09-18 12:10:47 UTC,0.0354,Weekend transaction,Model finds this transaction low risk due to weekend timing (score 0.035),"{""source"": ""transactions_b.csv"", ""channel"": ""ATM"", ""tx_type"": ""purchase"", ""currency"": ""USD"", ""amount"": 32.11, ""amount_in_usd"": 32.11}",No action (low risk cleared),Pending review,Awaiting investigator
TXN_942937,2026-09-18 12:10:47 UTC,0.0311,No high-risk rules triggered,Model finds this transaction low risk with no strong anomaly indicators (score 0.031),"{""source"": ""transactions_b.csv"", ""channel"": ""Online"", ""tx_type"": ""purchase"", ""currency"": ""USD"", ""amount"": 25.73, ""amount_in_usd"": 25.73}",No action (low risk cleared),Pending review,Awaiting investigator
TXN_495343,2026-09-18 12:10:47 UTC,0.0262,No high-risk rules triggered,Model finds this transaction low risk with no strong anomaly indicators (score 0.026),"{""source"": ""transactions_b.csv"", ""channel"": ""Mobile"", ""tx_type"": ""purchase"", ""currency"": ""USD"", ""amount"": 92.67, ""amount_in_usd"": 92.67}",No action (low risk cleared),Pending review,Awaiting investigator
TXN_633027,2026-09-18 12:10:47 UTC,0.0456,No high-risk rules triggered,Model finds this transaction low risk with no strong anomaly indicators (score 0.046),"{""source"": ""transactions_b.csv"", ""channel"": ""POS"", ""tx_type"": ""transfer"", ""currency"": ""USD"", ""amount"": 9.14, ""amount_in_usd"": 9.14}",No action (low risk cleared),Pending review,Awaiting investigator
TXN_189881,2026-09-18 12:10:47 UTC,0.0506,No high-risk rules triggered,Model finds this transaction low risk with no strong anomaly indicators (score 0.051),"{""source"": ""transactions_b.csv"", ""channel"": ""ATM"", ""tx_type"": ""withdrawal"", ""currency"": ""USD"", ""amount"": 11.78, ""amount_in_usd"": 11.78}",No action (low risk cleared),Pending review,Awaiting investigator
TXN_550553,2026-09-18 12:10:47 UTC,0.1896,"Unusual hour (night, outside 06:00-22:00); Late-night online purchase",Model finds this transaction low risk due to occurred at night (score 0.190),"{""source"": ""transactions_b.csv"", ""channel"": ""ATM"", ""tx_type"": ""purchase"", ""currency"": ""USD"", ""amount"": 155.01, ""amount_in_usd"": 155.01}",No action (low risk cleared),Pending review,Awaiting investigator
TXN_482564,2026-09-18 12:10:47 UTC,0.0487,No high-risk rules triggered,Model finds this transaction low risk with no strong anomaly indicators (score 0.049),"{""source"": ""transactions_b.csv"", ""channel"": ""ATM"", ""tx_type"": ""withdrawal"", ""currency"": ""USD"", ""amount"": 80.85, ""amount_in_usd"": 80.85}",No action (low risk cleared),Pending review,Awaiting investigator
TXN_543457,2026-09-18 12:10:47 UTC,0.0491,Weekend transaction; Online + international (typical fraud vector),"Model finds this transaction low risk due to online and international, weekend timing (score 0.049)","{""source"": ""transactions_b.csv"", ""channel"": ""POS"", ""tx_type"": ""purchase"", ""currency"": ""USD"", ""amount"": 15.44, ""amount_in_usd"": 15.44}",No action (low risk cleared),Pending review,Awaiting investigator
TXN_528779,2026-09-18 12:10:47 UTC,0.0396,No high-risk rules triggered,Model finds this transaction low risk with no strong anomaly indicators (score 0.040),"{""source"": ""transactions_b.csv"", ""channel"": ""Online"", ""tx_type"": ""payment"", ""currency"": ""USD"", ""amount"": 137.43, ""amount_in_usd"": 137.43}",No action (low risk cleared),Pending review,Awaiting investigator
TXN_120406,2026-09-18 12:10:47 UTC,0.0476,Weekend transaction,Model finds this transaction low risk due to weekend timing (score 0.048),"{""source"": ""transactions_b.csv"", ""channel"": ""Mobile"", ""tx_type"": ""transfer"", ""currency"": ""USD"", ""amount"": 11.94, ""amount_in_usd"": 11.94}",No action (low risk cleared),Pending review,Awaiting investigator
TXN_341119,2026-09-18 12:10:47 UTC,0.0873,No high-risk rules triggered,Model finds this transaction low risk with no strong anomaly indicators (score 0.087),"{""source"": ""transactions_b.csv"", ""channel"": ""ATM"", ""tx_type"": ""purchase"", ""currency"": ""USD"", ""amount"": 552.42, ""amount_in_usd"": 552.42}",No action (low risk cleared),Pending review,Awaiting investigator
TXN_925213,2026-09-18 12:10:47 UTC,0.0527,No high-risk rules triggered,Model finds this transaction low risk with no strong anomaly indicators (score 0.053),"{""source"": ""transactions_b.csv"", ""channel"": ""Mobile"", ""tx_type"": ""payment"", ""currency"": ""USD"", ""amount"": 5.99, ""amount_in_usd"": 5.99}",No action (low risk cleared),Pending review,Awaiting investigator
TXN_980398,2026-09-18 12:10:47 UTC,0.0667,No high-risk rules triggered,Model finds this transaction low risk with no strong anomaly indicators (score 0.067),"{""source"": ""transactions_b.csv"", ""channel"": ""Online"", ""tx_type"": ""purchase"", ""currency"": ""USD"", ""amount"": 6.52, ""amount_in_usd"": 6.52}",No action (low risk cleared),Pending review,Awaiting investigator
TXN_148325,2026-09-18 12:10:47 UTC,0.0393,Weekend transaction,Model finds this transaction low risk due to weekend timing (score 0.039),"{""source"": ""transactions_b.csv"", ""channel"": ""POS"", ""tx_type"": ""withdrawal"", ""currency"": ""USD"", ""amount"": 12.34, ""amount_in_usd"": 12.34}",No action (low risk cleared),Pending review,Awaiting investigator
TXN_936185,2026-09-18 12:10:47 UTC,0.0332,No high-risk rules triggered,Model finds this transaction low risk with no strong anomaly indicators (score 0.033),"{""source"": ""transactions_b.csv"", ""channel"": ""Mobile"", ""tx_type"": ""purchase"", ""currency"": ""USD"", ""amount"": 74.81, ""amount_in_usd"": 74.81}",No action (low risk cleared),Pending review,Awaiting investigator
TXN_494950,2026-09-18 12:10:47 UTC,0.0395,No high-risk rules triggered,Model finds this transaction low risk with no strong anomaly indicators (score 0.040),"{""source"": ""transactions_b.csv"", ""channel"": ""Online"", ""tx_type"": ""withdrawal"", ""currency"": ""USD"", ""amount"": 81.85, ""amount_in_usd"": 81.85}",No action (low risk cleared),Pending review,Awaiting investigator
TXN_799957,2026-09-18 12:10:47 UTC,0.0118,No high-risk rules triggered,Model finds this transaction low risk with no strong anomaly indicators (score 0.012),"{""source"": ""transactions_b.csv"", ""channel"": ""Online"", ""tx_type"": ""withdrawal"", ""currency"": ""USD"", ""amount"": 16.21, ""amount_in_usd"": 16.21}",No action (low risk cleared),Pending review,Awaiting investigator
TXN_507226,2026-09-18 12:10:47 UTC,0.0429,No high-risk rules triggered,Model finds this transaction low risk with no strong anomaly indicators (score 0.043),"{""source"": ""transactions_b.csv"", ""channel"": ""Online"", ""tx_type"": ""withdrawal"", ""currency"": ""USD"", ""amount"": 109.52, ""amount_in_usd"": 109.52}",No action (low risk cleared),Pending review,Awaiting investigator
TXN_539450,2026-09-18 12:10:47 UTC,0.0359,No high-risk rules triggered,Model finds this transaction low risk with no strong anomaly indicators (score 0.036),"{""source"": ""transactions_b.csv"", ""channel"": ""Mobile"", ""tx_type"": ""withdrawal"", ""currency"": ""USD"", ""amount"": 105.44, ""amount_in_usd"": 105.44}",No action (low risk cleared),Pending review,Awaiting investigator
TXN_697639,2026-09-18 12:10:47 UTC,0.0514,Weekend transaction,Model finds this transaction low risk due to weekend timing (score 0.051),"{""source"": ""transactions_b.csv"", ""channel"": ""POS"", ""tx_type"": ""transfer"", ""currency"": ""USD"", ""amount"": 18.17, ""amount_in_usd"": 18.17}",No action (low risk cleared),Pending review,Awaiting investigator
TXN_356638,2026-09-18 12:10:47 UTC,0.1325,"Unusual hour (night, outside 06:00-22:00); Late-night online purchase",Model finds this transaction low risk due to occurred at night (score 0.133),"{""source"": ""transactions_b.csv"", ""channel"": ""Branch"", ""tx_type"": ""payment"", ""currency"": ""USD"", ""amount"": 58.7, ""amount_in_usd"": 58.7}",No action (low risk cleared),Pending review,Awaiting investigator
TXN_979442,2026-09-18 12:10:47 UTC,0.0702,No high-risk rules triggered,Model finds this transaction low risk with no strong anomaly indicators (score 0.070),"{""source"": ""transactions_b.csv"", ""channel"": ""Online"", ""tx_type"": ""transfer"", ""currency"": ""USD"", ""amount"": 175.3, ""amount_in_usd"": 175.3}",No action (low risk cleared),Pending review,Awaiting investigator
TXN_795745,2026-09-18 12:10:47 UTC,0.0296,No high-risk rules triggered,Model finds this transaction low risk with no strong anomaly indicators (score 0.030),"{""source"": ""transactions_b.csv"", ""channel"": ""Mobile"", ""tx_type"": ""transfer"", ""currency"": ""USD"", ""amount"": 87.53, ""amount_in_usd"": 87.53}",No action (low risk cleared),Pending review,Awaiting investigator
TXN_134200,2026-09-18 12:10:47 UTC,0.0090,No high-risk rules triggered,Model finds this transaction low risk with no strong anomaly indicators (score 0.009),"{""source"": ""transactions_b.csv"", ""channel"": ""Online"", ""tx_type"": ""purchase"", ""currency"": ""USD"", ""amount"": 29.95, ""amount_in_usd"": 29.95}",No action (low risk cleared),Pending review,Awaiting investigator
TXN_593582,2026-09-18 12:10:47 UTC,0.0604,No high-risk rules triggered,Model finds this transaction low risk with no strong anomaly indicators (score 0.060),"{""source"": ""transactions_b.csv"", ""channel"": ""Mobile"", ""tx_type"": ""purchase"", ""currency"": ""USD"", ""amount"": 3.86, ""amount_in_usd"": 3.86}",No action (low risk cleared),Pending review,Awaiting investigator
TXN_446002,2026-09-18 12:10:47 UTC,0.0663,No high-risk rules triggered,Model finds this transaction low risk with no strong anomaly indicators (score 0.066),"{""source"": ""transactions_b.csv"", ""channel"": ""POS"", ""tx_type"": ""purchase"", ""currency"": ""USD"", ""amount"": 1.9, ""amount_in_usd"": 1.9}",No action (low risk cleared),Pending review,Awaiting investigator
TXN_468576,2026-09-18 12:10:47 UTC,0.0219,No high-risk rules triggered,Model finds this transaction low risk with no strong anomaly indicators (score 0.022),"{""source"": ""transactions_b.csv"", ""channel"": ""Mobile"", ""tx_type"": ""withdrawal"", ""currency"": ""USD"", ""amount"": 26.02, ""amount_in_usd"": 26.02}",No action (low risk cleared),Pending review,Awaiting investigator
TXN_853031,2026-09-18 12:10:47 UTC,0.0336,No high-risk rules triggered,Model finds this transaction low risk with no strong anomaly indicators (score 0.034),"{""source"": ""transactions_b.csv"", ""channel"": ""Mobile"", ""tx_type"": ""purchase"", ""currency"": ""USD"", ""amount"": 36.76, ""amount_in_usd"": 36.76}",No action (low risk cleared),Pending review,Awaiting investigator
TXN_967428,2026-09-18 12:10:47 UTC,0.0646,Weekend transaction,Model finds this transaction low risk due to weekend timing (score 0.065),"{""source"": ""transactions_b.csv"", ""channel"": ""ATM"", ""tx_type"": ""withdrawal"", ""currency"": ""USD"", ""amount"": 42.79, ""amount_in_usd"": 42.79}",No action (low risk cleared),Pending review,Awaiting investigator
TXN_938189,2026-09-18 12:10:47 UTC,0.0338,No high-risk rules triggered,Model finds this transaction low risk with no strong anomaly indicators (score 0.034),"{""source"": ""transactions_b.csv"", ""channel"": ""POS"", ""tx_type"": ""purchase"", ""currency"": ""USD"", ""amount"": 60.8, ""amount_in_usd"": 60.8}",No action (low risk cleared),Pending review,Awaiting investigator
TXN_377053,2026-09-18 12:10:47 UTC,0.1155,Online + international (typical fraud vector),Model finds this transaction low risk due to online and international (score 0.116),"{""source"": ""transactions_b.csv"", ""channel"": ""Branch"", ""tx_type"": ""withdrawal"", ""currency"": ""USD"", ""amount"": 109.32, ""amount_in_usd"": 109.32}",No action (low risk cleared),Pending review,Awaiting investigator
TXN_851331,2026-09-18 12:10:47 UTC,0.0625,Weekend transaction,Model finds this transaction low risk due to weekend timing (score 0.062),"{""source"": ""transactions_b.csv"", ""channel"": ""ATM"", ""tx_type"": ""transfer"", ""currency"": ""USD"", ""amount"": 18.26, ""amount_in_usd"": 18.26}",No action (low risk cleared),Pending review,Awaiting investigator
TXN_769543,2026-09-18 12:10:47 UTC,0.0285,No high-risk rules triggered,Model finds this transaction low risk with no strong anomaly indicators (score 0.029),"{""source"": ""transactions_b.csv"", ""channel"": ""Mobile"", ""tx_type"": ""payment"", ""currency"": ""USD"", ""amount"": 45.62, ""amount_in_usd"": 45.62}",No action (low risk cleared),Pending review,Awaiting investigator
TXN_582692,2026-09-18 12:10:47 UTC,0.0153,No high-risk rules triggered,Model finds this transaction low risk with no strong anomaly indicators (score 0.015),"{""source"": ""transactions_b.csv"", ""channel"": ""Mobile"", ""tx_type"": ""payment"", ""currency"": ""USD"", ""amount"": 56.73, ""amount_in_usd"": 56.73}",No action (low risk cleared),Pending review,Awaiting investigator
TXN_988550,2026-09-18 12:10:47 UTC,0.0448,Weekend transaction,Model finds this transaction low risk due to weekend timing (score 0.045),"{""source"": ""transactions_b.csv"", ""channel"": ""Online"", ""tx_type"": ""transfer"", ""currency"": ""USD"", ""amount"": 51.19, ""amount_in_usd"": 51.19}",No action (low risk cleared),Pending review,Awaiting investigator
TXN_420320,2026-09-18 12:10:47 UTC,0.0536,Weekend transaction,Model finds this transaction low risk due to weekend timing (score 0.054),"{""source"": ""transactions_b.csv"", ""channel"": ""ATM"", ""tx_type"": ""purchase"", ""currency"": ""USD"", ""amount"": 5.22, ""amount_in_usd"": 5.22}",No action (low risk cleared),Pending review,Awaiting investigator
TXN_835165,2026-09-18 12:10:47 UTC,0.0354,No high-risk rules triggered,Model finds this transaction low risk with no strong anomaly indicators (score 0.035),"{""source"": ""transactions_b.csv"", ""channel"": ""Online"", ""tx_type"": ""purchase"", ""currency"": ""USD"", ""amount"": 21.1, ""amount_in_usd"": 21.1}",No action (low risk cleared),Pending review,Awaiting investigator
TXN_785831,2026-09-18 12:10:47 UTC,0.0191,No high-risk rules triggered,Model finds this transaction low risk with no strong anomaly indicators (score 0.019),"{""source"": ""transactions_b.csv"", ""channel"": ""Branch"", ""tx_type"": ""transfer"", ""currency"": ""USD"", ""amount"": 24.01, ""amount_in_usd"": 24.01}",No action (low risk cleared),Pending review,Awaiting investigator
TXN_502533,2026-09-18 12:10:47 UTC,0.1925,No high-risk rules triggered,Model finds this transaction low risk with no strong anomaly indicators (score 0.193),"{""source"": ""transactions_b.csv"", ""channel"": ""ATM"", ""tx_type"": ""purchase"", ""currency"": ""USD"", ""amount"": 227.38, ""amount_in_usd"": 227.38}",No action (low risk cleared),Pending review,Awaiting investigator
TXN_600662,2026-09-18 12:10:47 UTC,0.0236,Weekend transaction,Model finds this transaction low risk due to weekend timing (score 0.024),"{""source"": ""transactions_b.csv"", ""channel"": ""Online"", ""tx_type"": ""transfer"", ""currency"": ""USD"", ""amount"": 17.44, ""amount_in_usd"": 17.44}",No action (low risk cleared),Pending review,Awaiting investigator
TXN_452860,2026-09-18 12:10:47 UTC,0.1792,Online + international (typical fraud vector),Model finds this transaction low risk due to online and international (score 0.179),"{""source"": ""transactions_b.csv"", ""channel"": ""ATM"", ""tx_type"": ""purchase"", ""currency"": ""USD"", ""amount"": 120.56, ""amount_in_usd"": 120.56}",No action (low risk cleared),Pending review,Awaiting investigator
TXN_149669,2026-09-18 12:10:47 UTC,0.0369,No high-risk rules triggered,Model finds this transaction low risk with no strong anomaly indicators (score 0.037),"{""source"": ""transactions_b.csv"", ""channel"": ""POS"", ""tx_type"": ""payment"", ""currency"": ""USD"", ""amount"": 10.69, ""amount_in_usd"": 10.69}",No action (low risk cleared),Pending review,Awaiting investigator
TXN_784586,2026-09-18 12:10:47 UTC,0.0429,No high-risk rules triggered,Model finds this transaction low risk with no strong anomaly indicators (score 0.043),"{""source"": ""transactions_b.csv"", ""channel"": ""ATM"", ""tx_type"": ""payment"", ""currency"": ""USD"", ""amount"": 37.68, ""amount_in_usd"": 37.68}",No action (low risk cleared),Pending review,Awaiting investigator
TXN_364348,2026-09-18 12:10:47 UTC,0.1086,"Unusual hour (night, outside 06:00-22:00); Online + international (typical fraud vector); Late-night online purchase","Model finds this transaction low risk due to occurred at night, online and international (score 0.109)","{""source"": ""transactions_b.csv"", ""channel"": ""Mobile"", ""tx_type"": ""purchase"", ""currency"": ""USD"", ""amount"": 14.28, ""amount_in_usd"": 14.28}",No action (low risk cleared),Pending review,Awaiting investigator
TXN_633100,2026-09-18 12:10:47 UTC,0.0794,No high-risk rules triggered,Model finds this transaction low risk with no strong anomaly indicators (score 0.079),"{""source"": ""transactions_b.csv"", ""channel"": ""Mobile"", ""tx_type"": ""transfer"", ""currency"": ""USD"", ""amount"": 169.51, ""amount_in_usd"": 169.51}",No action (low risk cleared),Pending review,Awaiting investigator
TXN_278701,2026-09-18 12:10:47 UTC,0.0863,Weekend transaction,Model finds this transaction low risk due to weekend timing (score 0.086),"{""source"": ""transactions_b.csv"", ""channel"": ""POS"", ""tx_type"": ""transfer"", ""currency"": ""USD"", ""amount"": 15.31, ""amount_in_usd"": 15.31}",No action (low risk cleared),Pending review,Awaiting investigator
TXN_246088,2026-09-18 12:10:47 UTC,0.0420,No high-risk rules triggered,Model finds this transaction low risk with no strong anomaly indicators (score 0.042),"{""source"": ""transactions_b.csv"", ""channel"": ""Online"", ""tx_type"": ""purchase"", ""currency"": ""USD"", ""amount"": 13.36, ""amount_in_usd"": 13.36}",No action (low risk cleared),Pending review,Awaiting investigator
TXN_370108,2026-09-18 12:10:47 UTC,0.0450,No high-risk rules triggered,Model finds this transaction low risk with no strong anomaly indicators (score 0.045),"{""source"": ""transactions_b.csv"", ""channel"": ""POS"", ""tx_type"": ""purchase"", ""currency"": ""USD"", ""amount"": 162.05, ""amount_in_usd"": 162.05}",No action (low risk cleared),Pending review,Awaiting investigator
TXN_548098,2026-09-18 12:10:47 UTC,0.0778,No high-risk rules triggered,Model finds this transaction low risk with no strong anomaly indicators (score 0.078),"{""source"": ""transactions_b.csv"", ""channel"": ""POS"", ""tx_type"": ""payment"", ""currency"": ""USD"", ""amount"": 222.8, ""amount_in_usd"": 222.8}",No action (low risk cleared),Pending review,Awaiting investigator
TXN_304496,2026-09-18 12:10:47 UTC,0.0200,No high-risk rules triggered,Model finds this transaction low risk with no strong anomaly indicators (score 0.020),"{""source"": ""transactions_b.csv"", ""channel"": ""Mobile"", ""tx_type"": ""purchase"", ""currency"": ""USD"", ""amount"": 28.4, ""amount_in_usd"": 28.4}",No action (low risk cleared),Pending review,Awaiting investigator
TXN_479097,2026-09-18 12:10:47 UTC,0.0730,No high-risk rules triggered,Model finds this transaction low risk with no strong anomaly indicators (score 0.073),"{""source"": ""transactions_b.csv"", ""channel"": ""POS"", ""tx_type"": ""payment"", ""currency"": ""USD"", ""amount"": 2.62, ""amount_in_usd"": 2.62}",No action (low risk cleared),Pending review,Awaiting investigator
TXN_583364,2026-09-18 12:10:47 UTC,0.7602,"Unusual hour (night, outside 06:00-22:00); Late-night online purchase",Model indicates elevated fraud risk due to occurred at night (score 0.760),"{""source"": ""transactions_b.csv"", ""channel"": ""Branch"", ""tx_type"": ""transfer"", ""currency"": ""USD"", ""amount"": 59.94, ""amount_in_usd"": 59.94}",Flagged for review,Pending review,Awaiting investigator
TXN_289205,2026-09-18 12:10:47 UTC,0.0274,No high-risk rules triggered,Model finds this transaction low risk with no strong anomaly indicators (score 0.027),"{""source"": ""transactions_b.csv"", ""channel"": ""Branch"", ""tx_type"": ""purchase"", ""currency"": ""USD"", ""amount"": 10.54, ""amount_in_usd"": 10.54}",No action (low risk cleared),Pending review,Awaiting investigator
TXN_727092,2026-09-18 12:10:47 UTC,0.0675,Weekend transaction,Model finds this transaction low risk due to weekend timing (score 0.068),"{""source"": ""transactions_b.csv"", ""channel"": ""Online"", ""tx_type"": ""transfer"", ""currency"": ""USD"", ""amount"": 89.15, ""amount_in_usd"": 89.15}",No action (low risk cleared),Pending review,Awaiting investigator
TXN_266802,2026-09-18 12:10:47 UTC,0.8594,"Unusual hour (night, outside 06:00-22:00)",Model strongly flags this transaction due to occurred at night (score 0.859),"{""source"": ""transactions_b.csv"", ""channel"": ""POS"", ""tx_type"": ""purchase"", ""currency"": ""USD"", ""amount"": 59.63, ""amount_in_usd"": 59.63}",Flagged for review,Pending review,Awaiting investigator
TXN_560571,2026-09-18 12:10:47 UTC,0.0786,No high-risk rules triggered,Model finds this transaction low risk with no strong anomaly indicators (score 0.079),"{""source"": ""transactions_b.csv"", ""channel"": ""Branch"", ""tx_type"": ""withdrawal"", ""currency"": ""USD"", ""amount"": 390.98, ""amount_in_usd"": 390.98}",No action (low risk cleared),Pending review,Awaiting investigator
TXN_743754,2026-09-18 12:10:47 UTC,0.0030,No high-risk rules triggered,Model finds this transaction low risk with no strong anomaly indicators (score 0.003),"{""source"": ""transactions_b.csv"", ""channel"": ""Online"", ""tx_type"": ""purchase"", ""currency"": ""USD"", ""amount"": 38.99, ""amount_in_usd"": 38.99}",No action (low risk cleared),Pending review,Awaiting investigator
TXN_154472,2026-09-18 12:10:47 UTC,0.0412,Weekend transaction,Model finds this transaction low risk due to weekend timing (score 0.041),"{""source"": ""transactions_b.csv"", ""channel"": ""Branch"", ""tx_type"": ""payment"", ""currency"": ""USD"", ""amount"": 54.36, ""amount_in_usd"": 54.36}",No action (low risk cleared),Pending review,Awaiting investigator
TXN_111839,2026-09-18 12:10:47 UTC,0.0488,No high-risk rules triggered,Model finds this transaction low risk with no strong anomaly indicators (score 0.049),"{""source"": ""transactions_b.csv"", ""channel"": ""Online"", ""tx_type"": ""purchase"", ""currency"": ""USD"", ""amount"": 13.49, ""amount_in_usd"": 13.49}",No action (low risk cleared),Pending review,Awaiting investigator
TXN_197419,2026-09-18 12:10:47 UTC,0.1213,Late-night online purchase,Model finds this transaction low risk with no strong anomaly indicators (score 0.121),"{""source"": ""transactions_b.csv"", ""channel"": ""POS"", ""tx_type"": ""payment"", ""currency"": ""USD"", ""amount"": 48.39, ""amount_in_usd"": 48.39}",No action (low risk cleared),Pending review,Awaiting investigator
TXN_416116,2026-09-18 12:10:47 UTC,0.0543,Weekend transaction,Model finds this transaction low risk due to weekend timing (score 0.054),"{""source"": ""transactions_b.csv"", ""channel"": ""POS"", ""tx_type"": ""withdrawal"", ""currency"": ""USD"", ""amount"": 13.79, ""amount_in_usd"": 13.79}",No action (low risk cleared),Pending review,Awaiting investigator
TXN_354756,2026-09-18 12:10:47 UTC,0.0501,No high-risk rules triggered,Model finds this transaction low risk with no strong anomaly indicators (score 0.050),"{""source"": ""transactions_b.csv"", ""channel"": ""Mobile"", ""tx_type"": ""withdrawal"", ""currency"": ""USD"", ""amount"": 251.18, ""amount_in_usd"": 251.18}",No action (low risk cleared),Pending review,Awaiting investigator
TXN_379623,2026-09-18 12:10:47 UTC,0.0391,No high-risk rules triggered,Model finds this transaction low risk with no strong anomaly indicators (score 0.039),"{""source"": ""transactions_b.csv"", ""channel"": ""ATM"", ""tx_type"": ""purchase"", ""currency"": ""USD"", ""amount"": 42.02, ""amount_in_usd"": 42.02}",No action (low risk cleared),Pending review,Awaiting investigator
TXN_388253,2026-09-18 12:10:47 UTC,0.0294,No high-risk rules triggered,Model finds this transaction low risk with no strong anomaly indicators (score 0.029),"{""source"": ""transactions_b.csv"", ""channel"": ""POS"", ""tx_type"": ""purchase"", ""currency"": ""USD"", ""amount"": 58.29, ""amount_in_usd"": 58.29}",No action (low risk cleared),Pending review,Awaiting investigator
TXN_711185,2026-09-18 12:10:47 UTC,0.0270,No high-risk rules triggered,Model finds this transaction low risk with no strong anomaly indicators (score 0.027),"{""source"": ""transactions_b.csv"", ""channel"": ""Mobile"", ""tx_type"": ""withdrawal"", ""currency"": ""USD"", ""amount"": 22.2, ""amount_in_usd"": 22.2}",No action (low risk cleared),Pending review,Awaiting investigator
TXN_930395,2026-09-18 12:10:47 UTC,0.1605,No high-risk rules triggered,Model finds this transaction low risk with no strong anomaly indicators (score 0.161),"{""source"": ""transactions_b.csv"", ""channel"": ""ATM"", ""tx_type"": ""transfer"", ""currency"": ""USD"", ""amount"": 937.75, ""amount_in_usd"": 937.75}",No action (low risk cleared),Pending review,Awaiting investigator
TXN_709901,2026-09-18 12:10:47 UTC,0.0389,No high-risk rules triggered,Model finds this transaction low risk with no strong anomaly indicators (score 0.039),"{""source"": ""transactions_b.csv"", ""channel"": ""Mobile"", ""tx_type"": ""withdrawal"", ""currency"": ""USD"", ""amount"": 9.46, ""amount_in_usd"": 9.46}",No action (low risk cleared),Pending review,Awaiting investigator
TXN_571887,2026-09-18 12:10:47 UTC,0.0828,Weekend transaction,Model finds this transaction low risk due to weekend timing (score 0.083),"{""source"": ""transactions_b.csv"", ""channel"": ""ATM"", ""tx_type"": ""purchase"", ""currency"": ""USD"", ""amount"": 127.97, ""amount_in_usd"": 127.97}",No action (low risk cleared),Pending review,Awaiting investigator
TXN_521717,2026-09-18 12:10:47 UTC,0.0316,No high-risk rules triggered,Model finds this transaction low risk with no strong anomaly indicators (score 0.032),"{""source"": ""transactions_b.csv"", ""channel"": ""Mobile"", ""tx_type"": ""payment"", ""currency"": ""USD"", ""amount"": 9.22, ""amount_in_usd"": 9.22}",No action (low risk cleared),Pending review,Awaiting investigator
TXN_570442,2026-09-18 12:10:47 UTC,0.0241,No high-risk rules triggered,Model finds this transaction low risk with no strong anomaly indicators (score 0.024),"{""source"": ""transactions_b.csv"", ""channel"": ""Mobile"", ""tx_type"": ""withdrawal"", ""currency"": ""USD"", ""amount"": 16.18, ""amount_in_usd"": 16.18}",No action (low risk cleared),Pending review,Awaiting investigator
TXN_537508,2026-09-18 12:10:47 UTC,0.0534,Weekend transaction; Online + international (typical fraud vector),"Model finds this transaction low risk due to online and international, weekend timing (score 0.053)","{""source"": ""transactions_b.csv"", ""channel"": ""Mobile"", ""tx_type"": ""transfer"", ""currency"": ""USD"", ""amount"": 71.02, ""amount_in_usd"": 71.02}",No action (low risk cleared),Pending review,Awaiting investigator
TXN_377028,2026-09-18 12:10:47 UTC,0.0220,No high-risk rules triggered,Model finds this transaction low risk with no strong anomaly indicators (score 0.022),"{""source"": ""transactions_b.csv"", ""channel"": ""Online"", ""tx_type"": ""withdrawal"", ""currency"": ""USD"", ""amount"": 31.5, ""amount_in_usd"": 31.5}",No action (low risk cleared),Pending review,Awaiting investigator
TXN_292787,2026-09-18 12:10:47 UTC,0.0370,No high-risk rules triggered,Model finds this transaction low risk with no strong anomaly indicators (score 0.037),"{""source"": ""transactions_b.csv"", ""channel"": ""Mobile"", ""tx_type"": ""withdrawal"", ""currency"": ""USD"", ""amount"": 75.25, ""amount_in_usd"": 75.25}",No action (low risk cleared),Pending review,Awaiting investigator
TXN_250525,2026-09-18 12:10:47 UTC,0.0198,No high-risk rules triggered,Model finds this transaction low risk with no strong anomaly indicators (score 0.020),"{""source"": ""transactions_b.csv"", ""channel"": ""Online"", ""tx_type"": ""purchase"", ""currency"": ""USD"", ""amount"": 6.81, ""amount_in_usd"": 6.81}",No action (low risk cleared),Pending review,Awaiting investigator
TXN_164562,2026-09-18 12:10:47 UTC,0.0686,Weekend transaction,Model finds this transaction low risk due to weekend timing (score 0.069),"{""source"": ""transactions_b.csv"", ""channel"": ""ATM"", ""tx_type"": ""purchase"", ""currency"": ""USD"", ""amount"": 38.74, ""amount_in_usd"": 38.74}",No action (low risk cleared),Pending review,Awaiting investigator
TXN_825705,2026-09-18 12:10:47 UTC,0.0235,No high-risk rules triggered,Model finds this transaction low risk with no strong anomaly indicators (score 0.024),"{""source"": ""transactions_b.csv"", ""channel"": ""Mobile"", ""tx_type"": ""purchase"", ""currency"": ""USD"", ""amount"": 12.24, ""amount_in_usd"": 12.24}",No action (low risk cleared),Pending review,Awaiting investigator
TXN_242548,2026-09-18 12:10:47 UTC,0.0382,Weekend transaction,Model finds this transaction low risk due to weekend timing (score 0.038),"{""source"": ""transactions_b.csv"", ""channel"": ""Mobile"", ""tx_type"": ""purchase"", ""currency"": ""USD"", ""amount"": 26.67, ""amount_in_usd"": 26.67}",No action (low risk cleared),Pending review,Awaiting investigator
TXN_670715,2026-09-18 12:10:47 UTC,0.0524,No high-risk rules triggered,Model finds this transaction low risk with no strong anomaly indicators (score 0.052),"{""source"": ""transactions_b.csv"", ""channel"": ""POS"", ""tx_type"": ""withdrawal"", ""currency"": ""USD"", ""amount"": 10.84, ""amount_in_usd"": 10.84}",No action (low risk cleared),Pending review,Awaiting investigator
TXN_513536,2026-09-18 12:10:47 UTC,0.0487,Weekend transaction,Model finds this transaction low risk due to weekend timing (score 0.049),"{""source"": ""transactions_b.csv"", ""channel"": ""ATM"", ""tx_type"": ""payment"", ""currency"": ""USD"", ""amount"": 36.76, ""amount_in_usd"": 36.76}",No action (low risk cleared),Pending review,Awaiting investigator
TXN_270065,2026-09-18 12:10:47 UTC,0.0358,Weekend transaction,Model finds this transaction low risk due to weekend timing (score 0.036),"{""source"": ""transactions_b.csv"", ""channel"": ""POS"", ""tx_type"": ""purchase"", ""currency"": ""USD"", ""amount"": 94.34, ""amount_in_usd"": 94.34}",No action (low risk cleared),Pending review,Awaiting investigator
TXN_275233,2026-09-18 12:10:47 UTC,0.0372,No high-risk rules triggered,Model finds this transaction low risk with no strong anomaly indicators (score 0.037),"{""source"": ""transactions_b.csv"", ""channel"": ""Mobile"", ""tx_type"": ""payment"", ""currency"": ""USD"", ""amount"": 51.48, ""amount_in_usd"": 51.48}",No action (low risk cleared),Pending review,Awaiting investigator
TXN_536398,2026-09-18 12:10:47 UTC,0.0489,Weekend transaction,Model finds this transaction low risk due to weekend timing (score 0.049),"{""source"": ""transactions_b.csv"", ""channel"": ""Online"", ""tx_type"": ""purchase"", ""currency"": ""USD"", ""amount"": 4.09, ""amount_in_usd"": 4.09}",No action (low risk cleared),Pending review,Awaiting investigator
TXN_166892,2026-09-18 12:10:47 UTC,0.0142,No high-risk rules triggered,Model finds this transaction low risk with no strong anomaly indicators (score 0.014),"{""source"": ""transactions_b.csv"", ""channel"": ""POS"", ""tx_type"": ""purchase"", ""currency"": ""USD"", ""amount"": 23.0, ""amount_in_usd"": 23.0}",No action (low risk cleared),Pending review,Awaiting investigator
TXN_821431,2026-09-18 12:10:47 UTC,0.0285,No high-risk rules triggered,Model finds this transaction low risk with no strong anomaly indicators (score 0.029),"{""source"": ""transactions_b.csv"", ""channel"": ""Online"", ""tx_type"": ""transfer"", ""currency"": ""USD"", ""amount"": 92.39, ""amount_in_usd"": 92.39}",No action (low risk cleared),Pending review,Awaiting investigator
TXN_891795,2026-09-18 12:10:47 UTC,0.0857,Weekend transaction,Model finds this transaction low risk due to weekend timing (score 0.086),"{""source"": ""transactions_b.csv"", ""channel"": ""POS"", ""tx_type"": ""transfer"", ""currency"": ""USD"", ""amount"": 0.5, ""amount_in_usd"": 0.5}",No action (low risk cleared),Pending review,Awaiting investigator
TXN_668055,2026-09-18 12:10:47 UTC,0.0948,No high-risk rules triggered,Model finds this transaction low risk with no strong anomaly indicators (score 0.095),"{""source"": ""transactions_b.csv"", ""channel"": ""Mobile"", ""tx_type"": ""withdrawal"", ""currency"": ""USD"", ""amount"": 626.4, ""amount_in_usd"": 626.4}",No action (low risk cleared),Pending review,Awaiting investigator
TXN_356046,2026-09-18 12:10:47 UTC,0.0270,No high-risk rules triggered,Model finds this transaction low risk with no strong anomaly indicators (score 0.027),"{""source"": ""transactions_b.csv"", ""channel"": ""POS"", ""tx_type"": ""transfer"", ""currency"": ""USD"", ""amount"": 27.24, ""amount_in_usd"": 27.24}",No action (low risk cleared),Pending review,Awaiting investigator
TXN_153826,2026-09-18 12:10:47 UTC,0.0308,Weekend transaction,Model finds this transaction low risk due to weekend timing (score 0.031),"{""source"": ""transactions_b.csv"", ""channel"": ""Mobile"", ""tx_type"": ""purchase"", ""currency"": ""USD"", ""amount"": 23.65, ""amount_in_usd"": 23.65}",No action (low risk cleared),Pending review,Awaiting investigator
TXN_175977,2026-09-18 12:10:47 UTC,0.0276,Weekend transaction,Model finds this transaction low risk due to weekend timing (score 0.028),"{""source"": ""transactions_b.csv"", ""channel"": ""POS"", ""tx_type"": ""withdrawal"", ""currency"": ""USD"", ""amount"": 13.12, ""amount_in_usd"": 13.12}",No action (low risk cleared),Pending review,Awaiting investigator
TXN_988666,2026-09-18 12:10:47 UTC,0.0180,No high-risk rules triggered,Model finds this transaction low risk with no strong anomaly indicators (score 0.018),"{""source"": ""transactions_b.csv"", ""channel"": ""ATM"", ""tx_type"": ""purchase"", ""currency"": ""USD"", ""amount"": 47.96, ""amount_in_usd"": 47.96}",No action (low risk cleared),Pending review,Awaiting investigator
TXN_918487,2026-09-18 12:10:47 UTC,0.0741,"Unusual hour (night, outside 06:00-22:00)",Model finds this transaction low risk due to occurred at night (score 0.074),"{""source"": ""transactions_b.csv"", ""channel"": ""Mobile"", ""tx_type"": ""purchase"", ""currency"": ""USD"", ""amount"": 27.99, ""amount_in_usd"": 27.99}",No action (low risk cleared),Pending review,Awaiting investigator
TXN_659425,2026-09-18 12:10:47 UTC,0.0334,No high-risk rules triggered,Model finds this transaction low risk with no strong anomaly indicators (score 0.033),"{""source"": ""transactions_b.csv"", ""channel"": ""POS"", ""tx_type"": ""purchase"", ""currency"": ""USD"", ""amount"": 62.62, ""amount_in_usd"": 62.62}",No action (low risk cleared),Pending review,Awaiting investigator
TXN_388133,2026-09-18 12:10:47 UTC,0.0986,"Unusual hour (night, outside 06:00-22:00); Late-night online purchase",Model finds this transaction low risk due to occurred at night (score 0.099),"{""source"": ""transactions_b.csv"", ""channel"": ""POS"", ""tx_type"": ""purchase"", ""currency"": ""USD"", ""amount"": 16.71, ""amount_in_usd"": 16.71}",No action (low risk cleared),Pending review,Awaiting investigator
TXN_952036,2026-09-18 12:10:47 UTC,0.8883,"Unusual hour (night, outside 06:00-22:00); Online + international (typical fraud vector); Late-night online purchase","Model strongly flags this transaction due to occurred at night, online and international (score 0.888)","{""source"": ""transactions_b.csv"", ""channel"": ""Mobile"", ""tx_type"": ""purchase"", ""currency"": ""USD"", ""amount"": 121.07, ""amount_in_usd"": 121.07}",Flagged for review,Pending review,Awaiting investigator
TXN_452350,2026-09-18 12:10:47 UTC,0.0153,No high-risk rules triggered,Model finds this transaction low risk with no strong anomaly indicators (score 0.015),"{""source"": ""transactions_b.csv"", ""channel"": ""Mobile"", ""tx_type"": ""transfer"", ""currency"": ""USD"", ""amount"": 29.97, ""amount_in_usd"": 29.97}",No action (low risk cleared),Pending review,Awaiting investigator
TXN_892074,2026-09-18 12:10:47 UTC,0.0238,Weekend transaction,Model finds this transaction low risk due to weekend timing (score 0.024),"{""source"": ""transactions_b.csv"", ""channel"": ""POS"", ""tx_type"": ""purchase"", ""currency"": ""USD"", ""amount"": 33.32, ""amount_in_usd"": 33.32}",No action (low risk cleared),Pending review,Awaiting investigator
TXN_799245,2026-09-18 12:10:47 UTC,0.0068,No high-risk rules triggered,Model finds this transaction low risk with no strong anomaly indicators (score 0.007),"{""source"": ""transactions_b.csv"", ""channel"": ""Online"", ""tx_type"": ""purchase"", ""currency"": ""USD"", ""amount"": 16.92, ""amount_in_usd"": 16.92}",No action (low risk cleared),Pending review,Awaiting investigator
TXN_951421,2026-09-18 12:10:47 UTC,0.0519,No high-risk rules triggered,Model finds this transaction low risk with no strong anomaly indicators (score 0.052),"{""source"": ""transactions_b.csv"", ""channel"": ""Branch"", ""tx_type"": ""payment"", ""currency"": ""USD"", ""amount"": 63.38, ""amount_in_usd"": 63.38}",No action (low risk cleared),Pending review,Awaiting investigator
TXN_780408,2026-09-18 12:10:47 UTC,0.8849,Late-night online purchase,Model strongly flags this transaction with no strong anomaly indicators (score 0.885),"{""source"": ""transactions_b.csv"", ""channel"": ""Mobile"", ""tx_type"": ""payment"", ""currency"": ""USD"", ""amount"": 229.29, ""amount_in_usd"": 229.29}",Flagged for review,Pending review,Awaiting investigator
TXN_572717,2026-09-18 12:10:47 UTC,0.0779,Weekend transaction,Model finds this transaction low risk due to weekend timing (score 0.078),"{""source"": ""transactions_b.csv"", ""channel"": ""Online"", ""tx_type"": ""purchase"", ""currency"": ""USD"", ""amount"": 3.99, ""amount_in_usd"": 3.99}",No action (low risk cleared),Pending review,Awaiting investigator
TXN_771432,2026-09-18 12:10:47 UTC,0.0945,"Unusual hour (night, outside 06:00-22:00); Weekend transaction","Model finds this transaction low risk due to occurred at night, weekend timing (score 0.095)","{""source"": ""transactions_b.csv"", ""channel"": ""POS"", ""tx_type"": ""payment"", ""currency"": ""USD"", ""amount"": 24.29, ""amount_in_usd"": 24.29}",No action (low risk cleared),Pending review,Awaiting investigator
TXN_594499,2026-09-18 12:10:47 UTC,0.0493,No high-risk rules triggered,Model finds this transaction low risk with no strong anomaly indicators (score 0.049),"{""source"": ""transactions_b.csv"", ""channel"": ""ATM"", ""tx_type"": ""transfer"", ""currency"": ""USD"", ""amount"": 11.55, ""amount_in_usd"": 11.55}",No action (low risk cleared),Pending review,Awaiting investigator
TXN_544201,2026-09-18 12:10:47 UTC,0.0227,No high-risk rules triggered,Model finds this transaction low risk with no strong anomaly indicators (score 0.023),"{""source"": ""transactions_b.csv"", ""channel"": ""Mobile"", ""tx_type"": ""payment"", ""currency"": ""USD"", ""amount"": 12.97, ""amount_in_usd"": 12.97}",No action (low risk cleared),Pending review,Awaiting investigator
TXN_622523,2026-09-18 12:10:47 UTC,0.0346,Weekend transaction,Model finds this transaction low risk due to weekend timing (score 0.035),"{""source"": ""transactions_b.csv"", ""channel"": ""Branch"", ""tx_type"": ""purchase"", ""currency"": ""USD"", ""amount"": 21.36, ""amount_in_usd"": 21.36}",No action (low risk cleared),Pending review,Awaiting investigator
TXN_712761,2026-09-18 12:10:47 UTC,0.0379,No high-risk rules triggered,Model finds this transaction low risk with no strong anomaly indicators (score 0.038),"{""source"": ""transactions_b.csv"", ""channel"": ""Online"", ""tx_type"": ""purchase"", ""currency"": ""USD"", ""amount"": 19.17, ""amount_in_usd"": 19.17}",No action (low risk cleared),Pending review,Awaiting investigator
TXN_710907,2026-09-18 12:10:47 UTC,0.0488,Online + international (typical fraud vector),Model finds this transaction low risk due to online and international (score 0.049),"{""source"": ""transactions_b.csv"", ""channel"": ""Online"", ""tx_type"": ""payment"", ""currency"": ""USD"", ""amount"": 30.93, ""amount_in_usd"": 30.93}",No action (low risk cleared),Pending review,Awaiting investigator
TXN_809564,2026-09-18 12:10:47 UTC,0.0314,No high-risk rules triggered,Model finds this transaction low risk with no strong anomaly indicators (score 0.031),"{""source"": ""transactions_b.csv"", ""channel"": ""Mobile"", ""tx_type"": ""withdrawal"", ""currency"": ""USD"", ""amount"": 19.97, ""amount_in_usd"": 19.97}",No action (low risk cleared),Pending review,Awaiting investigator
TXN_123680,2026-09-18 12:10:47 UTC,0.0226,Weekend transaction,Model finds this transaction low risk due to weekend timing (score 0.023),"{""source"": ""transactions_b.csv"", ""channel"": ""POS"", ""tx_type"": ""purchase"", ""currency"": ""USD"", ""amount"": 25.54, ""amount_in_usd"": 25.54}",No action (low risk cleared),Pending review,Awaiting investigator
TXN_824933,2026-09-18 12:10:47 UTC,0.0460,No high-risk rules triggered,Model finds this transaction low risk with no strong anomaly indicators (score 0.046),"{""source"": ""transactions_b.csv"", ""channel"": ""Online"", ""tx_type"": ""payment"", ""currency"": ""USD"", ""amount"": 26.92, ""amount_in_usd"": 26.92}",No action (low risk cleared),Pending review,Awaiting investigator
TXN_542249,2026-09-18 12:10:47 UTC,0.1270,No high-risk rules triggered,Model finds this transaction low risk with no strong anomaly indicators (score 0.127),"{""source"": ""transactions_b.csv"", ""channel"": ""POS"", ""tx_type"": ""purchase"", ""currency"": ""USD"", ""amount"": 1075.53, ""amount_in_usd"": 1075.53}",No action (low risk cleared),Pending review,Awaiting investigator
TXN_695306,2026-09-18 12:10:47 UTC,0.0697,No high-risk rules triggered,Model finds this transaction low risk with no strong anomaly indicators (score 0.070),"{""source"": ""transactions_b.csv"", ""channel"": ""POS"", ""tx_type"": ""withdrawal"", ""currency"": ""USD"", ""amount"": 3.19, ""amount_in_usd"": 3.19}",No action (low risk cleared),Pending review,Awaiting investigator
TXN_804635,2026-09-18 12:10:47 UTC,0.0347,Weekend transaction,Model finds this transaction low risk due to weekend timing (score 0.035),"{""source"": ""transactions_b.csv"", ""channel"": ""POS"", ""tx_type"": ""purchase"", ""currency"": ""USD"", ""amount"": 30.5, ""amount_in_usd"": 30.5}",No action (low risk cleared),Pending review,Awaiting investigator
TXN_536217,2026-09-18 12:10:47 UTC,0.0475,No high-risk rules triggered,Model finds this transaction low risk with no strong anomaly indicators (score 0.048),"{""source"": ""transactions_b.csv"", ""channel"": ""Branch"", ""tx_type"": ""payment"", ""currency"": ""USD"", ""amount"": 52.11, ""amount_in_usd"": 52.11}",No action (low risk cleared),Pending review,Awaiting investigator
TXN_389901,2026-09-18 12:10:47 UTC,0.0363,Weekend transaction,Model finds this transaction low risk due to weekend timing (score 0.036),"{""source"": ""transactions_b.csv"", ""channel"": ""POS"", ""tx_type"": ""transfer"", ""currency"": ""USD"", ""amount"": 6.2, ""amount_in_usd"": 6.2}",No action (low risk cleared),Pending review,Awaiting investigator
TXN_122127,2026-09-18 12:10:47 UTC,0.0207,No high-risk rules triggered,Model finds this transaction low risk with no strong anomaly indicators (score 0.021),"{""source"": ""transactions_b.csv"", ""channel"": ""Online"", ""tx_type"": ""purchase"", ""currency"": ""USD"", ""amount"": 19.49, ""amount_in_usd"": 19.49}",No action (low risk cleared),Pending review,Awaiting investigator
TXN_701450,2026-09-18 12:10:47 UTC,0.1573,"Unusual hour (night, outside 06:00-22:00); Late-night online purchase",Model finds this transaction low risk due to occurred at night (score 0.157),"{""source"": ""transactions_b.csv"", ""channel"": ""POS"", ""tx_type"": ""withdrawal"", ""currency"": ""USD"", ""amount"": 2.22, ""amount_in_usd"": 2.22}",No action (low risk cleared),Pending review,Awaiting investigator
TXN_959799,2026-09-18 12:10:47 UTC,0.0594,Weekend transaction,Model finds this transaction low risk due to weekend timing (score 0.059),"{""source"": ""transactions_b.csv"", ""channel"": ""Online"", ""tx_type"": ""purchase"", ""currency"": ""USD"", ""amount"": 260.34, ""amount_in_usd"": 260.34}",No action (low risk cleared),Pending review,Awaiting investigator
TXN_321051,2026-09-18 12:10:47 UTC,0.0249,No high-risk rules triggered,Model finds this transaction low risk with no strong anomaly indicators (score 0.025),"{""source"": ""transactions_b.csv"", ""channel"": ""Mobile"", ""tx_type"": ""transfer"", ""currency"": ""USD"", ""amount"": 10.43, ""amount_in_usd"": 10.43}",No action (low risk cleared),Pending review,Awaiting investigator
TXN_186867,2026-09-18 12:10:47 UTC,0.0392,No high-risk rules triggered,Model finds this transaction low risk with no strong anomaly indicators (score 0.039),"{""source"": ""transactions_b.csv"", ""channel"": ""Branch"", ""tx_type"": ""purchase"", ""currency"": ""USD"", ""amount"": 42.81, ""amount_in_usd"": 42.81}",No action (low risk cleared),Pending review,Awaiting investigator
TXN_648530,2026-09-18 12:10:47 UTC,0.1377,Weekend transaction; Online + international (typical fraud vector),"Model finds this transaction low risk due to online and international, weekend timing (score 0.138)","{""source"": ""transactions_b.csv"", ""channel"": ""POS"", ""tx_type"": ""purchase"", ""currency"": ""USD"", ""amount"": 232.94, ""amount_in_usd"": 232.94}",No action (low risk cleared),Pending review,Awaiting investigator
TXN_930356,2026-09-18 12:10:47 UTC,0.0381,Weekend transaction,Model finds this transaction low risk due to weekend timing (score 0.038),"{""source"": ""transactions_b.csv"", ""channel"": ""Mobile"", ""tx_type"": ""payment"", ""currency"": ""USD"", ""amount"": 15.0, ""amount_in_usd"": 15.0}",No action (low risk cleared),Pending review,Awaiting investigator
TXN_336784,2026-09-18 12:10:47 UTC,0.0343,No high-risk rules triggered,Model finds this transaction low risk with no strong anomaly indicators (score 0.034),"{""source"": ""transactions_b.csv"", ""channel"": ""Mobile"", ""tx_type"": ""purchase"", ""currency"": ""USD"", ""amount"": 23.52, ""amount_in_usd"": 23.52}",No action (low risk cleared),Pending review,Awaiting investigator
TXN_486221,2026-09-18 12:10:47 UTC,0.0769,Weekend transaction,Model finds this transaction low risk due to weekend timing (score 0.077),"{""source"": ""transactions_b.csv"", ""channel"": ""POS"", ""tx_type"": ""transfer"", ""currency"": ""USD"", ""amount"": 9.56, ""amount_in_usd"": 9.56}",No action (low risk cleared),Pending review,Awaiting investigator
TXN_618680,2026-09-18 12:10:47 UTC,0.0430,No high-risk rules triggered,Model finds this transaction low risk with no strong anomaly indicators (score 0.043),"{""source"": ""transactions_b.csv"", ""channel"": ""POS"", ""tx_type"": ""purchase"", ""currency"": ""USD"", ""amount"": 40.63, ""amount_in_usd"": 40.63}",No action (low risk cleared),Pending review,Awaiting investigator
TXN_344021,2026-09-18 12:10:47 UTC,0.0620,No high-risk rules triggered,Model finds this transaction low risk with no strong anomaly indicators (score 0.062),"{""source"": ""transactions_b.csv"", ""channel"": ""POS"", ""tx_type"": ""purchase"", ""currency"": ""USD"", ""amount"": 211.99, ""amount_in_usd"": 211.99}",No action (low risk cleared),Pending review,Awaiting investigator
TXN_487106,2026-09-18 12:10:47 UTC,0.0252,No high-risk rules triggered,Model finds this transaction low risk with no strong anomaly indicators (score 0.025),"{""source"": ""transactions_b.csv"", ""channel"": ""Online"", ""tx_type"": ""purchase"", ""currency"": ""USD"", ""amount"": 75.12, ""amount_in_usd"": 75.12}",No action (low risk cleared),Pending review,Awaiting investigator
TXN_909778,2026-09-18 12:10:47 UTC,0.8991,"Unusual hour (night, outside 06:00-22:00); Weekend transaction","Model strongly flags this transaction due to occurred at night, weekend timing (score 0.899)","{""source"": ""transactions_b.csv"", ""channel"": ""Online"", ""tx_type"": ""purchase"", ""currency"": ""USD"", ""amount"": 49.97, ""amount_in_usd"": 49.97}",Flagged for review,Pending review,Awaiting investigator
TXN_813002,2026-09-18 12:10:47 UTC,0.0592,No high-risk rules triggered,Model finds this transaction low risk with no strong anomaly indicators (score 0.059),"{""source"": ""transactions_b.csv"", ""channel"": ""Online"", ""tx_type"": ""purchase"", ""currency"": ""USD"", ""amount"": 104.14, ""amount_in_usd"": 104.14}",No action (low risk cleared),Pending review,Awaiting investigator
TXN_406320,2026-09-18 12:10:47 UTC,0.0502,No high-risk rules triggered,Model finds this transaction low risk with no strong anomaly indicators (score 0.050),"{""source"": ""transactions_b.csv"", ""channel"": ""Mobile"", ""tx_type"": ""purchase"", ""currency"": ""USD"", ""amount"": 9.76, ""amount_in_usd"": 9.76}",No action (low risk cleared),Pending review,Awaiting investigator
TXN_234645,2026-09-18 12:10:47 UTC,0.0230,No high-risk rules triggered,Model finds this transaction low risk with no strong anomaly indicators (score 0.023),"{""source"": ""transactions_b.csv"", ""channel"": ""Mobile"", ""tx_type"": ""transfer"", ""currency"": ""USD"", ""amount"": 80.43, ""amount_in_usd"": 80.43}",No action (low risk cleared),Pending review,Awaiting investigator
TXN_912377,2026-09-18 12:10:47 UTC,0.0197,Weekend transaction,Model finds this transaction low risk due to weekend timing (score 0.020),"{""source"": ""transactions_b.csv"", ""channel"": ""Branch"", ""tx_type"": ""transfer"", ""currency"": ""USD"", ""amount"": 12.59, ""amount_in_usd"": 12.59}",No action (low risk cleared),Pending review,Awaiting investigator
TXN_768990,2026-09-18 12:10:47 UTC,0.0355,Weekend transaction,Model finds this transaction low risk due to weekend timing (score 0.035),"{""source"": ""transactions_b.csv"", ""channel"": ""Online"", ""tx_type"": ""withdrawal"", ""currency"": ""USD"", ""amount"": 24.43, ""amount_in_usd"": 24.43}",No action (low risk cleared),Pending review,Awaiting investigator
TXN_121551,2026-09-18 12:10:47 UTC,0.0366,Weekend transaction,Model finds this transaction low risk due to weekend timing (score 0.037),"{""source"": ""transactions_b.csv"", ""channel"": ""Online"", ""tx_type"": ""purchase"", ""currency"": ""USD"", ""amount"": 177.7, ""amount_in_usd"": 177.7}",No action (low risk cleared),Pending review,Awaiting investigator
TXN_518743,2026-09-18 12:10:47 UTC,0.0561,No high-risk rules triggered,Model finds this transaction low risk with no strong anomaly indicators (score 0.056),"{""source"": ""transactions_b.csv"", ""channel"": ""ATM"", ""tx_type"": ""withdrawal"", ""currency"": ""USD"", ""amount"": 20.72, ""amount_in_usd"": 20.72}",No action (low risk cleared),Pending review,Awaiting investigator
TXN_981146,2026-09-18 12:10:47 UTC,0.0186,No high-risk rules triggered,Model finds this transaction low risk with no strong anomaly indicators (score 0.019),"{""source"": ""transactions_b.csv"", ""channel"": ""Online"", ""tx_type"": ""transfer"", ""currency"": ""USD"", ""amount"": 10.98, ""amount_in_usd"": 10.98}",No action (low risk cleared),Pending review,Awaiting investigator
TXN_325571,2026-09-18 12:10:47 UTC,0.0789,Weekend transaction,Model finds this transaction low risk due to weekend timing (score 0.079),"{""source"": ""transactions_b.csv"", ""channel"": ""ATM"", ""tx_type"": ""withdrawal"", ""currency"": ""USD"", ""amount"": 54.77, ""amount_in_usd"": 54.77}",No action (low risk cleared),Pending review,Awaiting investigator
TXN_549593,2026-09-18 12:10:47 UTC,0.0203,No high-risk rules triggered,Model finds this transaction low risk with no strong anomaly indicators (score 0.020),"{""source"": ""transactions_b.csv"", ""channel"": ""POS"", ""tx_type"": ""withdrawal"", ""currency"": ""USD"", ""amount"": 39.45, ""amount_in_usd"": 39.45}",No action (low risk cleared),Pending review,Awaiting investigator
TXN_477656,2026-09-18 12:10:47 UTC,0.0898,No high-risk rules triggered,Model finds this transaction low risk with no strong anomaly indicators (score 0.090),"{""source"": ""transactions_b.csv"", ""channel"": ""POS"", ""tx_type"": ""transfer"", ""currency"": ""USD"", ""amount"": 13.22, ""amount_in_usd"": 13.22}",No action (low risk cleared),Pending review,Awaiting investigator
TXN_136882,2026-09-18 12:10:47 UTC,0.1109,No high-risk rules triggered,Model finds this transaction low risk with no strong anomaly indicators (score 0.111),"{""source"": ""transactions_b.csv"", ""channel"": ""Mobile"", ""tx_type"": ""purchase"", ""currency"": ""USD"", ""amount"": 620.32, ""amount_in_usd"": 620.32}",No action (low risk cleared),Pending review,Awaiting investigator
TXN_634758,2026-09-18 12:10:47 UTC,0.0452,Weekend transaction,Model finds this transaction low risk due to weekend timing (score 0.045),"{""source"": ""transactions_b.csv"", ""channel"": ""Mobile"", ""tx_type"": ""withdrawal"", ""currency"": ""USD"", ""amount"": 140.98, ""amount_in_usd"": 140.98}",No action (low risk cleared),Pending review,Awaiting investigator
TXN_390707,2026-09-18 12:10:47 UTC,0.1462,"Unusual hour (night, outside 06:00-22:00)",Model finds this transaction low risk due to occurred at night (score 0.146),"{""source"": ""transactions_b.csv"", ""channel"": ""ATM"", ""tx_type"": ""purchase"", ""currency"": ""USD"", ""amount"": 65.78, ""amount_in_usd"": 65.78}",No action (low risk cleared),Pending review,Awaiting investigator
TXN_768374,2026-09-18 12:10:47 UTC,0.0361,No high-risk rules triggered,Model finds this transaction low risk with no strong anomaly indicators (score 0.036),"{""source"": ""transactions_b.csv"", ""channel"": ""ATM"", ""tx_type"": ""withdrawal"", ""currency"": ""USD"", ""amount"": 14.85, ""amount_in_usd"": 14.85}",No action (low risk cleared),Pending review,Awaiting investigator
TXN_505159,2026-09-18 12:10:47 UTC,0.0626,No high-risk rules triggered,Model finds this transaction low risk with no strong anomaly indicators (score 0.063),"{""source"": ""transactions_b.csv"", ""channel"": ""Online"", ""tx_type"": ""withdrawal"", ""currency"": ""USD"", ""amount"": 17.74, ""amount_in_usd"": 17.74}",No action (low risk cleared),Pending review,Awaiting investigator
TXN_699718,2026-09-18 12:10:47 UTC,0.0588,Weekend transaction,Model finds this transaction low risk due to weekend timing (score 0.059),"{""source"": ""transactions_b.csv"", ""channel"": ""POS"", ""tx_type"": ""transfer"", ""currency"": ""USD"", ""amount"": 3.83, ""amount_in_usd"": 3.83}",No action (low risk cleared),Pending review,Awaiting investigator
TXN_138632,2026-09-18 12:10:47 UTC,0.0665,Weekend transaction,Model finds this transaction low risk due to weekend timing (score 0.067),"{""source"": ""transactions_b.csv"", ""channel"": ""ATM"", ""tx_type"": ""withdrawal"", ""currency"": ""USD"", ""amount"": 175.01, ""amount_in_usd"": 175.01}",No action (low risk cleared),Pending review,Awaiting investigator
TXN_928035,2026-09-18 12:10:47 UTC,0.0230,No high-risk rules triggered,Model finds this transaction low risk with no strong anomaly indicators (score 0.023),"{""source"": ""transactions_b.csv"", ""channel"": ""Online"", ""tx_type"": ""purchase"", ""currency"": ""USD"", ""amount"": 9.27, ""amount_in_usd"": 9.27}",No action (low risk cleared),Pending review,Awaiting investigator
TXN_928346,2026-09-18 12:10:48 UTC,0.0479,No high-risk rules triggered,Model finds this transaction low risk with no strong anomaly indicators (score 0.048),"{""source"": ""transactions_b.csv"", ""channel"": ""Online"", ""tx_type"": ""purchase"", ""currency"": ""USD"", ""amount"": 137.13, ""amount_in_usd"": 137.13}",No action (low risk cleared),Pending review,Awaiting investigator
TXN_986329,2026-09-18 12:10:48 UTC,0.0466,No high-risk rules triggered,Model finds this transaction low risk with no strong anomaly indicators (score 0.047),"{""source"": ""transactions_b.csv"", ""channel"": ""Mobile"", ""tx_type"": ""purchase"", ""currency"": ""USD"", ""amount"": 3.23, ""amount_in_usd"": 3.23}",No action (low risk cleared),Pending review,Awaiting investigator
TXN_440905,2026-09-18 12:10:48 UTC,0.0164,Weekend transaction,Model finds this transaction low risk due to weekend timing (score 0.016),"{""source"": ""transactions_b.csv"", ""channel"": ""POS"", ""tx_type"": ""purchase"", ""currency"": ""USD"", ""amount"": 27.39, ""amount_in_usd"": 27.39}",No action (low risk cleared),Pending review,Awaiting investigator
TXN_439174,2026-09-18 12:10:48 UTC,0.2624,"Unusual hour (night, outside 06:00-22:00); Late-night online purchase",Model finds this transaction low risk due to occurred at night (score 0.262),"{""source"": ""transactions_b.csv"", ""channel"": ""Branch"", ""tx_type"": ""withdrawal"", ""currency"": ""USD"", ""amount"": 117.14, ""amount_in_usd"": 117.14}",No action (low risk cleared),Pending review,Awaiting investigator
TXN_304281,2026-09-18 12:10:48 UTC,0.0129,Weekend transaction,Model finds this transaction low risk due to weekend timing (score 0.013),"{""source"": ""transactions_b.csv"", ""channel"": ""Online"", ""tx_type"": ""transfer"", ""currency"": ""USD"", ""amount"": 73.07, ""amount_in_usd"": 73.07}",No action (low risk cleared),Pending review,Awaiting investigator
TXN_360551,2026-09-18 12:10:48 UTC,0.0277,Weekend transaction,Model finds this transaction low risk due to weekend timing (score 0.028),"{""source"": ""transactions_b.csv"", ""channel"": ""Online"", ""tx_type"": ""purchase"", ""currency"": ""USD"", ""amount"": 68.98, ""amount_in_usd"": 68.98}",No action (low risk cleared),Pending review,Awaiting investigator
TXN_488922,2026-09-18 12:10:48 UTC,0.0365,Weekend transaction,Model finds this transaction low risk due to weekend timing (score 0.036),"{""source"": ""transactions_b.csv"", ""channel"": ""Online"", ""tx_type"": ""purchase"", ""currency"": ""USD"", ""amount"": 26.97, ""amount_in_usd"": 26.97}",No action (low risk cleared),Pending review,Awaiting investigator
TXN_323357,2026-09-18 12:10:48 UTC,0.0688,Weekend transaction,Model finds this transaction low risk due to weekend timing (score 0.069),"{""source"": ""transactions_b.csv"", ""channel"": ""ATM"", ""tx_type"": ""purchase"", ""currency"": ""USD"", ""amount"": 224.68, ""amount_in_usd"": 224.68}",No action (low risk cleared),Pending review,Awaiting investigator
TXN_473460,2026-09-18 12:10:48 UTC,0.0843,"Unusual hour (night, outside 06:00-22:00)",Model finds this transaction low risk due to occurred at night (score 0.084),"{""source"": ""transactions_b.csv"", ""channel"": ""Online"", ""tx_type"": ""withdrawal"", ""currency"": ""USD"", ""amount"": 37.05, ""amount_in_usd"": 37.05}",No action (low risk cleared),Pending review,Awaiting investigator
TXN_111703,2026-09-18 12:10:48 UTC,0.0500,No high-risk rules triggered,Model finds this transaction low risk with no strong anomaly indicators (score 0.050),"{""source"": ""transactions_b.csv"", ""channel"": ""Online"", ""tx_type"": ""withdrawal"", ""currency"": ""USD"", ""amount"": 239.31, ""amount_in_usd"": 239.31}",No action (low risk cleared),Pending review,Awaiting investigator
TXN_291063,2026-09-18 12:10:48 UTC,0.0470,Online + international (typical fraud vector),Model finds this transaction low risk due to online and international (score 0.047),"{""source"": ""transactions_b.csv"", ""channel"": ""Online"", ""tx_type"": ""purchase"", ""currency"": ""USD"", ""amount"": 5.89, ""amount_in_usd"": 5.89}",No action (low risk cleared),Pending review,Awaiting investigator
TXN_888061,2026-09-18 12:10:48 UTC,0.0000,No high-risk rules triggered,Model finds this transaction low risk with no strong anomaly indicators (score 0.000),"{""source"": ""transactions_b.csv"", ""channel"": ""Mobile"", ""tx_type"": ""purchase"", ""currency"": ""USD"", ""amount"": 46.17, ""amount_in_usd"": 46.17}",No action (low risk cleared),Pending review,Awaiting investigator
TXN_117403,2026-09-18 12:10:48 UTC,0.0334,No high-risk rules triggered,Model finds this transaction low risk with no strong anomaly indicators (score 0.033),"{""source"": ""transactions_b.csv"", ""channel"": ""POS"", ""tx_type"": ""purchase"", ""currency"": ""USD"", ""amount"": 37.72, ""amount_in_usd"": 37.72}",No action (low risk cleared),Pending review,Awaiting investigator
TXN_454522,2026-09-18 12:10:48 UTC,0.0255,No high-risk rules triggered,Model finds this transaction low risk with no strong anomaly indicators (score 0.025),"{""source"": ""transactions_b.csv"", ""channel"": ""Mobile"", ""tx_type"": ""purchase"", ""currency"": ""USD"", ""amount"": 7.03, ""amount_in_usd"": 7.03}",No action (low risk cleared),Pending review,Awaiting investigator
TXN_209445,2026-09-18 12:10:48 UTC,0.0175,Weekend transaction,Model finds this transaction low risk due to weekend timing (score 0.018),"{""source"": ""transactions_b.csv"", ""channel"": ""Mobile"", ""tx_type"": ""purchase"", ""currency"": ""USD"", ""amount"": 11.9, ""amount_in_usd"": 11.9}",No action (low risk cleared),Pending review,Awaiting investigator
TXN_579362,2026-09-18 12:10:48 UTC,0.0137,No high-risk rules triggered,Model finds this transaction low risk with no strong anomaly indicators (score 0.014),"{""source"": ""transactions_b.csv"", ""channel"": ""Mobile"", ""tx_type"": ""withdrawal"", ""currency"": ""USD"", ""amount"": 34.66, ""amount_in_usd"": 34.66}",No action (low risk cleared),Pending review,Awaiting investigator
TXN_304544,2026-09-18 12:10:48 UTC,0.0435,No high-risk rules triggered,Model finds this transaction low risk with no strong anomaly indicators (score 0.043),"{""source"": ""transactions_b.csv"", ""channel"": ""Online"", ""tx_type"": ""transfer"", ""currency"": ""USD"", ""amount"": 4.19, ""amount_in_usd"": 4.19}",No action (low risk cleared),Pending review,Awaiting investigator
TXN_843880,2026-09-18 12:10:48 UTC,0.0574,Weekend transaction,Model finds this transaction low risk due to weekend timing (score 0.057),"{""source"": ""transactions_b.csv"", ""channel"": ""Online"", ""tx_type"": ""purchase"", ""currency"": ""USD"", ""amount"": 38.98, ""amount_in_usd"": 38.98}",No action (low risk cleared),Pending review,Awaiting investigator
TXN_491837,2026-09-18 12:10:48 UTC,0.0833,Online + international (typical fraud vector); Late-night online purchase,Model finds this transaction low risk due to online and international (score 0.083),"{""source"": ""transactions_b.csv"", ""channel"": ""Online"", ""tx_type"": ""transfer"", ""currency"": ""USD"", ""amount"": 39.48, ""amount_in_usd"": 39.48}",No action (low risk cleared),Pending review,Awaiting investigator
TXN_562135,2026-09-18 12:10:48 UTC,0.0479,No high-risk rules triggered,Model finds this transaction low risk with no strong anomaly indicators (score 0.048),"{""source"": ""transactions_b.csv"", ""channel"": ""POS"", ""tx_type"": ""purchase"", ""currency"": ""USD"", ""amount"": 15.69, ""amount_in_usd"": 15.69}",No action (low risk cleared),Pending review,Awaiting investigator
TXN_327730,2026-09-18 12:10:48 UTC,0.0333,No high-risk rules triggered,Model finds this transaction low risk with no strong anomaly indicators (score 0.033),"{""source"": ""transactions_b.csv"", ""channel"": ""POS"", ""tx_type"": ""payment"", ""currency"": ""USD"", ""amount"": 80.87, ""amount_in_usd"": 80.87}",No action (low risk cleared),Pending review,Awaiting investigator
TXN_669560,2026-09-18 12:10:48 UTC,0.0381,Online + international (typical fraud vector),Model finds this transaction low risk due to online and international (score 0.038),"{""source"": ""transactions_b.csv"", ""channel"": ""Branch"", ""tx_type"": ""transfer"", ""currency"": ""USD"", ""amount"": 21.74, ""amount_in_usd"": 21.74}",No action (low risk cleared),Pending review,Awaiting investigator
TXN_540721,2026-09-18 12:10:48 UTC,0.0514,No high-risk rules triggered,Model finds this transaction low risk with no strong anomaly indicators (score 0.051),"{""source"": ""transactions_b.csv"", ""channel"": ""Online"", ""tx_type"": ""payment"", ""currency"": ""USD"", ""amount"": 63.66, ""amount_in_usd"": 63.66}",No action (low risk cleared),Pending review,Awaiting investigator
TXN_744158,2026-09-18 12:10:48 UTC,0.0378,No high-risk rules triggered,Model finds this transaction low risk with no strong anomaly indicators (score 0.038),"{""source"": ""transactions_b.csv"", ""channel"": ""Online"", ""tx_type"": ""purchase"", ""currency"": ""USD"", ""amount"": 30.0, ""amount_in_usd"": 30.0}",No action (low risk cleared),Pending review,Awaiting investigator
TXN_673249,2026-09-18 12:10:48 UTC,0.0359,Weekend transaction,Model finds this transaction low risk due to weekend timing (score 0.036),"{""source"": ""transactions_b.csv"", ""channel"": ""POS"", ""tx_type"": ""payment"", ""currency"": ""USD"", ""amount"": 13.37, ""amount_in_usd"": 13.37}",No action (low risk cleared),Pending review,Awaiting investigator
TXN_609831,2026-09-18 12:10:48 UTC,0.0243,No high-risk rules triggered,Model finds this transaction low risk with no strong anomaly indicators (score 0.024),"{""source"": ""transactions_b.csv"", ""channel"": ""POS"", ""tx_type"": ""purchase"", ""currency"": ""USD"", ""amount"": 78.36, ""amount_in_usd"": 78.36}",No action (low risk cleared),Pending review,Awaiting investigator
TXN_197273,2026-09-18 12:10:48 UTC,0.0366,No high-risk rules triggered,Model finds this transaction low risk with no strong anomaly indicators (score 0.037),"{""source"": ""transactions_b.csv"", ""channel"": ""Branch"", ""tx_type"": ""purchase"", ""currency"": ""USD"", ""amount"": 124.22, ""amount_in_usd"": 124.22}",No action (low risk cleared),Pending review,Awaiting investigator
TXN_358336,2026-09-18 12:10:48 UTC,0.0219,Weekend transaction,Model finds this transaction low risk due to weekend timing (score 0.022),"{""source"": ""transactions_b.csv"", ""channel"": ""Online"", ""tx_type"": ""transfer"", ""currency"": ""USD"", ""amount"": 10.97, ""amount_in_usd"": 10.97}",No action (low risk cleared),Pending review,Awaiting investigator
TXN_950968,2026-09-18 12:10:48 UTC,0.0625,Weekend transaction; Online + international (typical fraud vector),"Model finds this transaction low risk due to online and international, weekend timing (score 0.062)","{""source"": ""transactions_b.csv"", ""channel"": ""POS"", ""tx_type"": ""transfer"", ""currency"": ""USD"", ""amount"": 53.22, ""amount_in_usd"": 53.22}",No action (low risk cleared),Pending review,Awaiting investigator
TXN_276930,2026-09-18 12:10:48 UTC,0.0353,Weekend transaction,Model finds this transaction low risk due to weekend timing (score 0.035),"{""source"": ""transactions_b.csv"", ""channel"": ""Online"", ""tx_type"": ""withdrawal"", ""currency"": ""USD"", ""amount"": 7.73, ""amount_in_usd"": 7.73}",No action (low risk cleared),Pending review,Awaiting investigator
TXN_586376,2026-09-18 12:10:48 UTC,0.0459,No high-risk rules triggered,Model finds this transaction low risk with no strong anomaly indicators (score 0.046),"{""source"": ""transactions_b.csv"", ""channel"": ""ATM"", ""tx_type"": ""purchase"", ""currency"": ""USD"", ""amount"": 3.68, ""amount_in_usd"": 3.68}",No action (low risk cleared),Pending review,Awaiting investigator
TXN_286122,2026-09-18 12:10:48 UTC,0.0393,Weekend transaction,Model finds this transaction low risk due to weekend timing (score 0.039),"{""source"": ""transactions_b.csv"", ""channel"": ""POS"", ""tx_type"": ""purchase"", ""currency"": ""USD"", ""amount"": 78.75, ""amount_in_usd"": 78.75}",No action (low risk cleared),Pending review,Awaiting investigator
TXN_494719,2026-09-18 12:10:48 UTC,0.0844,Weekend transaction,Model finds this transaction low risk due to weekend timing (score 0.084),"{""source"": ""transactions_b.csv"", ""channel"": ""Mobile"", ""tx_type"": ""purchase"", ""currency"": ""USD"", ""amount"": 144.94, ""amount_in_usd"": 144.94}",No action (low risk cleared),Pending review,Awaiting investigator
TXN_109255,2026-09-18 12:10:48 UTC,0.0635,Weekend transaction,Model finds this transaction low risk due to weekend timing (score 0.064),"{""source"": ""transactions_b.csv"", ""channel"": ""Mobile"", ""tx_type"": ""purchase"", ""currency"": ""USD"", ""amount"": 3.35, ""amount_in_usd"": 3.35}",No action (low risk cleared),Pending review,Awaiting investigator
TXN_507335,2026-09-18 12:10:48 UTC,0.0466,No high-risk rules triggered,Model finds this transaction low risk with no strong anomaly indicators (score 0.047),"{""source"": ""transactions_b.csv"", ""channel"": ""Online"", ""tx_type"": ""payment"", ""currency"": ""USD"", ""amount"": 12.46, ""amount_in_usd"": 12.46}",No action (low risk cleared),Pending review,Awaiting investigator
TXN_860907,2026-09-18 12:10:48 UTC,0.0231,Weekend transaction,Model finds this transaction low risk due to weekend timing (score 0.023),"{""source"": ""transactions_b.csv"", ""channel"": ""Mobile"", ""tx_type"": ""purchase"", ""currency"": ""USD"", ""amount"": 7.78, ""amount_in_usd"": 7.78}",No action (low risk cleared),Pending review,Awaiting investigator
TXN_866241,2026-09-18 12:10:48 UTC,0.0509,Online + international (typical fraud vector),Model finds this transaction low risk due to online and international (score 0.051),"{""source"": ""transactions_b.csv"", ""channel"": ""ATM"", ""tx_type"": ""purchase"", ""currency"": ""USD"", ""amount"": 40.02, ""amount_in_usd"": 40.02}",No action (low risk cleared),Pending review,Awaiting investigator
TXN_746183,2026-09-18 12:10:48 UTC,0.0588,Weekend transaction; Online + international (typical fraud vector),"Model finds this transaction low risk due to online and international, weekend timing (score 0.059)","{""source"": ""transactions_b.csv"", ""channel"": ""POS"", ""tx_type"": ""purchase"", ""currency"": ""USD"", ""amount"": 67.33, ""amount_in_usd"": 67.33}",No action (low risk cleared),Pending review,Awaiting investigator
TXN_971075,2026-09-18 12:10:48 UTC,0.0484,No high-risk rules triggered,Model finds this transaction low risk with no strong anomaly indicators (score 0.048),"{""source"": ""transactions_b.csv"", ""channel"": ""Online"", ""tx_type"": ""purchase"", ""currency"": ""USD"", ""amount"": 221.6, ""amount_in_usd"": 221.6}",No action (low risk cleared),Pending review,Awaiting investigator
TXN_121223,2026-09-18 12:10:48 UTC,0.0343,No high-risk rules triggered,Model finds this transaction low risk with no strong anomaly indicators (score 0.034),"{""source"": ""transactions_b.csv"", ""channel"": ""Online"", ""tx_type"": ""transfer"", ""currency"": ""USD"", ""amount"": 135.98, ""amount_in_usd"": 135.98}",No action (low risk cleared),Pending review,Awaiting investigator
TXN_592973,2026-09-18 12:10:48 UTC,0.0891,Weekend transaction; Online + international (typical fraud vector),"Model finds this transaction low risk due to online and international, weekend timing (score 0.089)","{""source"": ""transactions_b.csv"", ""channel"": ""ATM"", ""tx_type"": ""transfer"", ""currency"": ""USD"", ""amount"": 184.14, ""amount_in_usd"": 184.14}",No action (low risk cleared),Pending review,Awaiting investigator
TXN_175750,2026-09-18 12:10:48 UTC,0.0249,No high-risk rules triggered,Model finds this transaction low risk with no strong anomaly indicators (score 0.025),"{""source"": ""transactions_b.csv"", ""channel"": ""Branch"", ""tx_type"": ""purchase"", ""currency"": ""USD"", ""amount"": 27.92, ""amount_in_usd"": 27.92}",No action (low risk cleared),Pending review,Awaiting investigator
TXN_396233,2026-09-18 12:10:48 UTC,0.0358,No high-risk rules triggered,Model finds this transaction low risk with no strong anomaly indicators (score 0.036),"{""source"": ""transactions_b.csv"", ""channel"": ""Online"", ""tx_type"": ""withdrawal"", ""currency"": ""USD"", ""amount"": 150.23, ""amount_in_usd"": 150.23}",No action (low risk cleared),Pending review,Awaiting investigator
TXN_660931,2026-09-18 12:10:48 UTC,0.8077,No high-risk rules triggered,Model strongly flags this transaction with no strong anomaly indicators (score 0.808),"{""source"": ""transactions_b.csv"", ""channel"": ""Online"", ""tx_type"": ""purchase"", ""currency"": ""USD"", ""amount"": 112.23, ""amount_in_usd"": 112.23}",Flagged for review,Pending review,Awaiting investigator
TXN_704972,2026-09-18 12:10:48 UTC,0.0183,No high-risk rules triggered,Model finds this transaction low risk with no strong anomaly indicators (score 0.018),"{""source"": ""transactions_b.csv"", ""channel"": ""Online"", ""tx_type"": ""purchase"", ""currency"": ""USD"", ""amount"": 12.89, ""amount_in_usd"": 12.89}",No action (low risk cleared),Pending review,Awaiting investigator
TXN_448749,2026-09-18 12:10:48 UTC,0.0263,No high-risk rules triggered,Model finds this transaction low risk with no strong anomaly indicators (score 0.026),"{""source"": ""transactions_b.csv"", ""channel"": ""Branch"", ""tx_type"": ""withdrawal"", ""currency"": ""USD"", ""amount"": 37.79, ""amount_in_usd"": 37.79}",No action (low risk cleared),Pending review,Awaiting investigator
TXN_816457,2026-09-18 12:10:48 UTC,0.0434,No high-risk rules triggered,Model finds this transaction low risk with no strong anomaly indicators (score 0.043),"{""source"": ""transactions_b.csv"", ""channel"": ""Online"", ""tx_type"": ""purchase"", ""currency"": ""USD"", ""amount"": 29.16, ""amount_in_usd"": 29.16}",No action (low risk cleared),Pending review,Awaiting investigator
TXN_237312,2026-09-18 12:10:48 UTC,0.1017,Weekend transaction; Late-night online purchase,Model finds this transaction low risk due to weekend timing (score 0.102),"{""source"": ""transactions_b.csv"", ""channel"": ""Branch"", ""tx_type"": ""purchase"", ""currency"": ""USD"", ""amount"": 6.47, ""amount_in_usd"": 6.47}",No action (low risk cleared),Pending review,Awaiting investigator
TXN_973118,2026-09-18 12:10:48 UTC,0.1405,"Unusual hour (night, outside 06:00-22:00); Weekend transaction","Model finds this transaction low risk due to occurred at night, weekend timing (score 0.141)","{""source"": ""transactions_b.csv"", ""channel"": ""Mobile"", ""tx_type"": ""withdrawal"", ""currency"": ""USD"", ""amount"": 5.11, ""amount_in_usd"": 5.11}",No action (low risk cleared),Pending review,Awaiting investigator
TXN_346185,2026-09-18 12:10:48 UTC,0.0719,Weekend transaction,Model finds this transaction low risk due to weekend timing (score 0.072),"{""source"": ""transactions_b.csv"", ""channel"": ""Online"", ""tx_type"": ""purchase"", ""currency"": ""USD"", ""amount"": 93.47, ""amount_in_usd"": 93.47}",No action (low risk cleared),Pending review,Awaiting investigator
TXN_787580,2026-09-18 12:10:48 UTC,0.0198,Weekend transaction,Model finds this transaction low risk due to weekend timing (score 0.020),"{""source"": ""transactions_b.csv"", ""channel"": ""Online"", ""tx_type"": ""purchase"", ""currency"": ""USD"", ""amount"": 16.77, ""amount_in_usd"": 16.77}",No action (low risk cleared),Pending review,Awaiting investigator
TXN_375378,2026-09-18 12:10:48 UTC,0.0650,Weekend transaction,Model finds this transaction low risk due to weekend timing (score 0.065),"{""source"": ""transactions_b.csv"", ""channel"": ""POS"", ""tx_type"": ""payment"", ""currency"": ""USD"", ""amount"": 196.47, ""amount_in_usd"": 196.47}",No action (low risk cleared),Pending review,Awaiting investigator
TXN_342814,2026-09-18 12:10:48 UTC,0.0162,No high-risk rules triggered,Model finds this transaction low risk with no strong anomaly indicators (score 0.016),"{""source"": ""transactions_b.csv"", ""channel"": ""POS"", ""tx_type"": ""transfer"", ""currency"": ""USD"", ""amount"": 48.22, ""amount_in_usd"": 48.22}",No action (low risk cleared),Pending review,Awaiting investigator
TXN_700422,2026-09-18 12:10:48 UTC,0.0555,No high-risk rules triggered,Model finds this transaction low risk with no strong anomaly indicators (score 0.056),"{""source"": ""transactions_b.csv"", ""channel"": ""Online"", ""tx_type"": ""purchase"", ""currency"": ""USD"", ""amount"": 246.1, ""amount_in_usd"": 246.1}",No action (low risk cleared),Pending review,Awaiting investigator
TXN_606370,2026-09-18 12:10:48 UTC,0.0410,Weekend transaction,Model finds this transaction low risk due to weekend timing (score 0.041),"{""source"": ""transactions_b.csv"", ""channel"": ""POS"", ""tx_type"": ""purchase"", ""currency"": ""USD"", ""amount"": 75.5, ""amount_in_usd"": 75.5}",No action (low risk cleared),Pending review,Awaiting investigator
TXN_907996,2026-09-18 12:10:48 UTC,0.0282,No high-risk rules triggered,Model finds this transaction low risk with no strong anomaly indicators (score 0.028),"{""source"": ""transactions_b.csv"", ""channel"": ""Online"", ""tx_type"": ""withdrawal"", ""currency"": ""USD"", ""amount"": 15.84, ""amount_in_usd"": 15.84}",No action (low risk cleared),Pending review,Awaiting investigator
TXN_403000,2026-09-18 12:10:48 UTC,0.0339,No high-risk rules triggered,Model finds this transaction low risk with no strong anomaly indicators (score 0.034),"{""source"": ""transactions_b.csv"", ""channel"": ""Online"", ""tx_type"": ""withdrawal"", ""currency"": ""USD"", ""amount"": 124.98, ""amount_in_usd"": 124.98}",No action (low risk cleared),Pending review,Awaiting investigator
TXN_933264,2026-09-18 12:10:48 UTC,0.0191,No high-risk rules triggered,Model finds this transaction low risk with no strong anomaly indicators (score 0.019),"{""source"": ""transactions_b.csv"", ""channel"": ""Online"", ""tx_type"": ""withdrawal"", ""currency"": ""USD"", ""amount"": 39.33, ""amount_in_usd"": 39.33}",No action (low risk cleared),Pending review,Awaiting investigator
TXN_356705,2026-09-18 12:10:48 UTC,0.0359,No high-risk rules triggered,Model finds this transaction low risk with no strong anomaly indicators (score 0.036),"{""source"": ""transactions_b.csv"", ""channel"": ""Mobile"", ""tx_type"": ""payment"", ""currency"": ""USD"", ""amount"": 18.06, ""amount_in_usd"": 18.06}",No action (low risk cleared),Pending review,Awaiting investigator
TXN_695420,2026-09-18 12:10:48 UTC,0.0375,No high-risk rules triggered,Model finds this transaction low risk with no strong anomaly indicators (score 0.037),"{""source"": ""transactions_b.csv"", ""channel"": ""Online"", ""tx_type"": ""transfer"", ""currency"": ""USD"", ""amount"": 150.44, ""amount_in_usd"": 150.44}",No action (low risk cleared),Pending review,Awaiting investigator
TXN_116005,2026-09-18 12:10:48 UTC,0.0098,No high-risk rules triggered,Model finds this transaction low risk with no strong anomaly indicators (score 0.010),"{""source"": ""transactions_b.csv"", ""channel"": ""Online"", ""tx_type"": ""purchase"", ""currency"": ""USD"", ""amount"": 78.09, ""amount_in_usd"": 78.09}",No action (low risk cleared),Pending review,Awaiting investigator
TXN_468111,2026-09-18 12:10:48 UTC,0.0453,Weekend transaction,Model finds this transaction low risk due to weekend timing (score 0.045),"{""source"": ""transactions_b.csv"", ""channel"": ""Branch"", ""tx_type"": ""withdrawal"", ""currency"": ""USD"", ""amount"": 109.07, ""amount_in_usd"": 109.07}",No action (low risk cleared),Pending review,Awaiting investigator
TXN_557453,2026-09-18 12:10:48 UTC,0.0162,No high-risk rules triggered,Model finds this transaction low risk with no strong anomaly indicators (score 0.016),"{""source"": ""transactions_b.csv"", ""channel"": ""Mobile"", ""tx_type"": ""purchase"", ""currency"": ""USD"", ""amount"": 26.23, ""amount_in_usd"": 26.23}",No action (low risk cleared),Pending review,Awaiting investigator
TXN_229355,2026-09-18 12:10:48 UTC,0.0369,No high-risk rules triggered,Model finds this transaction low risk with no strong anomaly indicators (score 0.037),"{""source"": ""transactions_b.csv"", ""channel"": ""Mobile"", ""tx_type"": ""purchase"", ""currency"": ""USD"", ""amount"": 32.66, ""amount_in_usd"": 32.66}",No action (low risk cleared),Pending review,Awaiting investigator
TXN_328243,2026-09-18 12:10:48 UTC,0.0466,No high-risk rules triggered,Model finds this transaction low risk with no strong anomaly indicators (score 0.047),"{""source"": ""transactions_b.csv"", ""channel"": ""Mobile"", ""tx_type"": ""withdrawal"", ""currency"": ""USD"", ""amount"": 7.48, ""amount_in_usd"": 7.48}",No action (low risk cleared),Pending review,Awaiting investigator
TXN_641365,2026-09-18 12:10:48 UTC,0.0793,Weekend transaction,Model finds this transaction low risk due to weekend timing (score 0.079),"{""source"": ""transactions_b.csv"", ""channel"": ""ATM"", ""tx_type"": ""payment"", ""currency"": ""USD"", ""amount"": 93.79, ""amount_in_usd"": 93.79}",No action (low risk cleared),Pending review,Awaiting investigator
TXN_590394,2026-09-18 12:10:48 UTC,0.9075,"Unusual hour (night, outside 06:00-22:00); Weekend transaction; Online + international (typical fraud vector); Late-night online purchase","Model strongly flags this transaction due to occurred at night, online and international, weekend timing (score 0.907)","{""source"": ""transactions_b.csv"", ""channel"": ""POS"", ""tx_type"": ""purchase"", ""currency"": ""USD"", ""amount"": 46.39, ""amount_in_usd"": 46.39}",Flagged for review,Pending review,Awaiting investigator
TXN_132028,2026-09-18 12:10:48 UTC,0.0441,No high-risk rules triggered,Model finds this transaction low risk with no strong anomaly indicators (score 0.044),"{""source"": ""transactions_b.csv"", ""channel"": ""POS"", ""tx_type"": ""withdrawal"", ""currency"": ""USD"", ""amount"": 7.01, ""amount_in_usd"": 7.01}",No action (low risk cleared),Pending review,Awaiting investigator
TXN_559456,2026-09-18 12:10:48 UTC,0.0260,Weekend transaction,Model finds this transaction low risk due to weekend timing (score 0.026),"{""source"": ""transactions_b.csv"", ""channel"": ""Online"", ""tx_type"": ""withdrawal"", ""currency"": ""USD"", ""amount"": 19.58, ""amount_in_usd"": 19.58}",No action (low risk cleared),Pending review,Awaiting investigator
TXN_532165,2026-09-18 12:10:48 UTC,0.0259,No high-risk rules triggered,Model finds this transaction low risk with no strong anomaly indicators (score 0.026),"{""source"": ""transactions_b.csv"", ""channel"": ""Online"", ""tx_type"": ""purchase"", ""currency"": ""USD"", ""amount"": 44.91, ""amount_in_usd"": 44.91}",No action (low risk cleared),Pending review,Awaiting investigator
TXN_261327,2026-09-18 12:10:48 UTC,0.0460,No high-risk rules triggered,Model finds this transaction low risk with no strong anomaly indicators (score 0.046),"{""source"": ""transactions_b.csv"", ""channel"": ""POS"", ""tx_type"": ""withdrawal"", ""currency"": ""USD"", ""amount"": 4.21, ""amount_in_usd"": 4.21}",No action (low risk cleared),Pending review,Awaiting investigator
TXN_596064,2026-09-18 12:10:48 UTC,0.0504,No high-risk rules triggered,Model finds this transaction low risk with no strong anomaly indicators (score 0.050),"{""source"": ""transactions_b.csv"", ""channel"": ""Online"", ""tx_type"": ""payment"", ""currency"": ""USD"", ""amount"": 4.29, ""amount_in_usd"": 4.29}",No action (low risk cleared),Pending review,Awaiting investigator
TXN_343617,2026-09-18 12:10:48 UTC,0.0180,No high-risk rules triggered,Model finds this transaction low risk with no strong anomaly indicators (score 0.018),"{""source"": ""transactions_b.csv"", ""channel"": ""Branch"", ""tx_type"": ""purchase"", ""currency"": ""USD"", ""amount"": 13.75, ""amount_in_usd"": 13.75}",No action (low risk cleared),Pending review,Awaiting investigator
TXN_867727,2026-09-18 12:10:48 UTC,0.0084,No high-risk rules triggered,Model finds this transaction low risk with no strong anomaly indicators (score 0.008),"{""source"": ""transactions_b.csv"", ""channel"": ""POS"", ""tx_type"": ""purchase"", ""currency"": ""USD"", ""amount"": 61.3, ""amount_in_usd"": 61.3}",No action (low risk cleared),Pending review,Awaiting investigator
TXN_689186,2026-09-18 12:10:48 UTC,0.0160,No high-risk rules triggered,Model finds this transaction low risk with no strong anomaly indicators (score 0.016),"{""source"": ""transactions_b.csv"", ""channel"": ""Online"", ""tx_type"": ""payment"", ""currency"": ""USD"", ""amount"": 34.49, ""amount_in_usd"": 34.49}",No action (low risk cleared),Pending review,Awaiting investigator
TXN_239915,2026-09-18 12:10:48 UTC,0.0147,No high-risk rules triggered,Model finds this transaction low risk with no strong anomaly indicators (score 0.015),"{""source"": ""transactions_b.csv"", ""channel"": ""POS"", ""tx_type"": ""purchase"", ""currency"": ""USD"", ""amount"": 40.14, ""amount_in_usd"": 40.14}",No action (low risk cleared),Pending review,Awaiting investigator
TXN_877012,2026-09-18 12:10:48 UTC,0.0271,No high-risk rules triggered,Model finds this transaction low risk with no strong anomaly indicators (score 0.027),"{""source"": ""transactions_b.csv"", ""channel"": ""POS"", ""tx_type"": ""withdrawal"", ""currency"": ""USD"", ""amount"": 48.89, ""amount_in_usd"": 48.89}",No action (low risk cleared),Pending review,Awaiting investigator
TXN_410799,2026-09-18 12:10:48 UTC,0.0934,Weekend transaction; Online + international (typical fraud vector),"Model finds this transaction low risk due to online and international, weekend timing (score 0.093)","{""source"": ""transactions_b.csv"", ""channel"": ""POS"", ""tx_type"": ""purchase"", ""currency"": ""USD"", ""amount"": 7.95, ""amount_in_usd"": 7.95}",No action (low risk cleared),Pending review,Awaiting investigator
TXN_374205,2026-09-18 12:10:48 UTC,0.0639,Weekend transaction,Model finds this transaction low risk due to weekend timing (score 0.064),"{""source"": ""transactions_b.csv"", ""channel"": ""ATM"", ""tx_type"": ""purchase"", ""currency"": ""USD"", ""amount"": 6.71, ""amount_in_usd"": 6.71}",No action (low risk cleared),Pending review,Awaiting investigator
TXN_696791,2026-09-18 12:10:48 UTC,0.0547,Weekend transaction,Model finds this transaction low risk due to weekend timing (score 0.055),"{""source"": ""transactions_b.csv"", ""channel"": ""POS"", ""tx_type"": ""purchase"", ""currency"": ""USD"", ""amount"": 8.73, ""amount_in_usd"": 8.73}",No action (low risk cleared),Pending review,Awaiting investigator
TXN_958436,2026-09-18 12:10:48 UTC,0.0792,No high-risk rules triggered,Model finds this transaction low risk with no strong anomaly indicators (score 0.079),"{""source"": ""transactions_b.csv"", ""channel"": ""ATM"", ""tx_type"": ""withdrawal"", ""currency"": ""USD"", ""amount"": 209.58, ""amount_in_usd"": 209.58}",No action (low risk cleared),Pending review,Awaiting investigator
TXN_210282,2026-09-18 12:10:48 UTC,0.0251,No high-risk rules triggered,Model finds this transaction low risk with no strong anomaly indicators (score 0.025),"{""source"": ""transactions_b.csv"", ""channel"": ""ATM"", ""tx_type"": ""transfer"", ""currency"": ""USD"", ""amount"": 13.19, ""amount_in_usd"": 13.19}",No action (low risk cleared),Pending review,Awaiting investigator
TXN_242633,2026-09-18 12:10:48 UTC,0.0514,Online + international (typical fraud vector),Model finds this transaction low risk due to online and international (score 0.051),"{""source"": ""transactions_b.csv"", ""channel"": ""Online"", ""tx_type"": ""purchase"", ""currency"": ""USD"", ""amount"": 15.12, ""amount_in_usd"": 15.12}",No action (low risk cleared),Pending review,Awaiting investigator
TXN_653388,2026-09-18 12:10:48 UTC,0.0667,No high-risk rules triggered,Model finds this transaction low risk with no strong anomaly indicators (score 0.067),"{""source"": ""transactions_b.csv"", ""channel"": ""POS"", ""tx_type"": ""purchase"", ""currency"": ""USD"", ""amount"": 4.11, ""amount_in_usd"": 4.11}",No action (low risk cleared),Pending review,Awaiting investigator
TXN_697489,2026-09-18 12:10:48 UTC,0.0874,No high-risk rules triggered,Model finds this transaction low risk with no strong anomaly indicators (score 0.087),"{""source"": ""transactions_b.csv"", ""channel"": ""Mobile"", ""tx_type"": ""withdrawal"", ""currency"": ""USD"", ""amount"": 107.96, ""amount_in_usd"": 107.96}",No action (low risk cleared),Pending review,Awaiting investigator
TXN_132705,2026-09-18 12:10:48 UTC,0.0323,No high-risk rules triggered,Model finds this transaction low risk with no strong anomaly indicators (score 0.032),"{""source"": ""transactions_b.csv"", ""channel"": ""POS"", ""tx_type"": ""purchase"", ""currency"": ""USD"", ""amount"": 111.64, ""amount_in_usd"": 111.64}",No action (low risk cleared),Pending review,Awaiting investigator
TXN_436784,2026-09-18 12:10:48 UTC,0.0696,No high-risk rules triggered,Model finds this transaction low risk with no strong anomaly indicators (score 0.070),"{""source"": ""transactions_b.csv"", ""channel"": ""ATM"", ""tx_type"": ""payment"", ""currency"": ""USD"", ""amount"": 120.63, ""amount_in_usd"": 120.63}",No action (low risk cleared),Pending review,Awaiting investigator
TXN_997937,2026-09-18 12:10:48 UTC,0.1031,No high-risk rules triggered,Model finds this transaction low risk with no strong anomaly indicators (score 0.103),"{""source"": ""transactions_b.csv"", ""channel"": ""Online"", ""tx_type"": ""withdrawal"", ""currency"": ""USD"", ""amount"": 405.79, ""amount_in_usd"": 405.79}",No action (low risk cleared),Pending review,Awaiting investigator
TXN_362828,2026-09-18 12:10:48 UTC,0.0325,No high-risk rules triggered,Model finds this transaction low risk with no strong anomaly indicators (score 0.033),"{""source"": ""transactions_b.csv"", ""channel"": ""POS"", ""tx_type"": ""purchase"", ""currency"": ""USD"", ""amount"": 101.61, ""amount_in_usd"": 101.61}",No action (low risk cleared),Pending review,Awaiting investigator
TXN_133825,2026-09-18 12:10:48 UTC,0.0405,No high-risk rules triggered,Model finds this transaction low risk with no strong anomaly indicators (score 0.041),"{""source"": ""transactions_b.csv"", ""channel"": ""POS"", ""tx_type"": ""withdrawal"", ""currency"": ""USD"", ""amount"": 19.35, ""amount_in_usd"": 19.35}",No action (low risk cleared),Pending review,Awaiting investigator
TXN_407356,2026-09-18 12:10:48 UTC,0.0164,Weekend transaction,Model finds this transaction low risk due to weekend timing (score 0.016),"{""source"": ""transactions_b.csv"", ""channel"": ""Branch"", ""tx_type"": ""purchase"", ""currency"": ""USD"", ""amount"": 28.89, ""amount_in_usd"": 28.89}",No action (low risk cleared),Pending review,Awaiting investigator
TXN_207790,2026-09-18 12:10:48 UTC,0.9657,"Amount exceeds 150% of available balance; Unusual hour (night, outside 06:00-22:00); Transaction drove balance negative","Model strongly flags this transaction due to amount far exceeds balance, occurred at night, left balance negative (score 0.966)","{""source"": ""transactions_b.csv"", ""channel"": ""POS"", ""tx_type"": ""withdrawal"", ""currency"": ""USD"", ""amount"": 1475.81, ""amount_in_usd"": 1475.81}",Flagged for review,Pending review,Awaiting investigator
TXN_222620,2026-09-18 12:10:48 UTC,0.0388,Weekend transaction,Model finds this transaction low risk due to weekend timing (score 0.039),"{""source"": ""transactions_b.csv"", ""channel"": ""Online"", ""tx_type"": ""purchase"", ""currency"": ""USD"", ""amount"": 60.02, ""amount_in_usd"": 60.02}",No action (low risk cleared),Pending review,Awaiting investigator
TXN_950663,2026-09-18 12:10:48 UTC,0.0354,No high-risk rules triggered,Model finds this transaction low risk with no strong anomaly indicators (score 0.035),"{""source"": ""transactions_b.csv"", ""channel"": ""Online"", ""tx_type"": ""withdrawal"", ""currency"": ""USD"", ""amount"": 12.04, ""amount_in_usd"": 12.04}",No action (low risk cleared),Pending review,Awaiting investigator
TXN_351778,2026-09-18 12:10:48 UTC,0.0813,Online + international (typical fraud vector),Model finds this transaction low risk due to online and international (score 0.081),"{""source"": ""transactions_b.csv"", ""channel"": ""Mobile"", ""tx_type"": ""purchase"", ""currency"": ""USD"", ""amount"": 125.83, ""amount_in_usd"": 125.83}",No action (low risk cleared),Pending review,Awaiting investigator
TXN_877163,2026-09-18 12:10:48 UTC,0.0413,Weekend transaction,Model finds this transaction low risk due to weekend timing (score 0.041),"{""source"": ""transactions_b.csv"", ""channel"": ""Online"", ""tx_type"": ""purchase"", ""currency"": ""USD"", ""amount"": 77.54, ""amount_in_usd"": 77.54}",No action (low risk cleared),Pending review,Awaiting investigator
TXN_915690,2026-09-18 12:10:48 UTC,0.1744,Weekend transaction; Late-night online purchase,Model finds this transaction low risk due to weekend timing (score 0.174),"{""source"": ""transactions_b.csv"", ""channel"": ""POS"", ""tx_type"": ""purchase"", ""currency"": ""USD"", ""amount"": 94.12, ""amount_in_usd"": 94.12}",No action (low risk cleared),Pending review,Awaiting investigator
TXN_241582,2026-09-18 12:10:48 UTC,0.0037,No high-risk rules triggered,Model finds this transaction low risk with no strong anomaly indicators (score 0.004),"{""source"": ""transactions_b.csv"", ""channel"": ""POS"", ""tx_type"": ""purchase"", ""currency"": ""USD"", ""amount"": 65.18, ""amount_in_usd"": 65.18}",No action (low risk cleared),Pending review,Awaiting investigator
TXN_817790,2026-09-18 12:10:48 UTC,0.0094,No high-risk rules triggered,Model finds this transaction low risk with no strong anomaly indicators (score 0.009),"{""source"": ""transactions_b.csv"", ""channel"": ""Branch"", ""tx_type"": ""purchase"", ""currency"": ""USD"", ""amount"": 10.43, ""amount_in_usd"": 10.43}",No action (low risk cleared),Pending review,Awaiting investigator
TXN_822726,2026-09-18 12:10:48 UTC,0.0538,Weekend transaction,Model finds this transaction low risk due to weekend timing (score 0.054),"{""source"": ""transactions_b.csv"", ""channel"": ""Branch"", ""tx_type"": ""purchase"", ""currency"": ""USD"", ""amount"": 15.73, ""amount_in_usd"": 15.73}",No action (low risk cleared),Pending review,Awaiting investigator
TXN_822586,2026-09-18 12:10:48 UTC,0.0461,No high-risk rules triggered,Model finds this transaction low risk with no strong anomaly indicators (score 0.046),"{""source"": ""transactions_b.csv"", ""channel"": ""POS"", ""tx_type"": ""payment"", ""currency"": ""USD"", ""amount"": 67.93, ""amount_in_usd"": 67.93}",No action (low risk cleared),Pending review,Awaiting investigator
TXN_663587,2026-09-18 12:10:48 UTC,0.0186,No high-risk rules triggered,Model finds this transaction low risk with no strong anomaly indicators (score 0.019),"{""source"": ""transactions_b.csv"", ""channel"": ""POS"", ""tx_type"": ""transfer"", ""currency"": ""USD"", ""amount"": 70.27, ""amount_in_usd"": 70.27}",No action (low risk cleared),Pending review,Awaiting investigator
TXN_342909,2026-09-18 12:10:48 UTC,0.0349,No high-risk rules triggered,Model finds this transaction low risk with no strong anomaly indicators (score 0.035),"{""source"": ""transactions_b.csv"", ""channel"": ""Mobile"", ""tx_type"": ""purchase"", ""currency"": ""USD"", ""amount"": 108.06, ""amount_in_usd"": 108.06}",No action (low risk cleared),Pending review,Awaiting investigator
TXN_914313,2026-09-18 12:10:48 UTC,0.0288,Weekend transaction,Model finds this transaction low risk due to weekend timing (score 0.029),"{""source"": ""transactions_b.csv"", ""channel"": ""POS"", ""tx_type"": ""purchase"", ""currency"": ""USD"", ""amount"": 31.32, ""amount_in_usd"": 31.32}",No action (low risk cleared),Pending review,Awaiting investigator
TXN_742635,2026-09-18 12:10:48 UTC,0.0944,No high-risk rules triggered,Model finds this transaction low risk with no strong anomaly indicators (score 0.094),"{""source"": ""transactions_b.csv"", ""channel"": ""ATM"", ""tx_type"": ""payment"", ""currency"": ""USD"", ""amount"": 4.07, ""amount_in_usd"": 4.07}",No action (low risk cleared),Pending review,Awaiting investigator
TXN_650253,2026-09-18 12:10:48 UTC,0.0102,No high-risk rules triggered,Model finds this transaction low risk with no strong anomaly indicators (score 0.010),"{""source"": ""transactions_b.csv"", ""channel"": ""Mobile"", ""tx_type"": ""purchase"", ""currency"": ""USD"", ""amount"": 84.89, ""amount_in_usd"": 84.89}",No action (low risk cleared),Pending review,Awaiting investigator
TXN_496133,2026-09-18 12:10:48 UTC,0.0327,No high-risk rules triggered,Model finds this transaction low risk with no strong anomaly indicators (score 0.033),"{""source"": ""transactions_b.csv"", ""channel"": ""ATM"", ""tx_type"": ""purchase"", ""currency"": ""USD"", ""amount"": 59.52, ""amount_in_usd"": 59.52}",No action (low risk cleared),Pending review,Awaiting investigator
TXN_785557,2026-09-18 12:10:48 UTC,0.0347,No high-risk rules triggered,Model finds this transaction low risk with no strong anomaly indicators (score 0.035),"{""source"": ""transactions_b.csv"", ""channel"": ""Branch"", ""tx_type"": ""withdrawal"", ""currency"": ""USD"", ""amount"": 19.95, ""amount_in_usd"": 19.95}",No action (low risk cleared),Pending review,Awaiting investigator
TXN_667724,2026-09-18 12:10:48 UTC,0.0494,No high-risk rules triggered,Model finds this transaction low risk with no strong anomaly indicators (score 0.049),"{""source"": ""transactions_b.csv"", ""channel"": ""Online"", ""tx_type"": ""transfer"", ""currency"": ""USD"", ""amount"": 76.29, ""amount_in_usd"": 76.29}",No action (low risk cleared),Pending review,Awaiting investigator
TXN_108233,2026-09-18 12:10:48 UTC,0.0372,No high-risk rules triggered,Model finds this transaction low risk with no strong anomaly indicators (score 0.037),"{""source"": ""transactions_b.csv"", ""channel"": ""Mobile"", ""tx_type"": ""payment"", ""currency"": ""USD"", ""amount"": 111.88, ""amount_in_usd"": 111.88}",No action (low risk cleared),Pending review,Awaiting investigator
TXN_264606,2026-09-18 12:10:48 UTC,0.0606,No high-risk rules triggered,Model finds this transaction low risk with no strong anomaly indicators (score 0.061),"{""source"": ""transactions_b.csv"", ""channel"": ""Mobile"", ""tx_type"": ""purchase"", ""currency"": ""USD"", ""amount"": 54.69, ""amount_in_usd"": 54.69}",No action (low risk cleared),Pending review,Awaiting investigator
TXN_672047,2026-09-18 12:10:48 UTC,0.0659,No high-risk rules triggered,Model finds this transaction low risk with no strong anomaly indicators (score 0.066),"{""source"": ""transactions_b.csv"", ""channel"": ""Mobile"", ""tx_type"": ""purchase"", ""currency"": ""USD"", ""amount"": 2.36, ""amount_in_usd"": 2.36}",No action (low risk cleared),Pending review,Awaiting investigator
TXN_162585,2026-09-18 12:10:48 UTC,0.0746,No high-risk rules triggered,Model finds this transaction low risk with no strong anomaly indicators (score 0.075),"{""source"": ""transactions_b.csv"", ""channel"": ""POS"", ""tx_type"": ""payment"", ""currency"": ""USD"", ""amount"": 3.13, ""amount_in_usd"": 3.13}",No action (low risk cleared),Pending review,Awaiting investigator
TXN_630789,2026-09-18 12:10:48 UTC,0.0366,Weekend transaction,Model finds this transaction low risk due to weekend timing (score 0.037),"{""source"": ""transactions_b.csv"", ""channel"": ""Mobile"", ""tx_type"": ""transfer"", ""currency"": ""USD"", ""amount"": 142.77, ""amount_in_usd"": 142.77}",No action (low risk cleared),Pending review,Awaiting investigator
TXN_420121,2026-09-18 12:10:48 UTC,0.0330,No high-risk rules triggered,Model finds this transaction low risk with no strong anomaly indicators (score 0.033),"{""source"": ""transactions_b.csv"", ""channel"": ""POS"", ""tx_type"": ""purchase"", ""currency"": ""USD"", ""amount"": 53.8, ""amount_in_usd"": 53.8}",No action (low risk cleared),Pending review,Awaiting investigator
TXN_828206,2026-09-18 12:10:48 UTC,0.0424,Weekend transaction,Model finds this transaction low risk due to weekend timing (score 0.042),"{""source"": ""transactions_b.csv"", ""channel"": ""Online"", ""tx_type"": ""purchase"", ""currency"": ""USD"", ""amount"": 44.57, ""amount_in_usd"": 44.57}",No action (low risk cleared),Pending review,Awaiting investigator
TXN_230394,2026-09-18 12:10:48 UTC,0.1028,No high-risk rules triggered,Model finds this transaction low risk with no strong anomaly indicators (score 0.103),"{""source"": ""transactions_b.csv"", ""channel"": ""ATM"", ""tx_type"": ""purchase"", ""currency"": ""USD"", ""amount"": 320.36, ""amount_in_usd"": 320.36}",No action (low risk cleared),Pending review,Awaiting investigator
TXN_825649,2026-09-18 12:10:48 UTC,0.0229,No high-risk rules triggered,Model finds this transaction low risk with no strong anomaly indicators (score 0.023),"{""source"": ""transactions_b.csv"", ""channel"": ""Online"", ""tx_type"": ""purchase"", ""currency"": ""USD"", ""amount"": 24.84, ""amount_in_usd"": 24.84}",No action (low risk cleared),Pending review,Awaiting investigator
TXN_490086,2026-09-18 12:10:48 UTC,0.0654,No high-risk rules triggered,Model finds this transaction low risk with no strong anomaly indicators (score 0.065),"{""source"": ""transactions_b.csv"", ""channel"": ""ATM"", ""tx_type"": ""purchase"", ""currency"": ""USD"", ""amount"": 3.4, ""amount_in_usd"": 3.4}",No action (low risk cleared),Pending review,Awaiting investigator
TXN_513565,2026-09-18 12:10:48 UTC,0.0313,No high-risk rules triggered,Model finds this transaction low risk with no strong anomaly indicators (score 0.031),"{""source"": ""transactions_b.csv"", ""channel"": ""ATM"", ""tx_type"": ""transfer"", ""currency"": ""USD"", ""amount"": 17.03, ""amount_in_usd"": 17.03}",No action (low risk cleared),Pending review,Awaiting investigator
TXN_701233,2026-09-18 12:10:48 UTC,0.0138,No high-risk rules triggered,Model finds this transaction low risk with no strong anomaly indicators (score 0.014),"{""source"": ""transactions_b.csv"", ""channel"": ""Branch"", ""tx_type"": ""transfer"", ""currency"": ""USD"", ""amount"": 56.48, ""amount_in_usd"": 56.48}",No action (low risk cleared),Pending review,Awaiting investigator
MANUAL_001,2026-09-18 12:11:04 UTC,0.0023,No high-risk rules triggered,Model finds this transaction low risk with no strong anomaly indicators (score 0.002),"{""source"": ""Manual entry"", ""channel"": ""ATM"", ""tx_type"": ""purchase"", ""currency"": ""USD"", ""amount"": 150.0, ""amount_in_usd"": 150.0}",No action (low risk cleared),Pending review,Awaiting investigator
